date,airline_id,route_id,scheduled,flown,cancelled,dep_on_time,arr_on_time,dep_delayed,arr_delayed
2023-01-01,2,2,32,30,2,20,21,10,9
2023-01-01,2,6,31,31,0,25,25,6,6
2023-01-01,2,7,111,103,8,54,64,49,39
2023-01-01,2,8,31,29,2,26,28,3,1
2023-01-01,2,10,122,108,14,91,87,17,21
2023-01-01,2,15,91,90,1,71,62,19,28
2023-01-01,2,16,32,30,2,18,17,12,13
2023-01-01,2,17,89,85,4,60,63,25,22
2023-01-01,2,18,30,30,0,27,27,3,3
2023-01-01,2,19,24,24,0,15,19,9,5
2023-01-01,2,23,31,31,0,22,24,9,7
2023-01-01,2,24,31,31,0,16,15,15,16
2023-01-01,2,25,30,30,0,23,25,7,5
2023-01-01,2,26,164,142,22,91,98,51,44
2023-01-01,2,28,60,60,0,47,48,13,12
2023-01-01,2,29,25,24,1,12,20,12,4
2023-01-01,2,30,37,33,4,25,26,8,7
2023-01-01,2,32,170,145,25,95,99,50,46
2023-01-01,2,33,50,49,1,40,40,9,9
2023-01-01,2,36,89,86,3,60,54,26,32
2023-01-01,2,37,95,91,4,47,52,44,39
2023-01-01,2,38,95,88,7,59,71,29,17
2023-01-01,2,41,31,31,0,24,24,7,7
2023-01-01,2,42,17,17,0,9,10,8,7
2023-01-01,2,43,31,29,2,9,12,20,17
2023-01-01,2,47,23,23,0,13,11,10,12
2023-01-01,2,48,24,24,0,9,7,15,17
2023-01-01,2,50,24,24,0,11,15,13,9
2023-01-01,2,55,31,31,0,22,23,9,8
2023-01-01,2,56,17,17,0,8,10,9,7
2023-01-01,2,57,227,202,25,118,120,84,82
2023-01-01,2,58,294,266,28,196,187,70,79
2023-01-01,2,60,26,26,0,7,7,19,19
2023-01-01,2,61,31,31,0,21,21,10,10
2023-01-01,2,62,211,188,23,94,104,94,84
2023-01-01,2,63,94,92,2,69,71,23,21
2023-01-01,2,66,31,31,0,10,14,21,17
2023-01-01,2,67,151,138,13,67,78,71,60
2023-01-01,2,68,72,70,2,53,52,17,18
2023-01-01,2,69,31,31,0,22,21,9,10
2023-01-01,2,70,111,103,8,54,54,49,49
2023-01-01,2,72,163,141,22,67,72,74,69
2023-01-01,2,73,95,91,4,52,58,39,33
2023-01-01,2,74,31,29,2,10,10,19,19
2023-01-01,2,75,25,25,0,10,11,15,14
2023-01-01,2,77,227,202,25,97,99,105,103
2023-01-01,2,78,211,190,21,97,96,93,94
2023-01-01,2,79,148,135,13,79,77,56,58
2023-01-01,2,81,60,59,1,39,36,20,23
2023-01-01,2,82,75,68,7,35,35,33,33
2023-01-01,2,83,73,68,5,50,47,18,21
2023-01-01,2,84,401,344,57,214,216,130,128
2023-01-01,2,87,60,60,0,46,45,14,15
2023-01-01,2,88,61,60,1,39,41,21,19
2023-01-01,2,90,32,30,2,25,22,5,8
2023-01-01,2,91,25,23,2,13,12,10,11
2023-01-01,2,96,76,67,9,11,21,56,46
2023-01-01,2,99,44,42,2,14,27,28,15
2023-01-01,2,103,36,32,4,22,22,10,10
2023-01-01,2,105,73,68,5,44,45,24,23
2023-01-01,2,106,100,89,11,63,54,26,35
2023-01-01,2,107,121,109,12,83,87,26,22
2023-01-01,2,110,91,90,1,75,78,15,12
2023-01-01,2,111,171,145,26,91,96,54,49
2023-01-01,2,112,93,88,5,64,65,24,23
2023-01-01,2,115,24,24,0,11,14,13,10
2023-01-01,2,117,293,267,26,191,191,76,76
2023-01-01,2,118,26,26,0,13,15,13,11
2023-01-01,2,119,94,92,2,69,78,23,14
2023-01-01,2,120,73,73,0,54,54,19,19
2023-01-01,2,121,397,343,54,204,224,139,119
2023-01-01,2,122,45,44,1,25,31,19,13
2023-01-01,2,124,100,90,10,71,68,19,22
2023-01-01,2,126,50,49,1,41,39,8,10
2023-01-01,3,2,9,9,0,8,8,1,1
2023-01-01,3,7,227,222,5,177,172,45,50
2023-01-01,3,8,108,108,0,93,96,15,12
2023-01-01,3,10,195,194,1,141,159,53,35
2023-01-01,3,16,9,9,0,7,7,2,2
2023-01-01,3,17,119,119,0,114,116,5,3
2023-01-01,3,18,26,26,0,25,26,1,0
2023-01-01,3,19,6,6,0,5,5,1,1
2023-01-01,3,22,22,22,0,21,21,1,1
2023-01-01,3,25,110,109,1,98,97,11,12
2023-01-01,3,26,337,332,5,287,271,45,61
2023-01-01,3,27,25,25,0,25,25,0,0
2023-01-01,3,29,168,167,1,137,140,30,27
2023-01-01,3,32,443,429,14,367,357,62,72
2023-01-01,3,33,102,102,0,92,95,10,7
2023-01-01,3,36,118,118,0,112,111,6,7
2023-01-01,3,37,42,42,0,36,36,6,6
2023-01-01,3,38,62,62,0,48,45,14,17
2023-01-01,3,41,26,26,0,26,26,0,0
2023-01-01,3,47,6,5,1,4,4,1,1
2023-01-01,3,48,26,26,0,25,24,1,2
2023-01-01,3,49,21,21,0,15,16,6,5
2023-01-01,3,50,31,31,0,25,23,6,8
2023-01-01,3,57,76,76,0,57,58,19,18
2023-01-01,3,58,99,99,0,79,67,20,32
2023-01-01,3,59,22,22,0,16,18,6,4
2023-01-01,3,60,31,31,0,21,22,10,9
2023-01-01,3,62,28,27,1,20,20,7,7
2023-01-01,3,63,36,36,0,26,29,10,7
2023-01-01,3,64,27,27,0,26,26,1,1
2023-01-01,3,65,27,26,1,22,21,4,5
2023-01-01,3,69,110,109,1,94,96,15,13
2023-01-01,3,70,228,226,2,186,186,40,40
2023-01-01,3,72,336,330,6,265,274,65,56
2023-01-01,3,73,42,42,0,35,36,7,6
2023-01-01,3,75,25,25,0,14,17,11,8
2023-01-01,3,77,75,75,0,60,62,15,13
2023-01-01,3,78,28,27,1,22,22,5,5
2023-01-01,3,82,238,237,1,171,162,66,75
2023-01-01,3,83,32,30,2,25,25,5,5
2023-01-01,3,84,651,605,46,500,467,105,138
2023-01-01,3,86,25,25,0,24,24,1,1
2023-01-01,3,89,14,13,1,10,10,3,3
2023-01-01,3,90,108,108,0,81,87,27,21
2023-01-01,3,91,166,165,1,139,149,26,16
2023-01-01,3,93,21,21,0,15,14,6,7
2023-01-01,3,94,27,27,0,26,26,1,1
2023-01-01,3,95,27,26,1,26,24,0,2
2023-01-01,3,96,237,234,3,143,171,91,63
2023-01-01,3,97,14,13,1,12,11,1,2
2023-01-01,3,98,35,35,0,22,21,13,14
2023-01-01,3,99,196,195,1,129,144,66,51
2023-01-01,3,100,35,33,2,22,22,11,11
2023-01-01,3,105,32,30,2,22,22,8,8
2023-01-01,3,106,48,46,2,38,39,8,7
2023-01-01,3,107,195,194,1,142,148,52,46
2023-01-01,3,111,448,433,15,311,319,122,114
2023-01-01,3,112,62,62,0,43,45,19,17
2023-01-01,3,115,31,31,0,22,24,9,7
2023-01-01,3,117,99,99,0,81,82,18,17
2023-01-01,3,118,31,31,0,27,27,4,4
2023-01-01,3,119,36,36,0,32,33,4,3
2023-01-01,3,121,652,607,45,457,474,150,133
2023-01-01,3,122,199,197,2,112,105,85,92
2023-01-01,3,124,48,46,2,35,39,11,7
2023-01-01,3,126,101,100,1,93,93,7,7
2023-01-01,4,1,38,38,0,32,29,6,9
2023-01-01,4,2,152,152,0,105,119,47,33
2023-01-01,4,4,57,57,0,55,54,2,3
2023-01-01,4,7,13,12,1,12,10,0,2
2023-01-01,4,9,138,134,4,126,128,8,6
2023-01-01,4,11,93,89,4,78,78,11,11
2023-01-01,4,12,39,38,1,25,26,13,12
2023-01-01,4,13,97,90,7,77,73,13,17
2023-01-01,4,15,97,92,5,78,78,14,14
2023-01-01,4,16,153,153,0,116,100,37,53
2023-01-01,4,17,4,4,0,3,4,1,0
2023-01-01,4,18,115,114,1,97,86,17,28
2023-01-01,4,19,42,42,0,15,24,27,18
2023-01-01,4,20,117,114,3,100,98,14,16
2023-01-01,4,21,137,129,8,99,103,30,26
2023-01-01,4,23,30,30,0,28,29,2,1
2023-01-01,4,25,8,8,0,7,6,1,2
2023-01-01,4,27,29,27,2,21,22,6,5
2023-01-01,4,28,113,103,10,83,84,20,19
2023-01-01,4,30,24,22,2,19,19,3,3
2023-01-01,4,31,173,168,5,155,145,13,23
2023-01-01,4,33,18,18,0,14,14,4,4
2023-01-01,4,34,80,73,7,50,50,23,23
2023-01-01,4,36,5,5,0,5,4,0,1
2023-01-01,4,39,153,148,5,137,136,11,12
2023-01-01,4,40,56,56,0,49,46,7,10
2023-01-01,4,41,115,114,1,103,103,11,11
2023-01-01,4,43,194,187,7,149,146,38,41
2023-01-01,4,44,303,269,34,220,213,49,56
2023-01-01,4,45,114,114,0,99,93,15,21
2023-01-01,4,47,42,42,0,41,37,1,5
2023-01-01,4,49,10,10,0,2,3,8,7
2023-01-01,4,52,105,101,4,93,94,8,7
2023-01-01,4,53,117,114,3,95,95,19,19
2023-01-01,4,54,137,129,8,107,108,22,21
2023-01-01,4,57,9,9,0,7,7,2,2
2023-01-01,4,58,35,34,1,27,24,7,10
2023-01-01,4,61,30,30,0,23,22,7,8
2023-01-01,4,62,95,93,2,72,71,21,22
2023-01-01,4,63,47,47,0,32,30,15,17
2023-01-01,4,64,46,45,1,35,36,10,9
2023-01-01,4,65,109,109,0,87,87,22,22
2023-01-01,4,67,117,110,7,89,91,21,19
2023-01-01,4,68,31,30,1,26,27,4,3
2023-01-01,4,69,12,12,0,9,9,3,3
2023-01-01,4,70,13,12,1,10,5,2,7
2023-01-01,4,74,193,188,5,161,155,27,33
2023-01-01,4,77,9,9,0,8,7,1,2
2023-01-01,4,78,95,93,2,74,75,19,18
2023-01-01,4,79,117,111,6,96,93,15,18
2023-01-01,4,80,96,92,4,70,68,22,24
2023-01-01,4,81,53,53,0,45,41,8,12
2023-01-01,4,83,32,32,0,26,23,6,9
2023-01-01,4,85,96,92,4,63,51,29,41
2023-01-01,4,86,29,26,3,22,20,4,6
2023-01-01,4,87,111,101,10,88,91,13,10
2023-01-01,4,88,53,52,1,40,34,12,18
2023-01-01,4,89,96,93,3,67,61,26,32
2023-01-01,4,92,79,73,6,54,57,19,16
2023-01-01,4,93,10,10,0,6,3,4,7
2023-01-01,4,94,46,45,1,35,34,10,11
2023-01-01,4,95,115,115,0,84,85,31,30
2023-01-01,4,97,95,93,2,69,70,24,23
2023-01-01,4,98,88,88,0,75,75,13,13
2023-01-01,4,100,90,88,2,63,64,25,24
2023-01-01,4,101,137,133,4,126,126,7,7
2023-01-01,4,102,109,108,1,92,93,16,15
2023-01-01,4,103,24,22,2,17,16,5,6
2023-01-01,4,104,172,166,6,148,147,18,19
2023-01-01,4,105,32,31,1,21,22,10,9
2023-01-01,4,106,66,64,2,54,54,10,10
2023-01-01,4,108,94,91,3,76,82,15,9
2023-01-01,4,109,98,92,6,72,79,20,13
2023-01-01,4,110,98,92,6,69,79,23,13
2023-01-01,4,113,302,274,28,219,220,55,54
2023-01-01,4,114,115,115,0,96,99,19,16
2023-01-01,4,116,106,103,3,81,91,22,12
2023-01-01,4,117,35,34,1,30,29,4,5
2023-01-01,4,119,48,48,0,29,36,19,12
2023-01-01,4,120,31,31,0,28,29,3,2
2023-01-01,4,123,110,109,1,91,95,18,14
2023-01-01,4,124,67,66,1,53,51,13,15
2023-01-01,4,125,99,95,4,81,80,14,15
2023-01-01,4,126,18,18,0,12,10,6,8
2023-01-01,4,127,153,147,6,128,133,19,14
2023-01-01,4,128,98,92,6,82,83,10,9
2023-01-01,5,7,57,57,0,49,49,8,8
2023-01-01,5,9,151,146,5,139,133,7,13
2023-01-01,5,11,82,80,2,68,67,12,13
2023-01-01,5,13,38,38,0,31,30,7,8
2023-01-01,5,26,64,64,0,49,46,15,18
2023-01-01,5,32,144,143,1,112,111,31,32
2023-01-01,5,39,13,12,1,10,11,2,1
2023-01-01,5,43,31,31,0,25,25,6,6
2023-01-01,5,45,90,89,1,77,69,12,20
2023-01-01,5,52,76,76,0,70,65,6,11
2023-01-01,5,57,32,32,0,25,28,7,4
2023-01-01,5,58,31,31,0,27,28,4,3
2023-01-01,5,70,58,58,0,48,47,10,11
2023-01-01,5,72,64,64,0,53,48,11,16
2023-01-01,5,74,31,31,0,25,26,6,5
2023-01-01,5,77,32,32,0,31,30,1,2
2023-01-01,5,80,59,59,0,52,46,7,13
2023-01-01,5,84,195,191,4,170,163,21,28
2023-01-01,5,85,58,58,0,52,44,6,14
2023-01-01,5,101,151,146,5,133,133,13,13
2023-01-01,5,102,73,72,1,63,61,9,11
2023-01-01,5,108,81,80,1,63,66,17,14
2023-01-01,5,109,38,38,0,32,32,6,6
2023-01-01,5,111,143,142,1,114,104,28,38
2023-01-01,5,114,91,91,0,79,80,12,11
2023-01-01,5,116,87,87,0,74,80,13,7
2023-01-01,5,117,32,32,0,29,28,3,4
2023-01-01,5,121,195,191,4,170,173,21,18
2023-01-01,5,123,75,74,1,66,68,8,6
2023-01-01,5,125,81,79,2,62,64,17,15
2023-01-01,5,127,13,12,1,10,10,2,2
2023-01-01,5,128,80,78,2,70,62,8,16
2023-01-01,6,1,9,9,0,8,7,1,2
2023-01-01,6,2,140,136,4,102,105,34,31
2023-01-01,6,4,19,19,0,13,14,6,5
2023-01-01,6,6,43,42,1,36,38,6,4
2023-01-01,6,7,273,269,4,202,224,67,45
2023-01-01,6,8,21,21,0,12,11,9,10
2023-01-01,6,10,141,138,3,104,104,34,34
2023-01-01,6,12,9,9,0,6,7,3,2
2023-01-01,6,15,52,52,0,32,35,20,17
2023-01-01,6,16,140,136,4,100,100,36,36
2023-01-01,6,17,136,135,1,100,98,35,37
2023-01-01,6,18,94,93,1,70,75,23,18
2023-01-01,6,19,40,40,0,31,30,9,10
2023-01-01,6,20,27,27,0,18,19,9,8
2023-01-01,6,21,48,46,2,30,28,16,18
2023-01-01,6,22,40,40,0,37,33,3,7
2023-01-01,6,23,58,57,1,45,44,12,13
2023-01-01,6,24,25,24,1,17,17,7,7
2023-01-01,6,25,134,131,3,77,65,54,66
2023-01-01,6,26,403,393,10,269,259,124,134
2023-01-01,6,27,12,12,0,7,6,5,6
2023-01-01,6,28,84,82,2,51,49,31,33
2023-01-01,6,29,136,133,3,93,90,40,43
2023-01-01,6,30,49,44,5,37,36,7,8
2023-01-01,6,31,136,135,1,77,61,58,74
2023-01-01,6,32,418,405,13,270,266,135,139
2023-01-01,6,33,138,126,12,82,85,44,41
2023-01-01,6,34,11,10,1,2,3,8,7
2023-01-01,6,36,136,135,1,97,105,38,30
2023-01-01,6,37,49,49,0,33,35,16,14
2023-01-01,6,38,81,81,0,64,63,17,18
2023-01-01,6,40,19,19,0,15,13,4,6
2023-01-01,6,41,94,92,2,70,70,22,22
2023-01-01,6,42,45,45,0,38,37,7,8
2023-01-01,6,43,105,105,0,80,79,25,26
2023-01-01,6,44,212,209,3,173,179,36,30
2023-01-01,6,47,39,39,0,28,30,11,9
2023-01-01,6,48,20,19,1,8,11,11,8
2023-01-01,6,49,2,2,0,2,2,0,0
2023-01-01,6,50,7,7,0,5,6,2,1
2023-01-01,6,53,27,27,0,19,18,8,9
2023-01-01,6,54,48,46,2,31,21,15,25
2023-01-01,6,55,43,42,1,34,34,8,8
2023-01-01,6,56,45,45,0,35,37,10,8
2023-01-01,6,57,328,328,0,271,270,57,58
2023-01-01,6,58,320,314,6,239,233,75,81
2023-01-01,6,59,40,40,0,28,30,12,10
2023-01-01,6,60,31,31,0,23,23,8,8
2023-01-01,6,61,58,57,1,38,37,19,20
2023-01-01,6,62,141,140,1,95,86,45,54
2023-01-01,6,63,79,77,2,52,45,25,32
2023-01-01,6,64,27,26,1,19,16,7,10
2023-01-01,6,65,23,23,0,21,20,2,3
2023-01-01,6,66,25,24,1,18,17,6,7
2023-01-01,6,67,97,97,0,81,79,16,18
2023-01-01,6,68,31,31,0,27,20,4,11
2023-01-01,6,69,135,131,4,76,74,55,57
2023-01-01,6,70,274,270,4,214,195,56,75
2023-01-01,6,72,403,393,10,302,283,91,110
2023-01-01,6,73,49,49,0,42,40,7,9
2023-01-01,6,74,105,105,0,82,75,23,30
2023-01-01,6,75,20,20,0,13,10,7,10
2023-01-01,6,77,328,328,0,268,273,60,55
2023-01-01,6,78,141,140,1,108,104,32,36
2023-01-01,6,79,97,97,0,72,71,25,26
2023-01-01,6,81,31,31,0,24,21,7,10
2023-01-01,6,82,192,190,2,144,153,46,37
2023-01-01,6,83,111,111,0,87,86,24,25
2023-01-01,6,84,736,701,35,594,546,107,155
2023-01-01,6,86,12,12,0,8,3,4,9
2023-01-01,6,87,83,81,2,56,54,25,27
2023-01-01,6,88,31,31,0,18,16,13,15
2023-01-01,6,89,18,17,1,9,9,8,8
2023-01-01,6,90,21,21,0,16,17,5,4
2023-01-01,6,91,138,135,3,89,116,46,19
2023-01-01,6,92,11,10,1,4,4,6,6
2023-01-01,6,93,2,2,0,0,0,2,2
2023-01-01,6,94,27,26,1,19,20,7,6
2023-01-01,6,95,23,23,0,22,22,1,1
2023-01-01,6,96,198,196,2,141,143,55,53
2023-01-01,6,97,18,18,0,15,14,3,4
2023-01-01,6,98,11,11,0,10,11,1,0
2023-01-01,6,99,151,151,0,110,126,41,25
2023-01-01,6,100,11,11,0,8,8,3,3
2023-01-01,6,103,49,44,5,33,33,11,11
2023-01-01,6,104,135,134,1,83,74,51,60
2023-01-01,6,105,111,111,0,86,77,25,34
2023-01-01,6,106,83,83,0,71,64,12,19
2023-01-01,6,107,141,138,3,99,109,39,29
2023-01-01,6,110,52,52,0,37,35,15,17
2023-01-01,6,111,417,406,11,304,303,102,103
2023-01-01,6,112,80,80,0,62,66,18,14
2023-01-01,6,113,212,209,3,164,177,45,32
2023-01-01,6,115,7,7,0,2,2,5,5
2023-01-01,6,117,319,314,5,240,234,74,80
2023-01-01,6,118,31,31,0,25,25,6,6
2023-01-01,6,119,79,78,1,67,69,11,9
2023-01-01,6,120,31,31,0,25,27,6,4
2023-01-01,6,121,727,688,39,507,529,181,159
2023-01-01,6,122,162,162,0,119,128,43,34
2023-01-01,6,124,83,83,0,70,70,13,13
2023-01-01,6,126,137,123,14,87,85,36,38
2023-01-01,7,8,45,42,3,19,25,23,17
2023-01-01,7,34,33,31,2,17,21,14,10
2023-01-01,7,49,20,20,0,11,14,9,6
2023-01-01,7,64,43,43,0,36,32,7,11
2023-01-01,7,65,30,30,0,22,21,8,9
2023-01-01,7,89,36,36,0,24,24,12,12
2023-01-01,7,90,45,42,3,28,25,14,17
2023-01-01,7,92,33,31,2,22,24,9,7
2023-01-01,7,93,20,20,0,11,11,9,9
2023-01-01,7,94,43,43,0,39,34,4,9
2023-01-01,7,95,30,30,0,27,25,3,5
2023-01-01,7,97,36,36,0,28,26,8,10
2023-01-01,7,98,39,37,2,29,29,8,8
2023-01-01,7,100,39,37,2,25,23,12,14
2023-02-01,2,2,28,25,3,21,17,4,8
2023-02-01,2,6,24,23,1,22,21,1,2
2023-02-01,2,7,103,99,4,63,66,36,33
2023-02-01,2,8,24,22,2,17,20,5,2
2023-02-01,2,10,100,89,11,58,55,31,34
2023-02-01,2,15,69,68,1,36,34,32,34
2023-02-01,2,16,29,25,4,14,14,11,11
2023-02-01,2,17,72,69,3,41,44,28,25
2023-02-01,2,18,29,29,0,28,28,1,1
2023-02-01,2,19,16,15,1,12,11,3,4
2023-02-01,2,23,28,28,0,23,24,5,4
2023-02-01,2,24,28,28,0,19,18,9,10
2023-02-01,2,25,28,28,0,16,18,12,10
2023-02-01,2,26,139,124,15,86,92,38,32
2023-02-01,2,28,49,48,1,41,42,7,6
2023-02-01,2,29,20,20,0,8,14,12,6
2023-02-01,2,30,28,28,0,18,18,10,10
2023-02-01,2,32,172,143,29,99,101,44,42
2023-02-01,2,33,44,42,2,41,37,1,5
2023-02-01,2,36,72,70,2,48,43,22,27
2023-02-01,2,37,62,59,3,37,39,22,20
2023-02-01,2,38,59,53,6,36,34,17,19
2023-02-01,2,41,28,28,0,26,26,2,2
2023-02-01,2,42,16,16,0,6,8,10,8
2023-02-01,2,43,28,28,0,11,14,17,14
2023-02-01,2,47,16,15,1,12,10,3,5
2023-02-01,2,48,20,20,0,9,11,11,9
2023-02-01,2,55,24,23,1,18,20,5,3
2023-02-01,2,56,16,16,0,5,5,11,11
2023-02-01,2,57,171,159,12,103,100,56,59
2023-02-01,2,58,213,198,15,116,112,82,86
2023-02-01,2,60,20,20,0,13,12,7,8
2023-02-01,2,61,28,28,0,22,25,6,3
2023-02-01,2,62,160,155,5,74,78,81,77
2023-02-01,2,63,82,78,4,51,50,27,28
2023-02-01,2,66,29,28,1,11,15,17,13
2023-02-01,2,67,85,84,1,35,41,49,43
2023-02-01,2,68,41,39,2,17,19,22,20
2023-02-01,2,69,28,28,0,14,19,14,9
2023-02-01,2,70,103,99,4,70,69,29,30
2023-02-01,2,72,141,126,15,79,76,47,50
2023-02-01,2,73,62,59,3,35,33,24,26
2023-02-01,2,74,28,28,0,15,14,13,14
2023-02-01,2,75,20,20,0,11,13,9,7
2023-02-01,2,77,172,161,11,93,98,68,63
2023-02-01,2,78,160,155,5,76,77,79,78
2023-02-01,2,79,85,84,1,45,49,39,35
2023-02-01,2,81,46,45,1,25,25,20,20
2023-02-01,2,82,62,59,3,33,37,26,22
2023-02-01,2,83,62,61,1,35,34,26,27
2023-02-01,2,84,358,297,61,141,148,156,149
2023-02-01,2,87,49,48,1,42,42,6,6
2023-02-01,2,88,46,45,1,23,27,22,18
2023-02-01,2,90,24,22,2,12,13,10,9
2023-02-01,2,91,21,19,2,10,9,9,10
2023-02-01,2,96,61,57,4,14,24,43,33
2023-02-01,2,99,38,36,2,12,19,24,17
2023-02-01,2,103,28,28,0,17,18,11,10
2023-02-01,2,105,62,60,2,36,30,24,30
2023-02-01,2,106,77,74,3,42,29,32,45
2023-02-01,2,107,100,89,11,54,55,35,34
2023-02-01,2,110,69,68,1,51,52,17,16
2023-02-01,2,111,172,144,28,98,91,46,53
2023-02-01,2,112,59,53,6,36,38,17,15
2023-02-01,2,117,212,196,16,121,122,75,74
2023-02-01,2,118,20,20,0,14,17,6,3
2023-02-01,2,119,82,78,4,49,50,29,28
2023-02-01,2,120,40,39,1,21,19,18,20
2023-02-01,2,121,357,299,58,165,171,134,128
2023-02-01,2,122,37,36,1,20,23,16,13
2023-02-01,2,124,76,75,1,54,49,21,26
2023-02-01,2,126,44,42,2,35,36,7,6
2023-02-01,3,2,8,8,0,7,7,1,1
2023-02-01,3,7,203,196,7,140,136,56,60
2023-02-01,3,8,84,84,0,69,75,15,9
2023-02-01,3,10,195,189,6,144,140,45,49
2023-02-01,3,16,10,10,0,8,8,2,2
2023-02-01,3,17,76,76,0,62,64,14,12
2023-02-01,3,18,24,23,1,19,19,4,4
2023-02-01,3,22,16,16,0,12,12,4,4
2023-02-01,3,25,100,100,0,84,85,16,15
2023-02-01,3,26,313,303,10,240,243,63,60
2023-02-01,3,27,44,44,0,39,40,5,4
2023-02-01,3,29,135,134,1,96,119,38,15
2023-02-01,3,32,471,442,29,367,360,75,82
2023-02-01,3,33,67,67,0,51,55,16,12
2023-02-01,3,36,75,75,0,69,70,6,5
2023-02-01,3,37,24,24,0,17,19,7,5
2023-02-01,3,38,28,28,0,11,9,17,19
2023-02-01,3,41,23,22,1,20,18,2,4
2023-02-01,3,48,24,24,0,24,23,0,1
2023-02-01,3,49,20,20,0,17,19,3,1
2023-02-01,3,57,20,20,0,13,15,7,5
2023-02-01,3,58,96,96,0,72,59,24,37
2023-02-01,3,59,16,16,0,12,12,4,4
2023-02-01,3,60,28,28,0,16,18,12,10
2023-02-01,3,62,13,13,0,10,11,3,2
2023-02-01,3,63,16,16,0,12,13,4,3
2023-02-01,3,64,25,24,1,12,16,12,8
2023-02-01,3,65,21,19,2,17,17,2,2
2023-02-01,3,69,100,99,1,83,85,16,14
2023-02-01,3,70,202,195,7,140,141,55,54
2023-02-01,3,72,312,302,10,246,237,56,65
2023-02-01,3,73,24,24,0,18,19,6,5
2023-02-01,3,75,24,24,0,21,21,3,3
2023-02-01,3,77,20,20,0,18,18,2,2
2023-02-01,3,78,13,13,0,11,11,2,2
2023-02-01,3,82,188,187,1,133,128,54,59
2023-02-01,3,83,12,12,0,10,11,2,1
2023-02-01,3,84,807,715,92,544,482,171,233
2023-02-01,3,86,44,44,0,38,38,6,6
2023-02-01,3,89,12,12,0,8,9,4,3
2023-02-01,3,90,85,85,0,73,68,12,17
2023-02-01,3,91,135,133,2,104,97,29,36
2023-02-01,3,93,20,20,0,15,17,5,3
2023-02-01,3,94,25,24,1,19,19,5,5
2023-02-01,3,95,21,19,2,18,19,1,0
2023-02-01,3,96,190,188,2,135,138,53,50
2023-02-01,3,97,12,12,0,8,8,4,4
2023-02-01,3,98,36,36,0,31,30,5,6
2023-02-01,3,99,185,183,2,128,120,55,63
2023-02-01,3,100,36,36,0,23,22,13,14
2023-02-01,3,105,12,12,0,9,11,3,1
2023-02-01,3,106,12,12,0,10,9,2,3
2023-02-01,3,107,196,192,4,134,139,58,53
2023-02-01,3,111,477,450,27,291,288,159,162
2023-02-01,3,112,28,28,0,9,11,19,17
2023-02-01,3,117,96,96,0,69,72,27,24
2023-02-01,3,118,28,28,0,17,17,11,11
2023-02-01,3,119,16,16,0,12,13,4,3
2023-02-01,3,121,807,716,91,491,483,225,233
2023-02-01,3,122,188,186,2,109,120,77,66
2023-02-01,3,124,11,11,0,10,10,1,1
2023-02-01,3,126,68,68,0,56,58,12,10
2023-02-01,4,1,40,40,0,35,34,5,6
2023-02-01,4,2,135,135,0,113,104,22,31
2023-02-01,4,4,92,92,0,88,89,4,3
2023-02-01,4,7,12,12,0,11,11,1,1
2023-02-01,4,9,120,120,0,106,109,14,11
2023-02-01,4,11,89,85,4,74,77,11,8
2023-02-01,4,12,40,40,0,25,23,15,17
2023-02-01,4,13,94,86,8,66,66,20,20
2023-02-01,4,15,84,79,5,57,55,22,24
2023-02-01,4,16,135,135,0,107,100,28,35
2023-02-01,4,17,28,26,2,18,18,8,8
2023-02-01,4,18,118,113,5,94,90,19,23
2023-02-01,4,19,40,40,0,18,27,22,13
2023-02-01,4,20,108,106,2,94,95,12,11
2023-02-01,4,21,131,123,8,103,105,20,18
2023-02-01,4,23,20,20,0,19,18,1,2
2023-02-01,4,25,8,8,0,7,6,1,2
2023-02-01,4,27,4,4,0,3,3,1,1
2023-02-01,4,28,128,122,6,104,111,18,11
2023-02-01,4,30,20,20,0,18,17,2,3
2023-02-01,4,31,156,153,3,127,131,26,22
2023-02-01,4,33,36,36,0,31,32,5,4
2023-02-01,4,34,68,66,2,53,52,13,14
2023-02-01,4,36,28,26,2,21,21,5,5
2023-02-01,4,39,128,124,4,113,113,11,11
2023-02-01,4,40,92,92,0,84,83,8,9
2023-02-01,4,41,118,111,7,96,97,15,14
2023-02-01,4,43,216,209,7,181,176,28,33
2023-02-01,4,44,436,381,55,278,265,103,116
2023-02-01,4,45,104,102,2,78,76,24,26
2023-02-01,4,47,40,40,0,37,35,3,5
2023-02-01,4,49,8,8,0,4,5,4,3
2023-02-01,4,52,96,92,4,75,81,17,11
2023-02-01,4,53,108,106,2,92,95,14,11
2023-02-01,4,54,130,122,8,109,108,13,14
2023-02-01,4,57,8,8,0,5,4,3,4
2023-02-01,4,58,16,10,6,7,6,3,4
2023-02-01,4,61,20,20,0,16,16,4,4
2023-02-01,4,62,71,69,2,52,53,17,16
2023-02-01,4,63,63,57,6,37,41,20,16
2023-02-01,4,64,43,42,1,31,31,11,11
2023-02-01,4,65,107,107,0,89,85,18,22
2023-02-01,4,67,93,87,6,57,59,30,28
2023-02-01,4,68,28,25,3,19,20,6,5
2023-02-01,4,69,12,12,0,10,12,2,0
2023-02-01,4,70,12,12,0,10,6,2,6
2023-02-01,4,74,216,209,7,186,185,23,24
2023-02-01,4,77,8,8,0,6,5,2,3
2023-02-01,4,78,71,70,1,53,54,17,16
2023-02-01,4,79,94,89,5,69,62,20,27
2023-02-01,4,80,88,85,3,63,63,22,22
2023-02-01,4,81,48,44,4,31,30,13,14
2023-02-01,4,83,16,16,0,15,14,1,2
2023-02-01,4,85,89,86,3,59,46,27,40
2023-02-01,4,86,4,4,0,3,3,1,1
2023-02-01,4,87,128,119,9,110,109,9,10
2023-02-01,4,88,47,45,2,36,33,9,12
2023-02-01,4,89,88,85,3,67,67,18,18
2023-02-01,4,92,67,66,1,58,60,8,6
2023-02-01,4,93,8,8,0,7,6,1,2
2023-02-01,4,94,43,42,1,32,30,10,12
2023-02-01,4,95,109,109,0,90,89,19,20
2023-02-01,4,97,89,86,3,76,72,10,14
2023-02-01,4,98,81,81,0,67,67,14,14
2023-02-01,4,100,80,80,0,54,55,26,25
2023-02-01,4,101,120,120,0,113,113,7,7
2023-02-01,4,102,100,96,4,76,71,20,25
2023-02-01,4,103,20,20,0,16,16,4,4
2023-02-01,4,104,156,149,7,120,120,29,29
2023-02-01,4,105,16,16,0,13,12,3,4
2023-02-01,4,106,67,65,2,52,46,13,19
2023-02-01,4,108,89,86,3,67,70,19,16
2023-02-01,4,109,94,87,7,64,65,23,22
2023-02-01,4,110,84,80,4,52,58,28,22
2023-02-01,4,113,436,383,53,266,270,117,113
2023-02-01,4,114,104,102,2,76,72,26,30
2023-02-01,4,116,96,93,3,64,72,29,21
2023-02-01,4,117,16,10,6,8,6,2,4
2023-02-01,4,119,65,59,6,38,39,21,20
2023-02-01,4,120,28,26,2,20,20,6,6
2023-02-01,4,123,101,97,4,64,70,33,27
2023-02-01,4,124,68,66,2,40,40,26,26
2023-02-01,4,125,96,90,6,72,74,18,16
2023-02-01,4,126,36,36,0,28,28,8,8
2023-02-01,4,127,128,123,5,111,112,12,11
2023-02-01,4,128,96,90,6,80,82,10,8
2023-02-01,5,7,52,52,0,43,41,9,11
2023-02-01,5,9,138,137,1,108,105,29,32
2023-02-01,5,11,120,114,6,90,86,24,28
2023-02-01,5,13,73,72,1,45,37,27,35
2023-02-01,5,26,58,56,2,43,44,13,12
2023-02-01,5,32,129,124,5,103,97,21,27
2023-02-01,5,39,12,11,1,10,10,1,1
2023-02-01,5,43,28,28,0,22,23,6,5
2023-02-01,5,45,120,117,3,80,71,37,46
2023-02-01,5,52,122,121,1,87,76,34,45
2023-02-01,5,57,28,28,0,19,20,9,8
2023-02-01,5,58,28,28,0,23,23,5,5
2023-02-01,5,70,52,52,0,45,43,7,9
2023-02-01,5,72,58,56,2,46,46,10,10
2023-02-01,5,74,28,28,0,25,23,3,5
2023-02-01,5,77,28,28,0,24,21,4,7
2023-02-01,5,80,93,92,1,52,48,40,44
2023-02-01,5,84,169,164,5,148,144,16,20
2023-02-01,5,85,92,90,2,59,50,31,40
2023-02-01,5,101,137,136,1,105,104,31,32
2023-02-01,5,102,93,92,1,66,54,26,38
2023-02-01,5,108,117,111,6,77,76,34,35
2023-02-01,5,109,73,72,1,43,46,29,26
2023-02-01,5,111,129,124,5,101,95,23,29
2023-02-01,5,114,120,117,3,75,88,42,29
2023-02-01,5,116,125,125,0,80,83,45,42
2023-02-01,5,117,28,28,0,25,23,3,5
2023-02-01,5,121,169,164,5,140,134,24,30
2023-02-01,5,123,93,92,1,67,68,25,24
2023-02-01,5,125,123,117,6,87,85,30,32
2023-02-01,5,127,12,11,1,11,11,0,0
2023-02-01,5,128,118,113,5,80,69,33,44
2023-02-01,6,1,8,8,0,6,5,2,3
2023-02-01,6,2,128,125,3,97,107,28,18
2023-02-01,6,4,24,23,1,16,17,7,6
2023-02-01,6,6,28,28,0,13,14,15,14
2023-02-01,6,7,244,241,3,199,197,42,44
2023-02-01,6,8,22,22,0,10,10,12,12
2023-02-01,6,10,140,138,2,108,106,30,32
2023-02-01,6,12,8,8,0,5,6,3,2
2023-02-01,6,15,44,44,0,23,22,21,22
2023-02-01,6,16,128,126,2,93,107,33,19
2023-02-01,6,17,116,116,0,90,87,26,29
2023-02-01,6,18,100,95,5,82,86,13,9
2023-02-01,6,19,28,28,0,22,21,6,7
2023-02-01,6,20,24,24,0,19,20,5,4
2023-02-01,6,21,48,48,0,37,36,11,12
2023-02-01,6,22,28,28,0,19,20,9,8
2023-02-01,6,23,46,46,0,42,43,4,3
2023-02-01,6,24,24,24,0,21,23,3,1
2023-02-01,6,25,128,126,2,77,63,49,63
2023-02-01,6,26,363,352,11,255,257,97,95
2023-02-01,6,27,12,12,0,8,7,4,5
2023-02-01,6,28,77,75,2,61,58,14,17
2023-02-01,6,29,108,107,1,61,81,46,26
2023-02-01,6,30,28,28,0,23,23,5,5
2023-02-01,6,31,121,121,0,82,58,39,63
2023-02-01,6,32,430,403,27,297,283,106,120
2023-02-01,6,33,128,128,0,109,108,19,20
2023-02-01,6,34,16,13,3,7,10,6,3
2023-02-01,6,36,116,116,0,88,97,28,19
2023-02-01,6,37,44,44,0,27,30,17,14
2023-02-01,6,38,57,56,1,45,42,11,14
2023-02-01,6,40,24,23,1,16,17,7,6
2023-02-01,6,41,100,95,5,87,88,8,7
2023-02-01,6,42,28,27,1,21,22,6,5
2023-02-01,6,43,108,108,0,86,86,22,22
2023-02-01,6,44,236,212,24,173,166,39,46
2023-02-01,6,47,28,28,0,20,25,8,3
2023-02-01,6,48,17,16,1,12,14,4,2
2023-02-01,6,49,8,8,0,6,6,2,2
2023-02-01,6,53,24,24,0,23,23,1,1
2023-02-01,6,54,48,48,0,36,25,12,23
2023-02-01,6,55,28,28,0,13,14,15,14
2023-02-01,6,56,28,27,1,24,24,3,3
2023-02-01,6,57,250,241,9,181,184,60,57
2023-02-01,6,58,266,260,6,184,182,76,78
2023-02-01,6,59,28,28,0,19,19,9,9
2023-02-01,6,60,28,28,0,20,15,8,13
2023-02-01,6,61,46,46,0,40,39,6,7
2023-02-01,6,62,127,127,0,83,76,44,51
2023-02-01,6,63,72,72,0,51,52,21,20
2023-02-01,6,64,36,36,0,25,21,11,15
2023-02-01,6,65,21,21,0,21,17,0,4
2023-02-01,6,66,24,24,0,21,21,3,3
2023-02-01,6,67,85,85,0,71,72,14,13
2023-02-01,6,68,28,28,0,20,19,8,9
2023-02-01,6,69,128,125,3,73,70,52,55
2023-02-01,6,70,244,242,2,194,174,48,68
2023-02-01,6,72,361,348,13,274,266,74,82
2023-02-01,6,73,44,44,0,34,36,10,8
2023-02-01,6,74,108,108,0,86,86,22,22
2023-02-01,6,75,16,16,0,15,12,1,4
2023-02-01,6,77,249,240,9,186,183,54,57
2023-02-01,6,78,127,127,0,92,90,35,37
2023-02-01,6,79,85,85,0,65,62,20,23
2023-02-01,6,81,28,28,0,23,24,5,4
2023-02-01,6,82,141,140,1,95,107,45,33
2023-02-01,6,83,72,71,1,56,53,15,18
2023-02-01,6,84,744,676,68,526,457,150,219
2023-02-01,6,86,12,12,0,10,6,2,6
2023-02-01,6,87,77,75,2,67,62,8,13
2023-02-01,6,88,28,28,0,21,20,7,8
2023-02-01,6,89,20,20,0,14,13,6,7
2023-02-01,6,90,22,22,0,18,15,4,7
2023-02-01,6,91,104,101,3,57,68,44,33
2023-02-01,6,92,16,13,3,8,9,5,4
2023-02-01,6,93,8,8,0,6,6,2,2
2023-02-01,6,94,36,36,0,31,28,5,8
2023-02-01,6,95,21,21,0,18,20,3,1
2023-02-01,6,96,148,146,2,102,100,44,46
2023-02-01,6,97,20,20,0,18,16,2,4
2023-02-01,6,98,17,17,0,12,14,5,3
2023-02-01,6,99,129,123,6,78,88,45,35
2023-02-01,6,100,17,17,0,7,4,10,13
2023-02-01,6,103,28,28,0,18,17,10,11
2023-02-01,6,104,121,121,0,80,63,41,58
2023-02-01,6,105,72,70,2,54,52,16,18
2023-02-01,6,106,56,56,0,44,35,12,21
2023-02-01,6,107,140,137,3,91,94,46,43
2023-02-01,6,110,44,44,0,27,26,17,18
2023-02-01,6,111,435,410,25,304,299,106,111
2023-02-01,6,112,56,56,0,46,49,10,7
2023-02-01,6,113,232,210,22,169,182,41,28
2023-02-01,6,117,266,260,6,186,177,74,83
2023-02-01,6,118,28,28,0,23,24,5,4
2023-02-01,6,119,72,72,0,54,55,18,17
2023-02-01,6,120,28,28,0,22,22,6,6
2023-02-01,6,121,735,666,69,510,498,156,168
2023-02-01,6,122,133,126,7,75,91,51,35
2023-02-01,6,124,56,56,0,42,40,14,16
2023-02-01,6,126,128,128,0,109,113,19,15
2023-02-01,7,8,30,29,1,5,10,24,19
2023-02-01,7,34,29,28,1,24,24,4,4
2023-02-01,7,49,8,8,0,6,6,2,2
2023-02-01,7,64,36,36,0,25,26,11,10
2023-02-01,7,65,27,27,0,18,18,9,9
2023-02-01,7,89,32,32,0,26,26,6,6
2023-02-01,7,90,30,29,1,19,16,10,13
2023-02-01,7,92,29,28,1,21,24,7,4
2023-02-01,7,93,8,8,0,5,6,3,2
2023-02-01,7,94,36,36,0,29,25,7,11
2023-02-01,7,95,27,27,0,18,17,9,10
2023-02-01,7,97,32,32,0,29,26,3,6
2023-02-01,7,98,31,31,0,22,23,9,8
2023-02-01,7,100,31,31,0,16,19,15,12
2023-03-01,2,2,32,27,5,22,23,5,4
2023-03-01,2,6,30,29,1,24,24,5,5
2023-03-01,2,7,118,111,7,69,73,42,38
2023-03-01,2,8,27,27,0,24,24,3,3
2023-03-01,2,10,109,94,15,54,51,40,43
2023-03-01,2,15,75,74,1,39,35,35,39
2023-03-01,2,16,32,27,5,19,20,8,7
2023-03-01,2,17,77,74,3,41,47,33,27
2023-03-01,2,18,31,31,0,24,24,7,7
2023-03-01,2,19,19,16,3,11,13,5,3
2023-03-01,2,23,29,29,0,23,26,6,3
2023-03-01,2,24,25,24,1,18,18,6,6
2023-03-01,2,25,31,31,0,17,19,14,12
2023-03-01,2,26,159,142,17,86,97,56,45
2023-03-01,2,28,60,59,1,52,54,7,5
2023-03-01,2,29,23,23,0,15,18,8,5
2023-03-01,2,30,31,31,0,19,20,12,11
2023-03-01,2,32,189,170,19,109,108,61,62
2023-03-01,2,33,51,50,1,39,40,11,10
2023-03-01,2,36,77,75,2,47,42,28,33
2023-03-01,2,37,75,71,4,46,49,25,22
2023-03-01,2,38,81,71,10,45,41,26,30
2023-03-01,2,41,31,31,0,17,19,14,12
2023-03-01,2,42,20,20,0,7,11,13,9
2023-03-01,2,43,31,30,1,14,19,16,11
2023-03-01,2,47,19,17,2,9,6,8,11
2023-03-01,2,48,26,23,3,16,15,7,8
2023-03-01,2,55,30,29,1,22,26,7,3
2023-03-01,2,56,20,20,0,4,9,16,11
2023-03-01,2,57,176,163,13,103,102,60,61
2023-03-01,2,58,232,202,30,108,105,94,97
2023-03-01,2,60,24,24,0,9,10,15,14
2023-03-01,2,61,29,29,0,26,26,3,3
2023-03-01,2,62,158,153,5,86,92,67,61
2023-03-01,2,63,87,83,4,51,53,32,30
2023-03-01,2,66,27,25,2,11,15,14,10
2023-03-01,2,67,81,80,1,32,35,48,45
2023-03-01,2,68,42,40,2,13,15,27,25
2023-03-01,2,69,32,30,2,14,14,16,16
2023-03-01,2,70,118,114,4,75,74,39,40
2023-03-01,2,72,159,142,17,79,78,63,64
2023-03-01,2,73,75,72,3,42,46,30,26
2023-03-01,2,74,31,30,1,18,18,12,12
2023-03-01,2,75,25,23,2,15,18,8,5
2023-03-01,2,77,177,164,13,94,97,70,67
2023-03-01,2,78,161,156,5,84,91,72,65
2023-03-01,2,79,80,79,1,42,46,37,33
2023-03-01,2,81,49,48,1,33,32,15,16
2023-03-01,2,82,67,61,6,43,39,18,22
2023-03-01,2,83,64,64,0,49,46,15,18
2023-03-01,2,84,413,348,65,198,209,150,139
2023-03-01,2,87,60,59,1,50,49,9,10
2023-03-01,2,88,52,49,3,28,32,21,17
2023-03-01,2,90,27,27,0,20,23,7,4
2023-03-01,2,91,24,22,2,12,12,10,10
2023-03-01,2,96,67,60,7,27,38,33,22
2023-03-01,2,99,46,45,1,10,23,35,22
2023-03-01,2,103,31,31,0,18,17,13,14
2023-03-01,2,105,64,64,0,42,39,22,25
2023-03-01,2,106,88,76,12,41,35,35,41
2023-03-01,2,107,108,94,14,51,49,43,45
2023-03-01,2,110,75,74,1,49,49,25,25
2023-03-01,2,111,187,169,18,101,102,68,67
2023-03-01,2,112,81,71,10,40,46,31,25
2023-03-01,2,117,230,205,25,100,106,105,99
2023-03-01,2,118,25,25,0,11,11,14,14
2023-03-01,2,119,85,82,3,53,53,29,29
2023-03-01,2,120,41,39,2,22,19,17,20
2023-03-01,2,121,413,348,65,196,212,152,136
2023-03-01,2,122,46,45,1,20,22,25,23
2023-03-01,2,124,87,77,10,54,49,23,28
2023-03-01,2,126,52,50,2,38,32,12,18
2023-03-01,3,2,8,8,0,7,8,1,0
2023-03-01,3,7,245,235,10,182,176,53,59
2023-03-01,3,8,94,94,0,72,79,22,15
2023-03-01,3,10,222,220,2,145,160,75,60
2023-03-01,3,16,9,9,0,9,8,0,1
2023-03-01,3,17,70,70,0,54,57,16,13
2023-03-01,3,18,20,18,2,16,17,2,1
2023-03-01,3,22,18,18,0,16,16,2,2
2023-03-01,3,25,110,110,0,89,94,21,16
2023-03-01,3,26,356,349,7,264,258,85,91
2023-03-01,3,27,50,50,0,46,47,4,3
2023-03-01,3,29,146,146,0,100,114,46,32
2023-03-01,3,32,540,508,32,412,392,96,116
2023-03-01,3,33,75,75,0,53,62,22,13
2023-03-01,3,36,70,70,0,59,59,11,11
2023-03-01,3,37,28,27,1,19,21,8,6
2023-03-01,3,38,33,33,0,15,14,18,19
2023-03-01,3,41,20,18,2,17,17,1,1
2023-03-01,3,48,27,26,1,24,26,2,0
2023-03-01,3,49,19,19,0,14,17,5,2
2023-03-01,3,57,25,25,0,12,12,13,13
2023-03-01,3,58,103,102,1,76,67,26,35
2023-03-01,3,59,17,17,0,15,15,2,2
2023-03-01,3,60,31,30,1,13,16,17,14
2023-03-01,3,62,8,8,0,6,5,2,3
2023-03-01,3,63,11,11,0,9,10,2,1
2023-03-01,3,64,30,29,1,18,21,11,8
2023-03-01,3,65,23,22,1,13,15,9,7
2023-03-01,3,69,110,106,4,80,84,26,22
2023-03-01,3,70,245,235,10,172,173,63,62
2023-03-01,3,72,358,351,7,260,257,91,94
2023-03-01,3,73,28,28,0,21,22,7,6
2023-03-01,3,75,28,28,0,15,19,13,9
2023-03-01,3,77,24,24,0,20,21,4,3
2023-03-01,3,78,9,9,0,2,3,7,6
2023-03-01,3,82,210,210,0,143,118,67,92
2023-03-01,3,83,17,17,0,13,13,4,4
2023-03-01,3,84,910,829,81,637,593,192,236
2023-03-01,3,86,50,50,0,42,43,8,7
2023-03-01,3,89,20,20,0,13,14,7,6
2023-03-01,3,90,94,94,0,63,74,31,20
2023-03-01,3,91,148,147,1,107,117,40,30
2023-03-01,3,93,19,19,0,15,15,4,4
2023-03-01,3,94,30,29,1,24,23,5,6
2023-03-01,3,95,23,22,1,20,19,2,3
2023-03-01,3,96,215,213,2,155,168,58,45
2023-03-01,3,97,20,20,0,17,18,3,2
2023-03-01,3,98,38,37,1,30,31,7,6
2023-03-01,3,99,211,209,2,144,161,65,48
2023-03-01,3,100,38,37,1,22,28,15,9
2023-03-01,3,105,17,17,0,9,10,8,7
2023-03-01,3,106,19,19,0,10,9,9,10
2023-03-01,3,107,222,219,3,160,141,59,78
2023-03-01,3,111,543,510,33,367,362,143,148
2023-03-01,3,112,32,32,0,17,15,15,17
2023-03-01,3,117,103,102,1,66,73,36,29
2023-03-01,3,118,31,30,1,14,15,16,15
2023-03-01,3,119,11,11,0,9,10,2,1
2023-03-01,3,121,911,844,67,603,566,241,278
2023-03-01,3,122,210,209,1,136,116,73,93
2023-03-01,3,124,20,20,0,11,11,9,9
2023-03-01,3,126,75,75,0,68,68,7,7
2023-03-01,4,1,48,48,0,44,40,4,8
2023-03-01,4,2,140,138,2,95,103,43,35
2023-03-01,4,4,104,104,0,96,94,8,10
2023-03-01,4,7,13,13,0,12,9,1,4
2023-03-01,4,9,134,132,2,116,117,16,15
2023-03-01,4,11,112,112,0,87,91,25,21
2023-03-01,4,12,48,48,0,32,32,16,16
2023-03-01,4,13,106,100,6,90,89,10,11
2023-03-01,4,15,89,86,3,61,60,25,26
2023-03-01,4,16,140,139,1,109,94,30,45
2023-03-01,4,17,56,56,0,37,45,19,11
2023-03-01,4,18,136,135,1,113,108,22,27
2023-03-01,4,19,35,35,0,11,22,24,13
2023-03-01,4,20,122,121,1,97,95,24,26
2023-03-01,4,21,148,140,8,112,112,28,28
2023-03-01,4,23,23,23,0,21,21,2,2
2023-03-01,4,25,11,10,1,9,8,1,2
2023-03-01,4,28,141,127,14,98,100,29,27
2023-03-01,4,30,25,25,0,24,24,1,1
2023-03-01,4,31,177,168,9,137,143,31,25
2023-03-01,4,33,40,40,0,34,36,6,4
2023-03-01,4,34,76,75,1,58,58,17,17
2023-03-01,4,36,56,56,0,34,33,22,23
2023-03-01,4,39,146,141,5,132,133,9,8
2023-03-01,4,40,104,104,0,95,87,9,17
2023-03-01,4,41,137,136,1,116,118,20,18
2023-03-01,4,43,252,235,17,170,162,65,73
2023-03-01,4,44,483,432,51,339,313,93,119
2023-03-01,4,45,118,116,2,91,84,25,32
2023-03-01,4,47,35,35,0,32,30,3,5
2023-03-01,4,49,12,12,0,6,7,6,5
2023-03-01,4,52,113,110,3,90,93,20,17
2023-03-01,4,53,121,119,2,85,87,34,32
2023-03-01,4,54,146,137,9,110,112,27,25
2023-03-01,4,57,6,6,0,3,3,3,3
2023-03-01,4,58,15,15,0,13,12,2,3
2023-03-01,4,61,24,22,2,17,18,5,4
2023-03-01,4,62,87,81,6,54,55,27,26
2023-03-01,4,63,78,78,0,51,47,27,31
2023-03-01,4,64,47,46,1,27,31,19,15
2023-03-01,4,65,123,122,1,78,82,44,40
2023-03-01,4,67,121,115,6,75,77,40,38
2023-03-01,4,68,31,31,0,17,21,14,10
2023-03-01,4,69,16,15,1,14,11,1,4
2023-03-01,4,70,13,13,0,11,7,2,6
2023-03-01,4,74,252,236,16,180,181,56,55
2023-03-01,4,77,6,6,0,3,3,3,3
2023-03-01,4,78,86,81,5,51,53,30,28
2023-03-01,4,79,121,114,7,81,81,33,33
2023-03-01,4,80,121,121,0,77,81,44,40
2023-03-01,4,81,54,50,4,31,30,19,20
2023-03-01,4,83,14,14,0,13,13,1,1
2023-03-01,4,85,121,121,0,74,64,47,57
2023-03-01,4,87,142,126,16,103,108,23,18
2023-03-01,4,88,54,52,2,40,33,12,19
2023-03-01,4,89,95,93,2,68,67,25,26
2023-03-01,4,92,76,75,1,62,64,13,11
2023-03-01,4,93,12,12,0,10,10,2,2
2023-03-01,4,94,47,46,1,38,37,8,9
2023-03-01,4,95,123,123,0,93,93,30,30
2023-03-01,4,97,95,95,0,78,75,17,20
2023-03-01,4,98,95,94,1,76,68,18,26
2023-03-01,4,100,94,93,1,59,60,34,33
2023-03-01,4,101,134,132,2,118,118,14,14
2023-03-01,4,102,113,112,1,80,83,32,29
2023-03-01,4,103,25,25,0,24,22,1,3
2023-03-01,4,104,177,169,8,136,136,33,33
2023-03-01,4,105,14,14,0,8,12,6,2
2023-03-01,4,106,64,61,3,45,37,16,24
2023-03-01,4,108,112,112,0,84,84,28,28
2023-03-01,4,109,106,100,6,79,86,21,14
2023-03-01,4,110,91,89,2,58,65,31,24
2023-03-01,4,113,485,438,47,329,336,109,102
2023-03-01,4,114,118,116,2,90,87,26,29
2023-03-01,4,116,114,112,2,79,87,33,25
2023-03-01,4,117,15,15,0,13,13,2,2
2023-03-01,4,119,78,78,0,54,53,24,25
2023-03-01,4,120,31,31,0,21,20,10,11
2023-03-01,4,123,113,113,0,71,79,42,34
2023-03-01,4,124,62,59,3,37,37,22,22
2023-03-01,4,125,108,104,4,75,81,29,23
2023-03-01,4,126,40,40,0,32,24,8,16
2023-03-01,4,127,146,140,6,131,130,9,10
2023-03-01,4,128,108,102,6,83,88,19,14
2023-03-01,5,7,58,57,1,42,47,15,10
2023-03-01,5,9,174,166,8,98,89,68,77
2023-03-01,5,11,135,129,6,103,94,26,35
2023-03-01,5,13,78,75,3,51,45,24,30
2023-03-01,5,26,64,63,1,43,44,20,19
2023-03-01,5,32,145,142,3,99,95,43,47
2023-03-01,5,39,13,11,2,8,8,3,3
2023-03-01,5,43,31,31,0,19,19,12,12
2023-03-01,5,45,136,135,1,108,93,27,42
2023-03-01,5,52,131,131,0,94,81,37,50
2023-03-01,5,57,31,31,0,23,23,8,8
2023-03-01,5,58,31,31,0,20,22,11,9
2023-03-01,5,70,58,58,0,41,37,17,21
2023-03-01,5,72,64,64,0,48,47,16,17
2023-03-01,5,74,31,31,0,21,20,10,11
2023-03-01,5,77,31,31,0,27,25,4,6
2023-03-01,5,80,112,110,2,74,67,36,43
2023-03-01,5,84,189,179,10,140,133,39,46
2023-03-01,5,85,111,109,2,69,67,40,42
2023-03-01,5,101,174,165,9,99,101,66,64
2023-03-01,5,102,110,105,5,79,71,26,34
2023-03-01,5,108,137,131,6,101,98,30,33
2023-03-01,5,109,76,74,2,57,57,17,17
2023-03-01,5,111,146,142,4,104,97,38,45
2023-03-01,5,114,136,136,0,106,111,30,25
2023-03-01,5,116,136,136,0,96,100,40,36
2023-03-01,5,117,31,31,0,20,19,11,12
2023-03-01,5,121,189,179,10,128,124,51,55
2023-03-01,5,123,112,106,6,87,85,19,21
2023-03-01,5,125,141,137,4,107,103,30,34
2023-03-01,5,127,13,11,2,8,8,3,3
2023-03-01,5,128,142,136,6,109,98,27,38
2023-03-01,6,1,11,11,0,9,8,2,3
2023-03-01,6,2,141,138,3,92,99,46,39
2023-03-01,6,4,26,23,3,16,16,7,7
2023-03-01,6,6,34,34,0,20,20,14,14
2023-03-01,6,7,276,274,2,193,194,81,80
2023-03-01,6,8,28,28,0,14,13,14,15
2023-03-01,6,10,164,162,2,96,109,66,53
2023-03-01,6,12,11,11,0,8,9,3,2
2023-03-01,6,15,55,54,1,37,39,17,15
2023-03-01,6,16,142,138,4,84,93,54,45
2023-03-01,6,17,133,133,0,81,90,52,43
2023-03-01,6,18,111,109,2,80,83,29,26
2023-03-01,6,19,31,31,0,23,27,8,4
2023-03-01,6,20,27,27,0,21,22,6,5
2023-03-01,6,21,54,53,1,37,36,16,17
2023-03-01,6,22,37,37,0,31,30,6,7
2023-03-01,6,23,50,50,0,41,41,9,9
2023-03-01,6,24,26,25,1,20,19,5,6
2023-03-01,6,25,143,143,0,84,81,59,62
2023-03-01,6,26,413,403,10,280,273,123,130
2023-03-01,6,27,14,14,0,9,9,5,5
2023-03-01,6,28,88,85,3,52,47,33,38
2023-03-01,6,29,119,119,0,67,85,52,34
2023-03-01,6,30,37,37,0,35,35,2,2
2023-03-01,6,31,143,142,1,98,81,44,61
2023-03-01,6,32,471,448,23,330,301,118,147
2023-03-01,6,33,142,140,2,100,97,40,43
2023-03-01,6,34,10,10,0,1,3,9,7
2023-03-01,6,36,133,133,0,99,101,34,32
2023-03-01,6,37,51,51,0,25,28,26,23
2023-03-01,6,38,77,76,1,56,48,20,28
2023-03-01,6,40,26,23,3,16,16,7,7
2023-03-01,6,41,111,109,2,90,94,19,15
2023-03-01,6,42,31,31,0,23,24,8,7
2023-03-01,6,43,119,116,3,78,84,38,32
2023-03-01,6,44,254,248,6,190,189,58,59
2023-03-01,6,47,31,31,0,19,23,12,8
2023-03-01,6,48,22,22,0,18,18,4,4
2023-03-01,6,49,9,9,0,7,6,2,3
2023-03-01,6,53,27,27,0,24,24,3,3
2023-03-01,6,54,54,53,1,37,27,16,26
2023-03-01,6,55,34,34,0,16,15,18,19
2023-03-01,6,56,31,31,0,24,24,7,7
2023-03-01,6,57,275,267,8,180,192,87,75
2023-03-01,6,58,291,284,7,211,208,73,76
2023-03-01,6,59,37,37,0,25,28,12,9
2023-03-01,6,60,31,31,0,21,16,10,15
2023-03-01,6,61,50,50,0,36,32,14,18
2023-03-01,6,62,141,139,2,97,87,42,52
2023-03-01,6,63,79,78,1,54,49,24,29
2023-03-01,6,64,38,38,0,23,22,15,16
2023-03-01,6,65,26,26,0,22,22,4,4
2023-03-01,6,66,26,25,1,16,15,9,10
2023-03-01,6,67,110,110,0,84,82,26,28
2023-03-01,6,68,31,31,0,23,21,8,10
2023-03-01,6,69,143,142,1,85,75,57,67
2023-03-01,6,70,277,274,3,203,175,71,99
2023-03-01,6,72,414,404,10,290,285,114,119
2023-03-01,6,73,51,51,0,33,34,18,17
2023-03-01,6,74,119,117,2,76,78,41,39
2023-03-01,6,75,23,23,0,12,15,11,8
2023-03-01,6,77,275,267,8,197,195,70,72
2023-03-01,6,78,141,140,1,99,99,41,41
2023-03-01,6,79,110,110,0,74,73,36,37
2023-03-01,6,81,43,41,2,30,28,11,13
2023-03-01,6,82,173,172,1,116,112,56,60
2023-03-01,6,83,82,82,0,62,61,20,21
2023-03-01,6,84,832,774,58,572,506,202,268
2023-03-01,6,86,14,14,0,10,3,4,11
2023-03-01,6,87,88,84,4,54,46,30,38
2023-03-01,6,88,43,41,2,22,20,19,21
2023-03-01,6,89,26,25,1,17,18,8,7
2023-03-01,6,90,28,28,0,19,18,9,10
2023-03-01,6,91,115,114,1,66,82,48,32
2023-03-01,6,92,10,10,0,2,2,8,8
2023-03-01,6,93,9,9,0,7,6,2,3
2023-03-01,6,94,38,38,0,28,27,10,11
2023-03-01,6,95,26,26,0,23,24,3,2
2023-03-01,6,96,186,184,2,121,135,63,49
2023-03-01,6,97,26,25,1,20,20,5,5
2023-03-01,6,98,19,19,0,15,16,4,3
2023-03-01,6,99,142,138,4,85,110,53,28
2023-03-01,6,100,19,19,0,8,8,11,11
2023-03-01,6,103,37,37,0,35,30,2,7
2023-03-01,6,104,143,141,2,98,85,43,56
2023-03-01,6,105,82,82,0,49,47,33,35
2023-03-01,6,106,76,76,0,42,33,34,43
2023-03-01,6,107,164,163,1,97,93,66,70
2023-03-01,6,110,55,54,1,42,42,12,12
2023-03-01,6,111,476,452,24,331,325,121,127
2023-03-01,6,112,76,76,0,60,64,16,12
2023-03-01,6,113,254,248,6,179,199,69,49
2023-03-01,6,117,292,285,7,204,201,81,84
2023-03-01,6,118,31,31,0,23,26,8,5
2023-03-01,6,119,79,78,1,62,58,16,20
2023-03-01,6,120,31,31,0,24,24,7,7
2023-03-01,6,121,822,764,58,542,517,222,247
2023-03-01,6,122,148,144,4,96,97,48,47
2023-03-01,6,124,76,76,0,49,43,27,33
2023-03-01,6,126,142,140,2,95,94,45,46
2023-03-01,7,8,34,31,3,8,10,23,21
2023-03-01,7,34,39,36,3,22,26,14,10
2023-03-01,7,49,13,12,1,6,7,6,5
2023-03-01,7,64,43,41,2,23,27,18,14
2023-03-01,7,65,28,27,1,16,17,11,10
2023-03-01,7,89,34,31,3,23,22,8,9
2023-03-01,7,90,33,31,2,20,20,11,11
2023-03-01,7,92,39,36,3,24,26,12,10
2023-03-01,7,93,13,13,0,6,8,7,5
2023-03-01,7,94,43,41,2,30,29,11,12
2023-03-01,7,95,28,27,1,16,16,11,11
2023-03-01,7,97,33,32,1,24,23,8,9
2023-03-01,7,98,35,33,2,23,22,10,11
2023-03-01,7,100,35,33,2,15,16,18,17
2023-04-01,2,2,34,32,2,26,22,6,10
2023-04-01,2,6,29,29,0,21,20,8,9
2023-04-01,2,7,104,98,6,47,52,51,46
2023-04-01,2,8,27,25,2,22,21,3,4
2023-04-01,2,10,119,95,24,60,57,35,38
2023-04-01,2,15,68,68,0,33,37,35,31
2023-04-01,2,16,34,32,2,17,23,15,9
2023-04-01,2,17,73,72,1,41,43,31,29
2023-04-01,2,18,30,30,0,16,17,14,13
2023-04-01,2,19,26,25,1,11,16,14,9
2023-04-01,2,23,28,27,1,22,20,5,7
2023-04-01,2,24,25,25,0,11,11,14,14
2023-04-01,2,25,25,25,0,4,4,21,21
2023-04-01,2,26,218,179,39,72,89,107,90
2023-04-01,2,28,60,60,0,39,39,21,21
2023-04-01,2,29,24,23,1,6,9,17,14
2023-04-01,2,30,40,40,0,24,27,16,13
2023-04-01,2,32,180,154,26,74,88,80,66
2023-04-01,2,33,61,59,2,39,41,20,18
2023-04-01,2,36,73,72,1,47,37,25,35
2023-04-01,2,37,120,112,8,70,81,42,31
2023-04-01,2,38,121,106,15,66,68,40,38
2023-04-01,2,41,30,30,0,14,14,16,16
2023-04-01,2,42,17,16,1,6,8,10,8
2023-04-01,2,43,30,28,2,15,16,13,12
2023-04-01,2,47,26,24,2,13,11,11,13
2023-04-01,2,48,28,26,2,12,10,14,16
2023-04-01,2,55,29,29,0,19,22,10,7
2023-04-01,2,56,17,16,1,10,11,6,5
2023-04-01,2,57,234,206,28,116,132,90,74
2023-04-01,2,58,257,226,31,153,150,73,76
2023-04-01,2,60,28,27,1,11,8,16,19
2023-04-01,2,61,28,27,1,13,15,14,12
2023-04-01,2,62,144,131,13,75,71,56,60
2023-04-01,2,63,84,80,4,43,45,37,35
2023-04-01,2,66,25,25,0,5,5,20,20
2023-04-01,2,67,90,89,1,30,37,59,52
2023-04-01,2,68,51,49,2,22,22,27,27
2023-04-01,2,69,28,26,2,4,4,22,22
2023-04-01,2,70,104,99,5,54,60,45,39
2023-04-01,2,72,218,178,40,92,83,86,95
2023-04-01,2,73,120,111,9,74,82,37,29
2023-04-01,2,74,30,28,2,16,17,12,11
2023-04-01,2,75,29,28,1,16,16,12,12
2023-04-01,2,77,235,208,27,115,113,93,95
2023-04-01,2,78,144,132,12,72,75,60,57
2023-04-01,2,79,90,89,1,49,51,40,38
2023-04-01,2,81,47,47,0,37,39,10,8
2023-04-01,2,82,69,59,10,44,41,15,18
2023-04-01,2,83,64,62,2,26,26,36,36
2023-04-01,2,84,405,351,54,231,228,120,123
2023-04-01,2,87,60,60,0,31,31,29,29
2023-04-01,2,88,48,47,1,30,35,17,12
2023-04-01,2,90,27,25,2,19,19,6,6
2023-04-01,2,91,25,24,1,5,8,19,16
2023-04-01,2,96,69,59,10,26,26,33,33
2023-04-01,2,99,50,46,4,19,21,27,25
2023-04-01,2,103,42,41,1,19,21,22,20
2023-04-01,2,105,65,62,3,29,32,33,30
2023-04-01,2,106,87,83,4,48,39,35,44
2023-04-01,2,107,119,94,25,49,53,45,41
2023-04-01,2,110,68,68,0,40,38,28,30
2023-04-01,2,111,182,156,26,87,81,69,75
2023-04-01,2,112,120,109,11,62,75,47,34
2023-04-01,2,117,254,223,31,148,149,75,74
2023-04-01,2,118,27,27,0,14,17,13,10
2023-04-01,2,119,83,80,3,39,44,41,36
2023-04-01,2,120,51,49,2,27,26,22,23
2023-04-01,2,121,406,351,55,217,237,134,114
2023-04-01,2,122,49,46,3,22,30,24,16
2023-04-01,2,124,86,82,4,53,56,29,26
2023-04-01,2,126,60,58,2,31,29,27,29
2023-04-01,3,7,269,266,3,193,193,73,73
2023-04-01,3,8,89,89,0,69,74,20,15
2023-04-01,3,10,223,218,5,157,132,61,86
2023-04-01,3,17,75,75,0,65,68,10,7
2023-04-01,3,18,9,8,1,8,8,0,0
2023-04-01,3,22,22,22,0,18,17,4,5
2023-04-01,3,25,89,89,0,67,69,22,20
2023-04-01,3,26,376,365,11,283,291,82,74
2023-04-01,3,27,45,45,0,40,41,5,4
2023-04-01,3,29,144,144,0,96,114,48,30
2023-04-01,3,32,529,504,25,426,410,78,94
2023-04-01,3,33,71,71,0,51,58,20,13
2023-04-01,3,36,75,75,0,70,71,5,4
2023-04-01,3,37,35,35,0,28,27,7,8
2023-04-01,3,38,45,45,0,30,31,15,14
2023-04-01,3,41,9,8,1,8,8,0,0
2023-04-01,3,48,30,30,0,25,26,5,4
2023-04-01,3,49,4,4,0,4,4,0,0
2023-04-01,3,57,30,30,0,21,24,9,6
2023-04-01,3,58,90,88,2,57,58,31,30
2023-04-01,3,59,22,22,0,13,15,9,7
2023-04-01,3,60,29,28,1,16,18,12,10
2023-04-01,3,62,47,46,1,32,31,14,15
2023-04-01,3,63,11,11,0,6,7,5,4
2023-04-01,3,64,22,20,2,12,13,8,7
2023-04-01,3,65,18,18,0,16,17,2,1
2023-04-01,3,69,89,89,0,70,70,19,19
2023-04-01,3,70,269,267,2,184,187,83,80
2023-04-01,3,72,376,362,14,270,262,92,100
2023-04-01,3,73,35,35,0,26,30,9,5
2023-04-01,3,75,30,30,0,12,14,18,16
2023-04-01,3,77,30,30,0,26,27,4,3
2023-04-01,3,78,47,47,0,27,26,20,21
2023-04-01,3,82,197,196,1,118,131,78,65
2023-04-01,3,83,30,30,0,22,25,8,5
2023-04-01,3,84,891,807,84,644,589,163,218
2023-04-01,3,86,45,45,0,39,41,6,4
2023-04-01,3,89,32,32,0,29,26,3,6
2023-04-01,3,90,89,89,0,63,69,26,20
2023-04-01,3,91,144,144,0,113,90,31,54
2023-04-01,3,93,4,4,0,4,4,0,0
2023-04-01,3,94,22,20,2,16,19,4,1
2023-04-01,3,95,18,18,0,17,17,1,1
2023-04-01,3,96,198,197,1,127,133,70,64
2023-04-01,3,97,32,32,0,31,31,1,1
2023-04-01,3,98,29,27,2,24,25,3,2
2023-04-01,3,99,212,209,3,133,136,76,73
2023-04-01,3,100,29,27,2,22,24,5,3
2023-04-01,3,105,30,29,1,17,20,12,9
2023-04-01,3,106,50,49,1,37,37,12,12
2023-04-01,3,107,223,220,3,159,161,61,59
2023-04-01,3,111,529,507,22,370,346,137,161
2023-04-01,3,112,45,45,0,32,31,13,14
2023-04-01,3,117,90,89,1,53,55,36,34
2023-04-01,3,118,29,29,0,17,21,12,8
2023-04-01,3,119,11,11,0,6,6,5,5
2023-04-01,3,121,891,797,94,563,591,234,206
2023-04-01,3,122,212,210,2,128,136,82,74
2023-04-01,3,124,50,50,0,31,35,19,15
2023-04-01,3,126,72,72,0,58,57,14,15
2023-04-01,4,1,49,49,0,44,46,5,3
2023-04-01,4,2,179,177,2,138,128,39,49
2023-04-01,4,4,109,109,0,93,86,16,23
2023-04-01,4,7,13,12,1,9,9,3,3
2023-04-01,4,9,130,128,2,106,105,22,23
2023-04-01,4,11,103,103,0,84,81,19,22
2023-04-01,4,12,49,49,0,44,43,5,6
2023-04-01,4,13,103,99,4,88,89,11,10
2023-04-01,4,15,93,92,1,72,78,20,14
2023-04-01,4,16,179,177,2,116,120,61,57
2023-04-01,4,17,81,81,0,44,60,37,21
2023-04-01,4,18,157,157,0,115,122,42,35
2023-04-01,4,20,113,109,4,95,100,14,9
2023-04-01,4,21,133,127,6,102,108,25,19
2023-04-01,4,23,27,27,0,20,21,7,6
2023-04-01,4,25,21,21,0,17,17,4,4
2023-04-01,4,28,129,122,7,105,110,17,12
2023-04-01,4,30,38,37,1,31,31,6,6
2023-04-01,4,31,172,165,7,135,139,30,26
2023-04-01,4,33,60,60,0,49,52,11,8
2023-04-01,4,34,68,66,2,33,47,33,19
2023-04-01,4,36,81,81,0,42,43,39,38
2023-04-01,4,39,148,139,9,118,118,21,21
2023-04-01,4,40,109,109,0,93,90,16,19
2023-04-01,4,41,157,156,1,125,127,31,29
2023-04-01,4,43,265,254,11,195,193,59,61
2023-04-01,4,44,420,369,51,305,295,64,74
2023-04-01,4,45,112,111,1,85,85,26,26
2023-04-01,4,49,26,26,0,19,23,7,3
2023-04-01,4,52,101,101,0,88,87,13,14
2023-04-01,4,53,113,109,4,99,96,10,13
2023-04-01,4,54,133,127,6,109,108,18,19
2023-04-01,4,61,27,26,1,20,21,6,5
2023-04-01,4,62,55,53,2,33,29,20,24
2023-04-01,4,63,69,69,0,59,54,10,15
2023-04-01,4,64,48,48,0,32,37,16,11
2023-04-01,4,65,116,115,1,92,100,23,15
2023-04-01,4,67,114,109,5,86,89,23,20
2023-04-01,4,68,31,31,0,20,20,11,11
2023-04-01,4,69,23,23,0,16,18,7,5
2023-04-01,4,70,13,12,1,12,11,0,1
2023-04-01,4,74,265,254,11,202,199,52,55
2023-04-01,4,78,55,53,2,39,38,14,15
2023-04-01,4,79,116,112,4,81,82,31,30
2023-04-01,4,80,109,108,1,95,90,13,18
2023-04-01,4,81,54,51,3,38,33,13,18
2023-04-01,4,85,109,108,1,87,86,21,22
2023-04-01,4,87,129,116,13,104,109,12,7
2023-04-01,4,88,55,52,3,37,41,15,11
2023-04-01,4,89,74,72,2,57,52,15,20
2023-04-01,4,92,68,67,1,52,56,15,11
2023-04-01,4,93,26,26,0,23,24,3,2
2023-04-01,4,94,48,48,0,35,35,13,13
2023-04-01,4,95,116,115,1,99,100,16,15
2023-04-01,4,97,74,72,2,66,67,6,5
2023-04-01,4,98,93,88,5,73,74,15,14
2023-04-01,4,100,91,85,6,58,64,27,21
2023-04-01,4,101,130,127,3,109,107,18,20
2023-04-01,4,102,107,105,2,78,80,27,25
2023-04-01,4,103,38,36,2,27,28,9,8
2023-04-01,4,104,173,165,8,134,141,31,24
2023-04-01,4,106,5,5,0,4,4,1,1
2023-04-01,4,108,103,103,0,84,90,19,13
2023-04-01,4,109,103,99,4,78,86,21,13
2023-04-01,4,110,93,92,1,66,74,26,18
2023-04-01,4,113,420,372,48,315,306,57,66
2023-04-01,4,114,114,114,0,83,87,31,27
2023-04-01,4,116,101,101,0,74,87,27,14
2023-04-01,4,119,69,69,0,60,59,9,10
2023-04-01,4,120,31,31,0,22,20,9,11
2023-04-01,4,123,107,106,1,80,84,26,22
2023-04-01,4,124,5,5,0,5,4,0,1
2023-04-01,4,125,100,97,3,78,83,19,14
2023-04-01,4,126,60,60,0,47,44,13,16
2023-04-01,4,127,149,140,9,122,126,18,14
2023-04-01,4,128,100,97,3,82,83,15,14
2023-04-01,5,7,57,57,0,39,42,18,15
2023-04-01,5,9,136,134,2,99,88,35,46
2023-04-01,5,11,110,109,1,101,100,8,9
2023-04-01,5,13,63,63,0,49,42,14,21
2023-04-01,5,26,69,67,2,49,50,18,17
2023-04-01,5,32,139,139,0,120,117,19,22
2023-04-01,5,39,12,9,3,6,6,3,3
2023-04-01,5,43,30,30,0,21,23,9,7
2023-04-01,5,45,121,121,0,102,95,19,26
2023-04-01,5,52,108,107,1,92,88,15,19
2023-04-01,5,57,30,30,0,24,23,6,7
2023-04-01,5,58,30,30,0,26,25,4,5
2023-04-01,5,70,57,57,0,41,40,16,17
2023-04-01,5,72,69,68,1,54,49,14,19
2023-04-01,5,74,30,30,0,23,22,7,8
2023-04-01,5,77,30,30,0,24,24,6,6
2023-04-01,5,80,97,94,3,49,48,45,46
2023-04-01,5,84,162,159,3,128,124,31,35
2023-04-01,5,85,97,94,3,52,47,42,47
2023-04-01,5,101,136,132,4,90,90,42,42
2023-04-01,5,102,88,82,6,67,62,15,20
2023-04-01,5,108,111,110,1,102,101,8,9
2023-04-01,5,109,64,63,1,46,48,17,15
2023-04-01,5,111,139,139,0,121,118,18,21
2023-04-01,5,114,120,120,0,104,105,16,15
2023-04-01,5,116,111,110,1,92,97,18,13
2023-04-01,5,117,30,30,0,29,29,1,1
2023-04-01,5,121,162,160,2,122,118,38,42
2023-04-01,5,123,88,83,5,68,66,15,17
2023-04-01,5,125,98,95,3,77,81,18,14
2023-04-01,5,127,12,9,3,7,7,2,2
2023-04-01,5,128,100,96,4,83,76,13,20
2023-04-01,6,1,12,12,0,11,11,1,1
2023-04-01,6,2,136,129,7,86,69,43,60
2023-04-01,6,4,23,23,0,13,12,10,11
2023-04-01,6,6,43,42,1,34,35,8,7
2023-04-01,6,7,271,267,4,192,186,75,81
2023-04-01,6,8,25,25,0,16,16,9,9
2023-04-01,6,10,182,176,6,113,104,63,72
2023-04-01,6,12,12,12,0,9,6,3,6
2023-04-01,6,15,44,44,0,24,23,20,21
2023-04-01,6,16,135,129,6,98,101,31,28
2023-04-01,6,17,136,135,1,94,101,41,34
2023-04-01,6,18,104,100,4,83,85,17,15
2023-04-01,6,19,32,32,0,22,28,10,4
2023-04-01,6,20,25,25,0,17,17,8,8
2023-04-01,6,21,50,49,1,30,28,19,21
2023-04-01,6,22,39,39,0,32,32,7,7
2023-04-01,6,23,50,50,0,37,37,13,13
2023-04-01,6,24,19,19,0,13,13,6,6
2023-04-01,6,25,132,132,0,74,78,58,54
2023-04-01,6,26,378,361,17,222,230,139,131
2023-04-01,6,27,12,12,0,11,9,1,3
2023-04-01,6,28,78,77,1,41,40,36,37
2023-04-01,6,29,120,116,4,56,87,60,29
2023-04-01,6,30,44,44,0,32,33,12,11
2023-04-01,6,31,133,132,1,76,63,56,69
2023-04-01,6,32,445,421,24,291,292,130,129
2023-04-01,6,33,136,134,2,86,82,48,52
2023-04-01,6,34,20,19,1,10,12,9,7
2023-04-01,6,36,136,135,1,105,110,30,25
2023-04-01,6,37,74,70,4,48,49,22,21
2023-04-01,6,38,92,90,2,74,71,16,19
2023-04-01,6,40,23,23,0,12,14,11,9
2023-04-01,6,41,104,100,4,82,83,18,17
2023-04-01,6,42,30,30,0,18,17,12,13
2023-04-01,6,43,117,117,0,72,70,45,47
2023-04-01,6,44,200,195,5,144,147,51,48
2023-04-01,6,47,32,32,0,25,27,7,5
2023-04-01,6,48,29,29,0,13,13,16,16
2023-04-01,6,49,4,4,0,3,3,1,1
2023-04-01,6,53,25,25,0,20,18,5,7
2023-04-01,6,54,50,49,1,30,29,19,20
2023-04-01,6,55,43,42,1,25,28,17,14
2023-04-01,6,56,30,30,0,19,18,11,12
2023-04-01,6,57,286,280,6,154,191,126,89
2023-04-01,6,58,312,308,4,197,203,111,105
2023-04-01,6,59,39,39,0,27,31,12,8
2023-04-01,6,60,30,30,0,16,14,14,16
2023-04-01,6,61,50,49,1,32,29,17,20
2023-04-01,6,62,139,138,1,93,81,45,57
2023-04-01,6,63,73,71,2,50,51,21,20
2023-04-01,6,64,32,30,2,18,18,12,12
2023-04-01,6,65,30,29,1,24,27,5,2
2023-04-01,6,66,19,19,0,13,13,6,6
2023-04-01,6,67,104,104,0,85,77,19,27
2023-04-01,6,68,30,30,0,23,18,7,12
2023-04-01,6,69,132,132,0,83,91,49,41
2023-04-01,6,70,272,269,3,200,205,69,64
2023-04-01,6,72,378,362,16,248,224,114,138
2023-04-01,6,73,74,70,4,56,54,14,16
2023-04-01,6,74,117,117,0,74,75,43,42
2023-04-01,6,75,29,29,0,7,14,22,15
2023-04-01,6,77,287,282,5,175,171,107,111
2023-04-01,6,78,139,138,1,99,97,39,41
2023-04-01,6,79,105,105,0,74,67,31,38
2023-04-01,6,81,39,39,0,26,23,13,16
2023-04-01,6,82,190,189,1,111,138,78,51
2023-04-01,6,83,84,84,0,56,59,28,25
2023-04-01,6,84,725,671,54,504,454,167,217
2023-04-01,6,86,12,12,0,9,4,3,8
2023-04-01,6,87,78,77,1,45,45,32,32
2023-04-01,6,88,39,39,0,24,18,15,21
2023-04-01,6,89,28,25,3,20,20,5,5
2023-04-01,6,90,26,26,0,22,20,4,6
2023-04-01,6,91,118,114,4,68,76,46,38
2023-04-01,6,92,20,19,1,11,12,8,7
2023-04-01,6,93,4,4,0,2,2,2,2
2023-04-01,6,94,32,30,2,24,21,6,9
2023-04-01,6,95,30,29,1,26,28,3,1
2023-04-01,6,96,199,197,2,148,152,49,45
2023-04-01,6,97,28,25,3,23,20,2,5
2023-04-01,6,98,14,12,2,9,7,3,5
2023-04-01,6,99,135,130,5,87,100,43,30
2023-04-01,6,100,14,12,2,5,6,7,6
2023-04-01,6,103,44,44,0,24,25,20,19
2023-04-01,6,104,133,131,2,76,74,55,57
2023-04-01,6,105,84,84,0,47,48,37,36
2023-04-01,6,106,80,80,0,52,38,28,42
2023-04-01,6,107,181,176,5,129,124,47,52
2023-04-01,6,110,44,44,0,28,25,16,19
2023-04-01,6,111,443,419,24,285,284,134,135
2023-04-01,6,112,91,90,1,69,79,21,11
2023-04-01,6,113,200,195,5,135,154,60,41
2023-04-01,6,117,313,309,4,205,192,104,117
2023-04-01,6,118,30,30,0,23,23,7,7
2023-04-01,6,119,73,71,2,53,55,18,16
2023-04-01,6,120,30,30,0,21,23,9,7
2023-04-01,6,121,720,665,55,451,455,214,210
2023-04-01,6,122,143,138,5,85,101,53,37
2023-04-01,6,124,80,80,0,60,54,20,26
2023-04-01,6,126,136,134,2,82,77,52,57
2023-04-01,7,8,50,47,3,19,25,28,22
2023-04-01,7,34,34,32,2,12,18,20,14
2023-04-01,7,49,18,17,1,12,13,5,4
2023-04-01,7,64,42,40,2,24,24,16,16
2023-04-01,7,65,20,20,0,8,9,12,11
2023-04-01,7,89,25,25,0,18,19,7,6
2023-04-01,7,90,50,47,3,28,25,19,22
2023-04-01,7,92,34,32,2,17,18,15,14
2023-04-01,7,93,18,17,1,10,10,7,7
2023-04-01,7,94,42,40,2,29,28,11,12
2023-04-01,7,95,20,20,0,12,7,8,13
2023-04-01,7,97,25,25,0,20,20,5,5
2023-04-01,7,98,36,32,4,20,18,12,14
2023-04-01,7,100,36,32,4,13,18,19,14
2023-05-01,2,2,32,29,3,12,14,17,15
2023-05-01,2,5,26,26,0,15,14,11,12
2023-05-01,2,6,27,27,0,23,20,4,7
2023-05-01,2,7,111,107,4,59,60,48,47
2023-05-01,2,8,26,26,0,16,19,10,7
2023-05-01,2,10,111,101,10,67,63,34,38
2023-05-01,2,15,62,62,0,32,34,30,28
2023-05-01,2,16,32,29,3,14,20,15,9
2023-05-01,2,17,75,74,1,40,39,34,35
2023-05-01,2,18,31,29,2,10,10,19,19
2023-05-01,2,19,23,22,1,15,15,7,7
2023-05-01,2,23,17,17,0,15,16,2,1
2023-05-01,2,24,18,18,0,5,5,13,13
2023-05-01,2,25,23,21,2,5,3,16,18
2023-05-01,2,26,148,135,13,81,85,54,50
2023-05-01,2,28,62,62,0,43,38,19,24
2023-05-01,2,29,22,22,0,14,20,8,2
2023-05-01,2,30,31,31,0,20,19,11,12
2023-05-01,2,32,148,129,19,85,84,44,45
2023-05-01,2,33,50,50,0,35,33,15,17
2023-05-01,2,36,75,74,1,43,47,31,27
2023-05-01,2,37,79,78,1,49,52,29,26
2023-05-01,2,38,70,66,4,36,42,30,24
2023-05-01,2,41,31,29,2,9,13,20,16
2023-05-01,2,42,18,18,0,7,12,11,6
2023-05-01,2,43,31,29,2,13,14,16,15
2023-05-01,2,46,27,27,0,13,16,14,11
2023-05-01,2,47,22,21,1,13,15,8,6
2023-05-01,2,48,22,22,0,8,10,14,12
2023-05-01,2,55,27,27,0,23,23,4,4
2023-05-01,2,56,17,17,0,12,13,5,4
2023-05-01,2,57,183,172,11,108,108,64,64
2023-05-01,2,58,241,230,11,171,173,59,57
2023-05-01,2,60,18,18,0,5,6,13,12
2023-05-01,2,61,17,17,0,15,12,2,5
2023-05-01,2,62,130,127,3,79,80,48,47
2023-05-01,2,63,62,61,1,32,33,29,28
2023-05-01,2,66,18,17,1,3,2,14,15
2023-05-01,2,67,84,83,1,42,49,41,34
2023-05-01,2,68,26,26,0,14,16,12,10
2023-05-01,2,69,23,19,4,1,1,18,18
2023-05-01,2,70,112,109,3,76,81,33,28
2023-05-01,2,72,148,135,13,77,71,58,64
2023-05-01,2,73,79,78,1,52,59,26,19
2023-05-01,2,74,31,29,2,16,17,13,12
2023-05-01,2,75,22,22,0,12,13,10,9
2023-05-01,2,77,183,174,9,104,111,70,63
2023-05-01,2,78,130,127,3,74,75,53,52
2023-05-01,2,79,84,83,1,53,53,30,30
2023-05-01,2,81,44,44,0,31,34,13,10
2023-05-01,2,82,62,57,5,39,45,18,12
2023-05-01,2,83,62,62,0,34,33,28,29
2023-05-01,2,84,364,331,33,203,226,128,105
2023-05-01,2,87,63,62,1,40,39,22,23
2023-05-01,2,88,44,44,0,30,33,14,11
2023-05-01,2,90,26,26,0,15,15,11,11
2023-05-01,2,91,22,22,0,12,14,10,8
2023-05-01,2,96,63,57,6,31,31,26,26
2023-05-01,2,99,43,40,3,21,20,19,20
2023-05-01,2,103,31,31,0,13,14,18,17
2023-05-01,2,105,62,62,0,32,27,30,35
2023-05-01,2,106,79,75,4,52,44,23,31
2023-05-01,2,107,111,102,9,54,61,48,41
2023-05-01,2,110,62,62,0,40,39,22,23
2023-05-01,2,111,146,130,16,79,79,51,51
2023-05-01,2,112,70,66,4,43,43,23,23
2023-05-01,2,117,240,229,11,177,173,52,56
2023-05-01,2,118,18,18,0,9,8,9,10
2023-05-01,2,119,62,61,1,31,33,30,28
2023-05-01,2,120,26,26,0,21,22,5,4
2023-05-01,2,121,364,333,31,223,228,110,105
2023-05-01,2,122,43,42,1,23,29,19,13
2023-05-01,2,124,79,77,2,60,60,17,17
2023-05-01,2,126,50,49,1,32,36,17,13
2023-05-01,3,7,282,278,4,188,186,90,92
2023-05-01,3,8,93,93,0,71,73,22,20
2023-05-01,3,10,236,233,3,157,152,76,81
2023-05-01,3,17,74,74,0,60,55,14,19
2023-05-01,3,22,22,22,0,14,11,8,11
2023-05-01,3,25,100,100,0,67,68,33,32
2023-05-01,3,26,400,393,7,304,308,89,85
2023-05-01,3,27,48,48,0,42,44,6,4
2023-05-01,3,29,150,150,0,119,132,31,18
2023-05-01,3,32,565,554,11,464,450,90,104
2023-05-01,3,33,75,75,0,51,50,24,25
2023-05-01,3,36,74,74,0,63,68,11,6
2023-05-01,3,37,31,30,1,13,12,17,18
2023-05-01,3,38,39,39,0,14,17,25,22
2023-05-01,3,48,31,31,0,21,26,10,5
2023-05-01,3,57,31,31,0,20,22,11,9
2023-05-01,3,58,93,93,0,71,66,22,27
2023-05-01,3,59,22,22,0,11,13,11,9
2023-05-01,3,60,30,30,0,20,23,10,7
2023-05-01,3,62,44,44,0,34,36,10,8
2023-05-01,3,63,27,27,0,20,21,7,6
2023-05-01,3,64,24,23,1,18,19,5,4
2023-05-01,3,65,21,19,2,15,17,4,2
2023-05-01,3,69,100,100,0,69,73,31,27
2023-05-01,3,70,282,279,3,193,195,86,84
2023-05-01,3,72,399,391,8,280,281,111,110
2023-05-01,3,73,31,31,0,18,18,13,13
2023-05-01,3,75,31,30,1,13,15,17,15
2023-05-01,3,77,31,31,0,21,25,10,6
2023-05-01,3,78,44,44,0,25,26,19,18
2023-05-01,3,82,209,205,4,139,154,66,51
2023-05-01,3,83,30,30,0,23,24,7,6
2023-05-01,3,84,1000,930,70,683,654,247,276
2023-05-01,3,86,48,48,0,40,44,8,4
2023-05-01,3,89,38,37,1,34,27,3,10
2023-05-01,3,90,93,93,0,67,73,26,20
2023-05-01,3,91,150,150,0,118,114,32,36
2023-05-01,3,94,24,23,1,23,23,0,0
2023-05-01,3,95,21,20,1,20,19,0,1
2023-05-01,3,96,209,206,3,157,147,49,59
2023-05-01,3,97,38,37,1,35,36,2,1
2023-05-01,3,98,42,41,1,37,38,4,3
2023-05-01,3,99,222,219,3,169,161,50,58
2023-05-01,3,100,42,41,1,32,36,9,5
2023-05-01,3,105,30,30,0,20,22,10,8
2023-05-01,3,106,53,53,0,39,36,14,17
2023-05-01,3,107,236,231,5,145,138,86,93
2023-05-01,3,111,566,556,10,389,373,167,183
2023-05-01,3,112,39,39,0,23,17,16,22
2023-05-01,3,117,93,93,0,56,62,37,31
2023-05-01,3,118,31,31,0,19,20,12,11
2023-05-01,3,119,27,27,0,21,22,6,5
2023-05-01,3,121,1001,934,67,655,639,279,295
2023-05-01,3,122,223,221,2,141,157,80,64
2023-05-01,3,124,54,54,0,33,36,21,18
2023-05-01,3,126,75,75,0,58,61,17,14
2023-05-01,4,1,54,54,0,47,45,7,9
2023-05-01,4,2,186,186,0,125,123,61,63
2023-05-01,4,4,114,111,3,99,94,12,17
2023-05-01,4,5,57,56,1,48,38,8,18
2023-05-01,4,7,13,12,1,8,10,4,2
2023-05-01,4,9,143,138,5,115,115,23,23
2023-05-01,4,11,98,95,3,67,64,28,31
2023-05-01,4,12,54,53,1,45,46,8,7
2023-05-01,4,13,95,87,8,75,76,12,11
2023-05-01,4,15,82,78,4,62,61,16,17
2023-05-01,4,16,186,186,0,115,109,71,77
2023-05-01,4,17,91,91,0,34,41,57,50
2023-05-01,4,18,176,171,5,106,107,65,64
2023-05-01,4,20,119,118,1,98,105,20,13
2023-05-01,4,21,145,137,8,108,112,29,25
2023-05-01,4,23,26,26,0,21,20,5,6
2023-05-01,4,25,16,16,0,14,14,2,2
2023-05-01,4,28,139,129,10,106,114,23,15
2023-05-01,4,30,33,32,1,30,30,2,2
2023-05-01,4,31,189,185,4,151,153,34,32
2023-05-01,4,33,62,62,0,45,41,17,21
2023-05-01,4,34,73,73,0,46,47,27,26
2023-05-01,4,36,91,91,0,22,33,69,58
2023-05-01,4,39,156,152,4,140,139,12,13
2023-05-01,4,40,114,110,4,90,91,20,19
2023-05-01,4,41,176,170,6,117,125,53,45
2023-05-01,4,43,293,275,18,199,194,76,81
2023-05-01,4,44,470,419,51,309,303,110,116
2023-05-01,4,45,110,109,1,88,83,21,26
2023-05-01,4,46,58,57,1,52,56,5,1
2023-05-01,4,49,28,28,0,14,16,14,12
2023-05-01,4,51,106,105,1,77,77,28,28
2023-05-01,4,52,109,107,2,80,78,27,29
2023-05-01,4,53,118,117,1,102,98,15,19
2023-05-01,4,54,145,135,10,109,114,26,21
2023-05-01,4,61,26,26,0,23,21,3,5
2023-05-01,4,62,58,58,0,37,31,21,27
2023-05-01,4,63,58,57,1,47,47,10,10
2023-05-01,4,64,53,53,0,40,36,13,17
2023-05-01,4,65,128,127,1,85,102,42,25
2023-05-01,4,67,118,113,5,83,88,30,25
2023-05-01,4,68,31,31,0,15,23,16,8
2023-05-01,4,69,21,21,0,16,18,5,3
2023-05-01,4,70,13,13,0,12,11,1,2
2023-05-01,4,74,293,277,16,203,210,74,67
2023-05-01,4,76,106,105,1,81,82,24,23
2023-05-01,4,78,58,58,0,47,43,11,15
2023-05-01,4,79,118,114,4,89,93,25,21
2023-05-01,4,80,115,113,2,84,90,29,23
2023-05-01,4,81,58,57,1,40,37,17,20
2023-05-01,4,85,115,112,3,73,79,39,33
2023-05-01,4,87,139,126,13,112,116,14,10
2023-05-01,4,88,58,58,0,47,49,11,9
2023-05-01,4,89,82,80,2,61,49,19,31
2023-05-01,4,92,73,73,0,54,60,19,13
2023-05-01,4,93,28,28,0,23,22,5,6
2023-05-01,4,94,53,53,0,44,42,9,11
2023-05-01,4,95,129,128,1,96,102,32,26
2023-05-01,4,97,82,81,1,69,67,12,14
2023-05-01,4,98,95,95,0,77,80,18,15
2023-05-01,4,100,95,95,0,66,64,29,31
2023-05-01,4,101,143,138,5,124,121,14,17
2023-05-01,4,102,106,106,0,83,81,23,25
2023-05-01,4,103,33,31,2,23,26,8,5
2023-05-01,4,104,189,183,6,157,160,26,23
2023-05-01,4,108,97,94,3,70,67,24,27
2023-05-01,4,109,94,86,8,69,80,17,6
2023-05-01,4,110,81,77,4,65,68,12,9
2023-05-01,4,113,469,428,41,339,334,89,94
2023-05-01,4,114,110,109,1,69,89,40,20
2023-05-01,4,116,109,107,2,72,86,35,21
2023-05-01,4,119,58,58,0,44,40,14,18
2023-05-01,4,120,31,31,0,19,17,12,14
2023-05-01,4,123,106,106,0,74,83,32,23
2023-05-01,4,125,103,103,0,79,83,24,20
2023-05-01,4,126,62,62,0,39,36,23,26
2023-05-01,4,127,156,151,5,138,138,13,13
2023-05-01,4,128,103,102,1,76,81,26,21
2023-05-01,5,7,58,58,0,43,44,15,14
2023-05-01,5,9,165,153,12,100,95,53,58
2023-05-01,5,11,110,109,1,81,77,28,32
2023-05-01,5,13,67,66,1,52,44,14,22
2023-05-01,5,26,54,54,0,44,44,10,10
2023-05-01,5,32,147,146,1,121,116,25,30
2023-05-01,5,39,13,12,1,10,10,2,2
2023-05-01,5,43,31,31,0,27,25,4,6
2023-05-01,5,45,117,116,1,89,81,27,35
2023-05-01,5,51,53,50,3,38,37,12,13
2023-05-01,5,52,133,133,0,104,97,29,36
2023-05-01,5,57,31,31,0,27,25,4,6
2023-05-01,5,58,31,31,0,26,27,5,4
2023-05-01,5,70,58,58,0,43,43,15,15
2023-05-01,5,72,54,54,0,47,47,7,7
2023-05-01,5,74,31,31,0,28,26,3,5
2023-05-01,5,76,54,51,3,40,40,11,11
2023-05-01,5,77,31,31,0,28,27,3,4
2023-05-01,5,80,112,110,2,91,90,19,20
2023-05-01,5,84,149,145,4,127,127,18,18
2023-05-01,5,85,112,110,2,92,84,18,26
2023-05-01,5,101,167,154,13,105,101,49,53
2023-05-01,5,102,105,97,8,81,67,16,30
2023-05-01,5,108,109,109,0,82,79,27,30
2023-05-01,5,109,65,65,0,54,54,11,11
2023-05-01,5,111,147,146,1,128,126,18,20
2023-05-01,5,114,118,117,1,89,97,28,20
2023-05-01,5,116,137,137,0,101,106,36,31
2023-05-01,5,117,31,31,0,28,27,3,4
2023-05-01,5,121,149,145,4,124,109,21,36
2023-05-01,5,123,104,96,8,73,79,23,17
2023-05-01,5,125,96,96,0,73,71,23,25
2023-05-01,5,127,13,12,1,12,12,0,0
2023-05-01,5,128,94,94,0,67,65,27,29
2023-05-01,6,1,14,14,0,9,8,5,6
2023-05-01,6,2,145,137,8,108,101,29,36
2023-05-01,6,4,27,27,0,24,24,3,3
2023-05-01,6,5,14,14,0,12,12,2,2
2023-05-01,6,6,31,31,0,28,29,3,2
2023-05-01,6,7,262,259,3,177,180,82,79
2023-05-01,6,8,11,11,0,5,9,6,2
2023-05-01,6,10,202,191,11,140,131,51,60
2023-05-01,6,12,14,14,0,2,7,12,7
2023-05-01,6,15,48,48,0,29,27,19,21
2023-05-01,6,16,145,136,9,106,111,30,25
2023-05-01,6,17,143,143,0,113,97,30,46
2023-05-01,6,18,115,112,3,90,93,22,19
2023-05-01,6,19,32,31,1,22,22,9,9
2023-05-01,6,20,27,27,0,17,17,10,10
2023-05-01,6,21,54,53,1,37,38,16,15
2023-05-01,6,22,31,31,0,23,23,8,8
2023-05-01,6,23,39,39,0,32,32,7,7
2023-05-01,6,24,13,13,0,12,12,1,1
2023-05-01,6,25,143,141,2,96,91,45,50
2023-05-01,6,26,423,410,13,329,309,81,101
2023-05-01,6,27,14,14,0,12,9,2,5
2023-05-01,6,28,85,85,0,61,61,24,24
2023-05-01,6,29,115,114,1,80,107,34,7
2023-05-01,6,30,31,31,0,23,24,8,7
2023-05-01,6,31,143,142,1,94,74,48,68
2023-05-01,6,32,498,471,27,382,364,89,107
2023-05-01,6,33,143,143,0,108,80,35,63
2023-05-01,6,34,39,39,0,26,29,13,10
2023-05-01,6,36,143,143,0,94,116,49,27
2023-05-01,6,37,52,52,0,22,20,30,32
2023-05-01,6,38,75,74,1,60,58,14,16
2023-05-01,6,40,27,27,0,22,24,5,3
2023-05-01,6,41,115,112,3,90,92,22,20
2023-05-01,6,42,31,31,0,25,26,6,5
2023-05-01,6,43,143,143,0,99,94,44,49
2023-05-01,6,44,262,249,13,184,191,65,58
2023-05-01,6,46,13,13,0,11,13,2,0
2023-05-01,6,47,32,31,1,16,23,15,8
2023-05-01,6,48,31,31,0,16,19,15,12
2023-05-01,6,49,9,9,0,8,8,1,1
2023-05-01,6,53,27,27,0,20,21,7,6
2023-05-01,6,54,54,53,1,38,36,15,17
2023-05-01,6,55,31,31,0,25,24,6,7
2023-05-01,6,56,31,31,0,27,26,4,5
2023-05-01,6,57,240,238,2,161,179,77,59
2023-05-01,6,58,286,283,3,209,213,74,70
2023-05-01,6,59,31,31,0,20,25,11,6
2023-05-01,6,60,18,18,0,9,10,9,8
2023-05-01,6,61,39,39,0,29,27,10,12
2023-05-01,6,62,137,135,2,104,83,31,52
2023-05-01,6,63,70,68,2,56,53,12,15
2023-05-01,6,64,49,47,2,33,37,14,10
2023-05-01,6,65,31,31,0,22,23,9,8
2023-05-01,6,66,12,12,0,8,9,4,3
2023-05-01,6,67,90,90,0,68,61,22,29
2023-05-01,6,68,23,23,0,16,15,7,8
2023-05-01,6,69,143,142,1,88,106,54,36
2023-05-01,6,70,261,259,2,189,188,70,71
2023-05-01,6,72,428,413,15,336,326,77,87
2023-05-01,6,73,52,52,0,38,39,14,13
2023-05-01,6,74,143,143,0,113,110,30,33
2023-05-01,6,75,31,31,0,21,19,10,12
2023-05-01,6,77,240,238,2,178,193,60,45
2023-05-01,6,78,137,135,2,106,95,29,40
2023-05-01,6,79,89,89,0,69,59,20,30
2023-05-01,6,81,40,40,0,32,30,8,10
2023-05-01,6,82,189,186,3,115,153,71,33
2023-05-01,6,83,70,70,0,58,58,12,12
2023-05-01,6,84,823,747,76,607,552,140,195
2023-05-01,6,86,14,14,0,11,11,3,3
2023-05-01,6,87,85,85,0,59,61,26,24
2023-05-01,6,88,40,40,0,25,22,15,18
2023-05-01,6,89,35,35,0,24,22,11,13
2023-05-01,6,90,11,11,0,9,7,2,4
2023-05-01,6,91,114,113,1,82,91,31,22
2023-05-01,6,92,39,39,0,27,27,12,12
2023-05-01,6,93,9,9,0,6,7,3,2
2023-05-01,6,94,49,48,1,39,37,9,11
2023-05-01,6,95,31,31,0,25,23,6,8
2023-05-01,6,96,195,191,4,156,139,35,52
2023-05-01,6,97,35,35,0,29,28,6,7
2023-05-01,6,98,21,20,1,14,12,6,8
2023-05-01,6,99,140,135,5,100,113,35,22
2023-05-01,6,100,21,20,1,10,12,10,8
2023-05-01,6,103,31,31,0,16,17,15,14
2023-05-01,6,104,143,142,1,86,81,56,61
2023-05-01,6,105,70,70,0,56,51,14,19
2023-05-01,6,106,62,61,1,43,28,18,33
2023-05-01,6,107,203,193,10,152,144,41,49
2023-05-01,6,110,48,48,0,39,37,9,11
2023-05-01,6,111,494,470,24,387,371,83,99
2023-05-01,6,112,75,74,1,63,67,11,7
2023-05-01,6,113,262,246,16,191,199,55,47
2023-05-01,6,117,287,284,3,216,210,68,74
2023-05-01,6,118,17,17,0,13,12,4,5
2023-05-01,6,119,70,69,1,59,57,10,12
2023-05-01,6,120,23,23,0,18,19,5,4
2023-05-01,6,121,817,739,78,584,581,155,158
2023-05-01,6,122,149,143,6,101,118,42,25
2023-05-01,6,124,62,61,1,46,42,15,19
2023-05-01,6,126,143,143,0,79,88,64,55
2023-05-01,7,8,47,45,2,16,25,29,20
2023-05-01,7,34,15,13,2,3,7,10,6
2023-05-01,7,49,13,13,0,12,13,1,0
2023-05-01,7,64,34,32,2,27,27,5,5
2023-05-01,7,65,23,23,0,13,14,10,9
2023-05-01,7,89,26,25,1,22,21,3,4
2023-05-01,7,90,47,45,2,33,23,12,22
2023-05-01,7,92,15,13,2,7,8,6,5
2023-05-01,7,93,13,13,0,10,13,3,0
2023-05-01,7,94,33,31,2,28,27,3,4
2023-05-01,7,95,23,23,0,14,14,9,9
2023-05-01,7,97,25,25,0,21,22,4,3
2023-05-01,7,98,33,33,0,25,26,8,7
2023-05-01,7,100,33,33,0,14,17,19,16
2023-06-01,2,2,30,30,0,18,19,12,11
2023-06-01,2,5,26,26,0,21,14,5,12
2023-06-01,2,6,25,23,2,21,21,2,2
2023-06-01,2,7,92,88,4,45,52,43,36
2023-06-01,2,8,26,25,1,21,19,4,6
2023-06-01,2,10,113,106,7,76,81,30,25
2023-06-01,2,15,61,60,1,34,37,26,23
2023-06-01,2,16,30,30,0,18,19,12,11
2023-06-01,2,17,76,75,1,52,47,23,28
2023-06-01,2,18,30,30,0,18,18,12,12
2023-06-01,2,19,23,22,1,19,19,3,3
2023-06-01,2,23,21,21,0,19,18,2,3
2023-06-01,2,24,21,21,0,12,13,9,8
2023-06-01,2,25,24,23,1,14,13,9,10
2023-06-01,2,26,140,133,7,84,79,49,54
2023-06-01,2,28,58,56,2,45,45,11,11
2023-06-01,2,29,22,21,1,14,11,7,10
2023-06-01,2,30,30,30,0,23,22,7,8
2023-06-01,2,32,153,141,12,93,95,48,46
2023-06-01,2,33,50,50,0,32,30,18,20
2023-06-01,2,36,76,75,1,54,58,21,17
2023-06-01,2,37,94,89,5,47,55,42,34
2023-06-01,2,38,82,81,1,47,59,34,22
2023-06-01,2,41,30,30,0,17,18,13,12
2023-06-01,2,42,17,17,0,13,15,4,2
2023-06-01,2,43,30,29,1,15,17,14,12
2023-06-01,2,46,25,25,0,11,18,14,7
2023-06-01,2,47,24,23,1,15,17,8,6
2023-06-01,2,48,26,24,2,5,11,19,13
2023-06-01,2,55,25,23,2,21,21,2,2
2023-06-01,2,56,17,17,0,14,15,3,2
2023-06-01,2,57,173,166,7,118,111,48,55
2023-06-01,2,58,238,223,15,172,167,51,56
2023-06-01,2,60,22,22,0,11,11,11,11
2023-06-01,2,61,22,22,0,16,11,6,11
2023-06-01,2,62,119,116,3,71,69,45,47
2023-06-01,2,63,70,69,1,54,52,15,17
2023-06-01,2,66,21,21,0,9,11,12,10
2023-06-01,2,67,75,73,2,38,41,35,32
2023-06-01,2,68,31,30,1,20,19,10,11
2023-06-01,2,69,24,23,1,11,14,12,9
2023-06-01,2,70,92,89,3,51,51,38,38
2023-06-01,2,72,140,134,6,68,66,66,68
2023-06-01,2,73,94,92,2,55,53,37,39
2023-06-01,2,74,30,29,1,15,17,14,12
2023-06-01,2,75,25,24,1,14,7,10,17
2023-06-01,2,77,173,167,6,91,116,76,51
2023-06-01,2,78,119,117,2,73,73,44,44
2023-06-01,2,79,73,72,1,45,44,27,28
2023-06-01,2,81,42,41,1,27,29,14,12
2023-06-01,2,82,64,59,5,39,41,20,18
2023-06-01,2,83,61,61,0,36,37,25,24
2023-06-01,2,84,363,333,30,216,233,117,100
2023-06-01,2,87,59,57,2,42,44,15,13
2023-06-01,2,88,43,39,4,25,25,14,14
2023-06-01,2,90,26,25,1,17,18,8,7
2023-06-01,2,91,22,21,1,5,11,16,10
2023-06-01,2,96,63,58,5,30,34,28,24
2023-06-01,2,99,46,43,3,13,17,30,26
2023-06-01,2,103,31,31,0,20,22,11,9
2023-06-01,2,105,61,60,1,34,27,26,33
2023-06-01,2,106,81,80,1,58,49,22,31
2023-06-01,2,107,113,106,7,71,63,35,43
2023-06-01,2,110,61,61,0,42,41,19,20
2023-06-01,2,111,153,141,12,91,92,50,49
2023-06-01,2,112,82,81,1,54,54,27,27
2023-06-01,2,117,237,224,13,174,179,50,45
2023-06-01,2,118,22,22,0,17,17,5,5
2023-06-01,2,119,70,69,1,53,56,16,13
2023-06-01,2,120,31,30,1,22,23,8,7
2023-06-01,2,121,362,333,29,249,236,84,97
2023-06-01,2,122,45,44,1,32,22,12,22
2023-06-01,2,124,81,80,1,66,65,14,15
2023-06-01,2,126,51,50,1,24,23,26,27
2023-06-01,3,7,250,245,5,161,172,84,73
2023-06-01,3,8,91,88,3,70,73,18,15
2023-06-01,3,10,219,212,7,120,130,92,82
2023-06-01,3,17,76,76,0,50,55,26,21
2023-06-01,3,18,8,8,0,7,7,1,1
2023-06-01,3,19,42,41,1,30,30,11,11
2023-06-01,3,22,22,22,0,17,18,5,4
2023-06-01,3,25,94,93,1,74,78,19,15
2023-06-01,3,26,394,383,11,300,256,83,127
2023-06-01,3,27,48,48,0,44,45,4,3
2023-06-01,3,29,147,145,2,100,90,45,55
2023-06-01,3,32,548,535,13,438,411,97,124
2023-06-01,3,33,71,69,2,52,54,17,15
2023-06-01,3,34,26,26,0,16,15,10,11
2023-06-01,3,36,76,76,0,62,64,14,12
2023-06-01,3,37,30,30,0,7,8,23,22
2023-06-01,3,38,39,39,0,15,18,24,21
2023-06-01,3,41,8,8,0,7,7,1,1
2023-06-01,3,47,41,40,1,14,31,26,9
2023-06-01,3,48,30,28,2,6,14,22,14
2023-06-01,3,57,25,25,0,16,13,9,12
2023-06-01,3,58,90,90,0,59,50,31,40
2023-06-01,3,59,22,22,0,18,19,4,3
2023-06-01,3,60,30,29,1,18,19,11,10
2023-06-01,3,62,38,38,0,28,28,10,10
2023-06-01,3,63,41,40,1,34,33,6,7
2023-06-01,3,64,28,27,1,12,13,15,14
2023-06-01,3,65,28,27,1,13,12,14,15
2023-06-01,3,69,95,94,1,69,77,25,17
2023-06-01,3,70,250,248,2,168,151,80,97
2023-06-01,3,72,395,387,8,263,271,124,116
2023-06-01,3,73,30,30,0,12,12,18,18
2023-06-01,3,75,30,29,1,5,4,24,25
2023-06-01,3,77,24,24,0,18,18,6,6
2023-06-01,3,78,38,38,0,17,18,21,20
2023-06-01,3,82,203,194,9,122,118,72,76
2023-06-01,3,83,30,29,1,17,19,12,10
2023-06-01,3,84,939,858,81,592,571,266,287
2023-06-01,3,86,48,47,1,38,43,9,4
2023-06-01,3,89,22,21,1,17,14,4,7
2023-06-01,3,90,92,90,2,52,61,38,29
2023-06-01,3,91,146,145,1,88,101,57,44
2023-06-01,3,92,27,27,0,18,18,9,9
2023-06-01,3,94,28,27,1,19,17,8,10
2023-06-01,3,95,28,27,1,19,20,8,7
2023-06-01,3,96,203,193,10,122,133,71,60
2023-06-01,3,97,22,21,1,19,18,2,3
2023-06-01,3,98,43,42,1,30,30,12,12
2023-06-01,3,99,215,206,9,119,151,87,55
2023-06-01,3,100,43,42,1,24,25,18,17
2023-06-01,3,105,30,29,1,15,12,14,17
2023-06-01,3,106,52,52,0,36,32,16,20
2023-06-01,3,107,219,213,6,143,103,70,110
2023-06-01,3,111,548,530,18,372,362,158,168
2023-06-01,3,112,39,39,0,19,16,20,23
2023-06-01,3,117,90,90,0,49,55,41,35
2023-06-01,3,118,30,29,1,18,17,11,12
2023-06-01,3,119,42,42,0,32,32,10,10
2023-06-01,3,121,938,860,78,567,486,293,374
2023-06-01,3,122,214,208,6,121,88,87,120
2023-06-01,3,124,52,52,0,26,31,26,21
2023-06-01,3,126,69,68,1,54,57,14,11
2023-06-01,4,1,52,52,0,46,26,6,26
2023-06-01,4,2,181,181,0,92,111,89,70
2023-06-01,4,4,111,110,1,96,96,14,14
2023-06-01,4,5,59,59,0,46,21,13,38
2023-06-01,4,7,13,10,3,6,8,4,2
2023-06-01,4,9,138,130,8,105,101,25,29
2023-06-01,4,11,107,107,0,74,79,33,28
2023-06-01,4,12,52,52,0,21,34,31,18
2023-06-01,4,13,108,98,10,82,81,16,17
2023-06-01,4,15,95,93,2,76,74,17,19
2023-06-01,4,16,180,178,2,111,56,67,122
2023-06-01,4,17,79,79,0,37,36,42,43
2023-06-01,4,18,161,161,0,109,105,52,56
2023-06-01,4,20,117,116,1,91,96,25,20
2023-06-01,4,21,137,128,9,99,110,29,18
2023-06-01,4,23,25,24,1,20,19,4,5
2023-06-01,4,25,17,15,2,14,13,1,2
2023-06-01,4,28,133,122,11,105,109,17,13
2023-06-01,4,30,27,27,0,20,23,7,4
2023-06-01,4,31,181,172,9,146,148,26,24
2023-06-01,4,33,65,65,0,43,40,22,25
2023-06-01,4,34,61,61,0,35,36,26,25
2023-06-01,4,36,79,77,2,24,30,53,47
2023-06-01,4,39,153,149,4,138,139,11,10
2023-06-01,4,40,111,110,1,85,69,25,41
2023-06-01,4,41,161,160,1,118,124,42,36
2023-06-01,4,43,273,259,14,189,183,70,76
2023-06-01,4,44,461,403,58,299,301,104,102
2023-06-01,4,45,114,111,3,79,80,32,31
2023-06-01,4,46,59,59,0,40,51,19,8
2023-06-01,4,49,30,30,0,10,12,20,18
2023-06-01,4,51,108,107,1,87,83,20,24
2023-06-01,4,52,111,105,6,71,75,34,30
2023-06-01,4,53,117,116,1,96,97,20,19
2023-06-01,4,54,137,126,11,108,112,18,14
2023-06-01,4,61,25,23,2,17,17,6,6
2023-06-01,4,62,61,60,1,38,34,22,26
2023-06-01,4,63,40,36,4,28,27,8,9
2023-06-01,4,64,46,46,0,33,28,13,18
2023-06-01,4,65,115,115,0,76,87,39,28
2023-06-01,4,67,111,102,9,73,77,29,25
2023-06-01,4,68,30,30,0,18,19,12,11
2023-06-01,4,69,21,19,2,15,16,4,3
2023-06-01,4,70,14,11,3,10,10,1,1
2023-06-01,4,74,273,259,14,197,194,62,65
2023-06-01,4,76,108,107,1,85,87,22,20
2023-06-01,4,78,61,61,0,39,34,22,27
2023-06-01,4,79,111,105,6,68,70,37,35
2023-06-01,4,80,118,114,4,78,73,36,41
2023-06-01,4,81,56,54,2,31,33,23,21
2023-06-01,4,85,119,113,6,62,68,51,45
2023-06-01,4,87,133,120,13,101,106,19,14
2023-06-01,4,88,56,53,3,42,40,11,13
2023-06-01,4,89,93,90,3,64,52,26,38
2023-06-01,4,92,61,61,0,42,48,19,13
2023-06-01,4,93,30,30,0,18,15,12,15
2023-06-01,4,94,46,46,0,36,34,10,12
2023-06-01,4,95,115,115,0,88,91,27,24
2023-06-01,4,97,94,93,1,70,73,23,20
2023-06-01,4,98,92,89,3,73,75,16,14
2023-06-01,4,100,92,89,3,68,61,21,28
2023-06-01,4,101,138,129,9,106,104,23,25
2023-06-01,4,102,110,107,3,80,78,27,29
2023-06-01,4,103,27,26,1,22,22,4,4
2023-06-01,4,104,182,171,11,119,122,52,49
2023-06-01,4,108,108,108,0,83,82,25,26
2023-06-01,4,109,108,98,10,75,85,23,13
2023-06-01,4,110,96,93,3,71,78,22,15
2023-06-01,4,113,461,408,53,312,311,96,97
2023-06-01,4,114,114,111,3,79,84,32,27
2023-06-01,4,116,111,106,5,72,76,34,30
2023-06-01,4,119,40,38,2,30,28,8,10
2023-06-01,4,120,30,30,0,21,20,9,10
2023-06-01,4,123,110,106,4,73,80,33,26
2023-06-01,4,125,110,109,1,80,77,29,32
2023-06-01,4,126,64,64,0,29,35,35,29
2023-06-01,4,127,152,150,2,121,127,29,23
2023-06-01,4,128,109,108,1,82,89,26,19
2023-06-01,5,7,56,56,0,44,45,12,11
2023-06-01,5,9,139,130,9,101,91,29,39
2023-06-01,5,11,97,97,0,73,73,24,24
2023-06-01,5,13,51,49,2,35,29,14,20
2023-06-01,5,26,53,51,2,38,29,13,22
2023-06-01,5,32,142,136,6,107,97,29,39
2023-06-01,5,39,13,13,0,12,12,1,1
2023-06-01,5,43,30,30,0,21,20,9,10
2023-06-01,5,45,103,103,0,78,69,25,34
2023-06-01,5,51,45,42,3,27,25,15,17
2023-06-01,5,52,112,111,1,82,76,29,35
2023-06-01,5,57,30,30,0,27,21,3,9
2023-06-01,5,58,30,30,0,22,24,8,6
2023-06-01,5,70,56,56,0,33,30,23,26
2023-06-01,5,72,53,53,0,44,43,9,10
2023-06-01,5,74,30,30,0,23,21,7,9
2023-06-01,5,76,45,42,3,30,31,12,11
2023-06-01,5,77,30,30,0,27,27,3,3
2023-06-01,5,80,98,95,3,62,56,33,39
2023-06-01,5,84,146,141,5,112,110,29,31
2023-06-01,5,85,95,90,5,57,53,33,37
2023-06-01,5,101,139,131,8,93,95,38,36
2023-06-01,5,102,86,84,2,66,55,18,29
2023-06-01,5,108,96,96,0,74,79,22,17
2023-06-01,5,109,51,50,1,40,40,10,10
2023-06-01,5,111,142,135,7,108,105,27,30
2023-06-01,5,114,103,103,0,78,85,25,18
2023-06-01,5,116,120,119,1,89,92,30,27
2023-06-01,5,117,30,30,0,25,24,5,6
2023-06-01,5,121,145,144,1,110,88,34,56
2023-06-01,5,123,87,84,3,69,68,15,16
2023-06-01,5,125,82,82,0,62,58,20,24
2023-06-01,5,127,13,13,0,12,12,1,1
2023-06-01,5,128,81,81,0,62,60,19,21
2023-06-01,6,1,14,14,0,7,3,7,11
2023-06-01,6,2,139,129,10,72,78,57,51
2023-06-01,6,4,20,20,0,15,16,5,4
2023-06-01,6,5,13,13,0,8,5,5,8
2023-06-01,6,6,37,37,0,32,34,5,3
2023-06-01,6,7,245,240,5,138,137,102,103
2023-06-01,6,8,18,17,1,8,8,9,9
2023-06-01,6,10,180,169,11,101,103,68,66
2023-06-01,6,12,14,14,0,0,1,14,13
2023-06-01,6,15,49,48,1,18,17,30,31
2023-06-01,6,16,139,129,10,82,72,47,57
2023-06-01,6,17,142,141,1,96,94,45,47
2023-06-01,6,18,99,97,2,78,76,19,21
2023-06-01,6,19,37,37,0,28,31,9,6
2023-06-01,6,20,26,26,0,21,18,5,8
2023-06-01,6,21,52,52,0,37,36,15,16
2023-06-01,6,22,32,32,0,24,26,8,6
2023-06-01,6,23,47,47,0,32,31,15,16
2023-06-01,6,24,14,14,0,9,8,5,6
2023-06-01,6,25,134,134,0,79,80,55,54
2023-06-01,6,26,394,379,15,267,224,112,155
2023-06-01,6,27,13,13,0,11,8,2,5
2023-06-01,6,28,82,81,1,51,48,30,33
2023-06-01,6,29,112,107,5,67,69,40,38
2023-06-01,6,30,32,32,0,23,26,9,6
2023-06-01,6,31,138,136,2,91,77,45,59
2023-06-01,6,32,483,443,40,300,265,143,178
2023-06-01,6,33,135,132,3,82,70,50,62
2023-06-01,6,34,33,32,1,18,24,14,8
2023-06-01,6,36,141,140,1,98,112,42,28
2023-06-01,6,37,73,73,0,33,31,40,42
2023-06-01,6,38,79,79,0,55,57,24,22
2023-06-01,6,40,20,20,0,17,14,3,6
2023-06-01,6,41,99,98,1,81,84,17,14
2023-06-01,6,42,30,30,0,20,18,10,12
2023-06-01,6,43,120,117,3,82,74,35,43
2023-06-01,6,44,250,240,10,185,184,55,56
2023-06-01,6,46,13,13,0,10,13,3,0
2023-06-01,6,47,35,34,1,22,28,12,6
2023-06-01,6,48,38,37,1,11,23,26,14
2023-06-01,6,49,9,9,0,6,6,3,3
2023-06-01,6,53,26,26,0,20,21,6,5
2023-06-01,6,54,52,52,0,37,29,15,23
2023-06-01,6,55,37,37,0,29,23,8,14
2023-06-01,6,56,30,30,0,21,20,9,10
2023-06-01,6,57,244,239,5,152,141,87,98
2023-06-01,6,58,298,291,7,192,186,99,105
2023-06-01,6,59,32,32,0,22,25,10,7
2023-06-01,6,60,26,25,1,16,17,9,8
2023-06-01,6,61,46,46,0,25,22,21,24
2023-06-01,6,62,139,139,0,101,84,38,55
2023-06-01,6,63,73,69,4,51,46,18,23
2023-06-01,6,64,48,47,1,33,33,14,14
2023-06-01,6,65,39,38,1,27,26,11,12
2023-06-01,6,66,14,14,0,8,9,6,5
2023-06-01,6,67,87,87,0,73,66,14,21
2023-06-01,6,68,28,27,1,23,19,4,8
2023-06-01,6,69,134,133,1,79,92,54,41
2023-06-01,6,70,245,241,4,146,137,95,104
2023-06-01,6,72,404,388,16,257,268,131,120
2023-06-01,6,73,73,73,0,55,47,18,26
2023-06-01,6,74,120,116,4,76,78,40,38
2023-06-01,6,75,37,36,1,19,12,17,24
2023-06-01,6,77,244,240,4,150,163,90,77
2023-06-01,6,78,139,139,0,96,87,43,52
2023-06-01,6,79,87,87,0,60,53,27,34
2023-06-01,6,81,37,37,0,25,25,12,12
2023-06-01,6,82,179,169,10,109,112,60,57
2023-06-01,6,83,72,71,1,57,56,14,15
2023-06-01,6,84,754,675,79,496,483,179,192
2023-06-01,6,86,13,13,0,8,8,5,5
2023-06-01,6,87,82,81,1,53,54,28,27
2023-06-01,6,88,37,37,0,22,17,15,20
2023-06-01,6,89,34,31,3,20,18,11,13
2023-06-01,6,90,18,17,1,11,10,6,7
2023-06-01,6,91,113,107,6,62,81,45,26
2023-06-01,6,92,32,31,1,20,24,11,7
2023-06-01,6,93,9,9,0,6,5,3,4
2023-06-01,6,94,48,47,1,40,38,7,9
2023-06-01,6,95,39,38,1,33,28,5,10
2023-06-01,6,96,190,178,12,126,133,52,45
2023-06-01,6,97,34,32,2,27,25,5,7
2023-06-01,6,98,25,24,1,15,16,9,8
2023-06-01,6,99,135,132,3,74,108,58,24
2023-06-01,6,100,25,24,1,13,12,11,12
2023-06-01,6,103,32,32,0,24,24,8,8
2023-06-01,6,104,140,137,3,82,75,55,62
2023-06-01,6,105,72,71,1,52,38,19,33
2023-06-01,6,106,68,68,0,43,28,25,40
2023-06-01,6,107,180,168,12,130,102,38,66
2023-06-01,6,110,49,48,1,31,30,17,18
2023-06-01,6,111,476,439,37,340,324,99,115
2023-06-01,6,112,79,79,0,54,59,25,20
2023-06-01,6,113,249,237,12,178,184,59,53
2023-06-01,6,117,298,290,8,194,177,96,113
2023-06-01,6,118,26,26,0,19,17,7,9
2023-06-01,6,119,73,69,4,55,51,14,18
2023-06-01,6,120,28,27,1,23,24,4,3
2023-06-01,6,121,751,674,77,497,418,177,256
2023-06-01,6,122,145,139,6,92,85,47,54
2023-06-01,6,124,68,68,0,47,42,21,26
2023-06-01,6,126,136,133,3,57,63,76,70
2023-06-01,7,8,40,33,7,14,16,19,17
2023-06-01,7,34,20,19,1,7,10,12,9
2023-06-01,7,49,12,12,0,10,9,2,3
2023-06-01,7,64,30,29,1,18,19,11,10
2023-06-01,7,65,13,12,1,6,8,6,4
2023-06-01,7,89,22,20,2,11,11,9,9
2023-06-01,7,90,40,33,7,23,22,10,11
2023-06-01,7,92,21,20,1,13,14,7,6
2023-06-01,7,93,12,12,0,9,10,3,2
2023-06-01,7,94,30,29,1,21,19,8,10
2023-06-01,7,95,13,12,1,8,6,4,6
2023-06-01,7,97,22,20,2,11,10,9,10
2023-06-01,7,98,27,25,2,16,16,9,9
2023-06-01,7,100,27,25,2,12,11,13,14
2023-07-01,2,2,36,34,2,21,24,13,10
2023-07-01,2,5,30,28,2,23,21,5,7
2023-07-01,2,6,35,34,1,26,27,8,7
2023-07-01,2,7,103,101,2,64,71,37,30
2023-07-01,2,8,30,29,1,26,21,3,8
2023-07-01,2,10,120,104,16,82,87,22,17
2023-07-01,2,15,79,78,1,56,54,22,24
2023-07-01,2,16,36,34,2,22,26,12,8
2023-07-01,2,17,93,91,2,63,58,28,33
2023-07-01,2,18,31,31,0,21,20,10,11
2023-07-01,2,19,27,27,0,23,23,4,4
2023-07-01,2,23,25,25,0,21,21,4,4
2023-07-01,2,24,25,25,0,14,15,11,10
2023-07-01,2,25,29,29,0,14,13,15,16
2023-07-01,2,26,157,147,10,88,86,59,61
2023-07-01,2,28,55,53,2,42,40,11,13
2023-07-01,2,29,24,22,2,13,14,9,8
2023-07-01,2,30,36,36,0,27,27,9,9
2023-07-01,2,32,202,191,11,132,137,59,54
2023-07-01,2,33,50,50,0,33,32,17,18
2023-07-01,2,36,93,92,1,76,81,16,11
2023-07-01,2,37,124,120,4,75,83,45,37
2023-07-01,2,38,121,119,2,72,80,47,39
2023-07-01,2,41,31,31,0,16,21,15,10
2023-07-01,2,42,18,18,0,11,15,7,3
2023-07-01,2,43,31,30,1,17,17,13,13
2023-07-01,2,46,32,29,3,13,24,16,5
2023-07-01,2,47,27,26,1,16,17,10,9
2023-07-01,2,48,31,31,0,9,16,22,15
2023-07-01,2,55,35,34,1,24,23,10,11
2023-07-01,2,56,18,18,0,16,14,2,4
2023-07-01,2,57,223,218,5,158,151,60,67
2023-07-01,2,58,281,270,11,198,199,72,71
2023-07-01,2,60,29,29,0,15,15,14,14
2023-07-01,2,61,25,25,0,17,15,8,10
2023-07-01,2,62,114,113,1,70,69,43,44
2023-07-01,2,63,81,80,1,60,58,20,22
2023-07-01,2,66,25,25,0,10,14,15,11
2023-07-01,2,67,89,86,3,41,45,45,41
2023-07-01,2,68,57,56,1,28,28,28,28
2023-07-01,2,69,29,29,0,11,13,18,16
2023-07-01,2,70,103,101,2,72,71,29,30
2023-07-01,2,72,160,150,10,82,84,68,66
2023-07-01,2,73,123,119,4,73,82,46,37
2023-07-01,2,74,31,30,1,17,18,13,12
2023-07-01,2,75,31,31,0,24,16,7,15
2023-07-01,2,77,223,218,5,134,153,84,65
2023-07-01,2,78,113,113,0,68,67,45,46
2023-07-01,2,79,89,86,3,56,51,30,35
2023-07-01,2,81,55,55,0,42,43,13,12
2023-07-01,2,82,69,66,3,47,47,19,19
2023-07-01,2,83,59,59,0,35,38,24,21
2023-07-01,2,84,387,356,31,237,258,119,98
2023-07-01,2,87,55,53,2,39,36,14,17
2023-07-01,2,88,55,55,0,41,43,14,12
2023-07-01,2,90,30,29,1,17,23,12,6
2023-07-01,2,91,26,22,4,8,13,14,9
2023-07-01,2,96,71,65,6,34,46,31,19
2023-07-01,2,99,59,56,3,12,26,44,30
2023-07-01,2,103,37,36,1,25,25,11,11
2023-07-01,2,105,60,60,0,28,28,32,32
2023-07-01,2,106,109,107,2,76,59,31,48
2023-07-01,2,107,120,105,15,69,71,36,34
2023-07-01,2,110,79,78,1,60,63,18,15
2023-07-01,2,111,201,194,7,122,121,72,73
2023-07-01,2,112,121,119,2,77,77,42,42
2023-07-01,2,117,281,271,10,199,207,72,64
2023-07-01,2,118,29,29,0,21,25,8,4
2023-07-01,2,119,81,80,1,59,61,21,19
2023-07-01,2,120,56,56,0,30,30,26,26
2023-07-01,2,121,386,354,32,247,238,107,116
2023-07-01,2,122,58,56,2,30,26,26,30
2023-07-01,2,124,109,107,2,79,84,28,23
2023-07-01,2,126,50,50,0,27,26,23,24
2023-07-01,3,7,235,229,6,167,171,62,58
2023-07-01,3,8,91,91,0,78,78,13,13
2023-07-01,3,10,216,214,2,144,153,70,61
2023-07-01,3,17,110,110,0,90,92,20,18
2023-07-01,3,18,5,5,0,4,4,1,1
2023-07-01,3,19,42,42,0,36,36,6,6
2023-07-01,3,22,26,26,0,17,18,9,8
2023-07-01,3,25,92,92,0,73,73,19,19
2023-07-01,3,26,386,378,8,273,260,105,118
2023-07-01,3,27,47,47,0,40,43,7,4
2023-07-01,3,29,148,147,1,93,88,54,59
2023-07-01,3,32,537,514,23,416,390,98,124
2023-07-01,3,33,66,66,0,47,47,19,19
2023-07-01,3,34,10,9,1,4,5,5,4
2023-07-01,3,36,109,109,0,91,96,18,13
2023-07-01,3,37,31,31,0,16,15,15,16
2023-07-01,3,38,40,39,1,19,22,20,17
2023-07-01,3,41,5,5,0,4,4,1,1
2023-07-01,3,47,42,41,1,30,35,11,6
2023-07-01,3,48,31,31,0,16,22,15,9
2023-07-01,3,57,19,19,0,9,10,10,9
2023-07-01,3,58,82,81,1,62,60,19,21
2023-07-01,3,59,27,26,1,17,18,9,8
2023-07-01,3,60,31,30,1,21,21,9,9
2023-07-01,3,62,36,36,0,24,25,12,11
2023-07-01,3,63,39,38,1,33,35,5,3
2023-07-01,3,64,27,25,2,17,14,8,11
2023-07-01,3,65,19,19,0,15,14,4,5
2023-07-01,3,69,93,92,1,71,70,21,22
2023-07-01,3,70,234,228,6,169,153,59,75
2023-07-01,3,72,387,381,6,250,268,131,113
2023-07-01,3,73,30,30,0,20,24,10,6
2023-07-01,3,75,31,30,1,13,12,17,18
2023-07-01,3,77,19,19,0,12,13,7,6
2023-07-01,3,78,36,36,0,16,18,20,18
2023-07-01,3,82,195,184,11,110,90,74,94
2023-07-01,3,83,31,31,0,19,23,12,8
2023-07-01,3,84,914,841,73,619,610,222,231
2023-07-01,3,86,47,47,0,37,42,10,5
2023-07-01,3,89,21,19,2,16,12,3,7
2023-07-01,3,90,93,93,0,61,81,32,12
2023-07-01,3,91,149,146,3,95,110,51,36
2023-07-01,3,92,10,9,1,8,9,1,0
2023-07-01,3,94,27,25,2,21,19,4,6
2023-07-01,3,95,19,19,0,17,17,2,2
2023-07-01,3,96,195,183,12,97,128,86,55
2023-07-01,3,97,21,19,2,16,16,3,3
2023-07-01,3,98,24,24,0,20,21,4,3
2023-07-01,3,99,212,199,13,107,149,92,50
2023-07-01,3,100,24,24,0,17,19,7,5
2023-07-01,3,105,31,31,0,9,11,22,20
2023-07-01,3,106,47,47,0,27,28,20,19
2023-07-01,3,107,215,214,1,146,126,68,88
2023-07-01,3,111,538,520,18,354,347,166,173
2023-07-01,3,112,40,40,0,28,25,12,15
2023-07-01,3,117,82,82,0,50,54,32,28
2023-07-01,3,118,31,30,1,21,19,9,11
2023-07-01,3,119,38,37,1,24,26,13,11
2023-07-01,3,121,918,844,74,597,527,247,317
2023-07-01,3,122,212,202,10,102,91,100,111
2023-07-01,3,124,46,46,0,25,28,21,18
2023-07-01,3,126,64,64,0,45,46,19,18
2023-07-01,4,1,52,52,0,44,36,8,16
2023-07-01,4,2,185,182,3,98,120,84,62
2023-07-01,4,4,114,112,2,97,97,15,15
2023-07-01,4,5,62,62,0,48,36,14,26
2023-07-01,4,6,6,6,0,4,5,2,1
2023-07-01,4,7,13,13,0,3,3,10,10
2023-07-01,4,9,140,132,8,114,112,18,20
2023-07-01,4,11,114,111,3,71,77,40,34
2023-07-01,4,12,52,52,0,30,35,22,17
2023-07-01,4,13,114,105,9,81,87,24,18
2023-07-01,4,15,102,96,6,83,80,13,16
2023-07-01,4,16,184,182,2,114,80,68,102
2023-07-01,4,17,45,45,0,31,31,14,14
2023-07-01,4,18,169,168,1,111,109,57,59
2023-07-01,4,19,12,12,0,9,7,3,5
2023-07-01,4,20,122,122,0,97,99,25,23
2023-07-01,4,21,143,128,15,100,109,28,19
2023-07-01,4,23,26,25,1,18,16,7,9
2023-07-01,4,25,19,19,0,10,12,9,7
2023-07-01,4,27,5,5,0,4,5,1,0
2023-07-01,4,28,134,123,11,101,111,22,12
2023-07-01,4,30,30,30,0,26,25,4,5
2023-07-01,4,31,181,166,15,124,131,42,35
2023-07-01,4,33,76,76,0,52,51,24,25
2023-07-01,4,34,85,85,0,43,42,42,43
2023-07-01,4,36,45,45,0,23,18,22,27
2023-07-01,4,39,152,143,9,127,126,16,17
2023-07-01,4,40,114,112,2,96,78,16,34
2023-07-01,4,41,169,168,1,117,123,51,45
2023-07-01,4,43,270,255,15,176,167,79,88
2023-07-01,4,44,461,408,53,291,281,117,127
2023-07-01,4,45,114,109,5,79,74,30,35
2023-07-01,4,46,62,62,0,53,57,9,5
2023-07-01,4,47,12,12,0,5,5,7,7
2023-07-01,4,48,9,9,0,7,9,2,0
2023-07-01,4,49,38,38,0,19,21,19,17
2023-07-01,4,51,119,117,2,90,90,27,27
2023-07-01,4,52,114,114,0,81,87,33,27
2023-07-01,4,53,122,121,1,96,96,25,25
2023-07-01,4,54,144,129,15,105,108,24,21
2023-07-01,4,55,6,6,0,4,1,2,5
2023-07-01,4,57,12,12,0,4,4,8,8
2023-07-01,4,58,11,11,0,7,7,4,4
2023-07-01,4,61,26,25,1,16,20,9,5
2023-07-01,4,62,68,66,2,42,37,24,29
2023-07-01,4,63,44,43,1,26,28,17,15
2023-07-01,4,64,46,45,1,28,21,17,24
2023-07-01,4,65,125,125,0,67,78,58,47
2023-07-01,4,67,119,113,6,69,80,44,33
2023-07-01,4,68,31,30,1,21,23,9,7
2023-07-01,4,69,23,23,0,15,15,8,8
2023-07-01,4,70,13,12,1,8,5,4,7
2023-07-01,4,74,270,259,11,186,183,73,76
2023-07-01,4,75,9,9,0,4,0,5,9
2023-07-01,4,76,119,117,2,90,94,27,23
2023-07-01,4,77,12,12,0,7,6,5,6
2023-07-01,4,78,68,67,1,46,41,21,26
2023-07-01,4,79,119,113,6,72,78,41,35
2023-07-01,4,80,136,133,3,89,89,44,44
2023-07-01,4,81,57,54,3,36,34,18,20
2023-07-01,4,84,5,5,0,5,4,0,1
2023-07-01,4,85,136,131,5,90,89,41,42
2023-07-01,4,86,5,5,0,4,5,1,0
2023-07-01,4,87,135,121,14,93,104,28,17
2023-07-01,4,88,57,56,1,39,38,17,18
2023-07-01,4,89,92,90,2,65,52,25,38
2023-07-01,4,92,85,85,0,52,61,33,24
2023-07-01,4,93,38,38,0,28,28,10,10
2023-07-01,4,94,46,45,1,27,28,18,17
2023-07-01,4,95,125,125,0,76,84,49,41
2023-07-01,4,97,93,93,0,69,70,24,23
2023-07-01,4,98,116,114,2,72,74,42,40
2023-07-01,4,100,116,113,3,70,63,43,50
2023-07-01,4,101,140,130,10,111,113,19,17
2023-07-01,4,102,114,113,1,88,84,25,29
2023-07-01,4,103,30,30,0,21,22,9,8
2023-07-01,4,104,181,164,17,108,116,56,48
2023-07-01,4,108,114,111,3,76,74,35,37
2023-07-01,4,109,113,107,6,77,88,30,19
2023-07-01,4,110,101,96,5,76,83,20,13
2023-07-01,4,113,462,412,50,312,305,100,107
2023-07-01,4,114,114,110,4,66,82,44,28
2023-07-01,4,116,114,114,0,72,77,42,37
2023-07-01,4,117,11,11,0,7,7,4,4
2023-07-01,4,119,45,44,1,26,29,18,15
2023-07-01,4,120,31,30,1,21,19,9,11
2023-07-01,4,121,5,5,0,4,4,1,1
2023-07-01,4,123,114,114,0,82,89,32,25
2023-07-01,4,125,114,112,2,80,85,32,27
2023-07-01,4,126,77,77,0,43,41,34,36
2023-07-01,4,127,152,141,11,108,109,33,32
2023-07-01,4,128,114,111,3,85,89,26,22
2023-07-01,5,7,57,57,0,41,40,16,17
2023-07-01,5,9,144,139,5,120,113,19,26
2023-07-01,5,11,92,90,2,73,69,17,21
2023-07-01,5,13,52,48,4,30,29,18,19
2023-07-01,5,26,57,57,0,42,37,15,20
2023-07-01,5,32,143,143,0,106,92,37,51
2023-07-01,5,39,13,13,0,10,10,3,3
2023-07-01,5,43,31,31,0,18,19,13,12
2023-07-01,5,45,92,92,0,72,63,20,29
2023-07-01,5,51,50,49,1,44,41,5,8
2023-07-01,5,52,112,108,4,89,82,19,26
2023-07-01,5,57,31,31,0,26,21,5,10
2023-07-01,5,58,31,31,0,23,25,8,6
2023-07-01,5,70,57,57,0,39,40,18,17
2023-07-01,5,72,57,57,0,49,47,8,10
2023-07-01,5,74,31,31,0,24,21,7,10
2023-07-01,5,76,50,49,1,44,45,5,4
2023-07-01,5,77,31,31,0,29,29,2,2
2023-07-01,5,80,101,101,0,89,86,12,15
2023-07-01,5,84,193,184,9,158,157,26,27
2023-07-01,5,85,101,101,0,88,83,13,18
2023-07-01,5,101,145,139,6,109,107,30,32
2023-07-01,5,102,78,75,3,62,54,13,21
2023-07-01,5,108,92,90,2,71,72,19,18
2023-07-01,5,109,48,44,4,30,29,14,15
2023-07-01,5,111,143,142,1,106,97,36,45
2023-07-01,5,114,92,92,0,74,77,18,15
2023-07-01,5,116,115,115,0,96,97,19,18
2023-07-01,5,117,31,31,0,22,23,9,8
2023-07-01,5,121,194,185,9,145,127,40,58
2023-07-01,5,123,81,79,2,65,68,14,11
2023-07-01,5,125,84,84,0,63,62,21,22
2023-07-01,5,127,13,13,0,11,11,2,2
2023-07-01,5,128,86,86,0,70,67,16,19
2023-07-01,6,1,16,16,0,9,7,7,9
2023-07-01,6,2,144,139,5,73,80,66,59
2023-07-01,6,4,17,15,2,7,8,8,7
2023-07-01,6,5,16,16,0,13,12,3,4
2023-07-01,6,6,38,38,0,32,35,6,3
2023-07-01,6,7,251,249,2,151,147,98,102
2023-07-01,6,8,16,14,2,13,8,1,6
2023-07-01,6,10,185,168,17,98,104,70,64
2023-07-01,6,12,16,16,0,2,4,14,12
2023-07-01,6,15,49,47,2,19,17,28,30
2023-07-01,6,16,144,138,6,81,74,57,64
2023-07-01,6,17,145,144,1,88,98,56,46
2023-07-01,6,18,96,95,1,55,51,40,44
2023-07-01,6,19,35,35,0,17,25,18,10
2023-07-01,6,20,26,26,0,22,23,4,3
2023-07-01,6,21,52,50,2,29,29,21,21
2023-07-01,6,22,35,34,1,22,23,12,11
2023-07-01,6,23,42,38,4,25,28,13,10
2023-07-01,6,24,16,16,0,11,9,5,7
2023-07-01,6,25,138,134,4,75,84,59,50
2023-07-01,6,26,389,358,31,188,175,170,183
2023-07-01,6,27,12,12,0,10,10,2,2
2023-07-01,6,28,83,82,1,44,40,38,42
2023-07-01,6,29,115,107,8,50,63,57,44
2023-07-01,6,30,37,36,1,21,23,15,13
2023-07-01,6,31,140,139,1,80,72,59,67
2023-07-01,6,32,484,436,48,261,241,175,195
2023-07-01,6,33,141,140,1,64,66,76,74
2023-07-01,6,34,27,27,0,8,15,19,12
2023-07-01,6,36,145,144,1,83,96,61,48
2023-07-01,6,37,91,85,6,42,35,43,50
2023-07-01,6,38,94,92,2,64,68,28,24
2023-07-01,6,40,17,15,2,7,8,8,7
2023-07-01,6,41,96,94,2,51,56,43,38
2023-07-01,6,42,31,31,0,15,17,16,14
2023-07-01,6,43,112,108,4,54,37,54,71
2023-07-01,6,44,250,241,9,173,188,68,53
2023-07-01,6,46,16,16,0,9,14,7,2
2023-07-01,6,47,36,36,0,12,22,24,14
2023-07-01,6,48,44,44,0,17,21,27,23
2023-07-01,6,49,6,6,0,3,3,3,3
2023-07-01,6,53,26,26,0,24,24,2,2
2023-07-01,6,54,52,50,2,31,30,19,20
2023-07-01,6,55,38,38,0,24,19,14,19
2023-07-01,6,56,31,31,0,15,14,16,17
2023-07-01,6,57,261,248,13,120,121,128,127
2023-07-01,6,58,320,303,17,184,184,119,119
2023-07-01,6,59,34,33,1,18,21,15,12
2023-07-01,6,60,32,31,1,12,14,19,17
2023-07-01,6,61,42,38,4,18,18,20,20
2023-07-01,6,62,126,125,1,84,65,41,60
2023-07-01,6,63,76,73,3,55,46,18,27
2023-07-01,6,64,43,40,3,32,28,8,12
2023-07-01,6,65,32,30,2,15,19,15,11
2023-07-01,6,66,16,16,0,11,10,5,6
2023-07-01,6,67,91,89,2,66,58,23,31
2023-07-01,6,68,30,30,0,20,21,10,9
2023-07-01,6,69,138,134,4,73,94,61,40
2023-07-01,6,70,251,248,3,140,145,108,103
2023-07-01,6,72,391,359,32,189,197,170,162
2023-07-01,6,73,91,85,6,59,59,26,26
2023-07-01,6,74,112,110,2,58,58,52,52
2023-07-01,6,75,43,43,0,22,18,21,25
2023-07-01,6,77,261,248,13,135,147,113,101
2023-07-01,6,78,126,125,1,70,63,55,62
2023-07-01,6,79,91,89,2,46,38,43,51
2023-07-01,6,81,36,36,0,22,23,14,13
2023-07-01,6,82,192,179,13,85,92,94,87
2023-07-01,6,83,73,72,1,43,51,29,21
2023-07-01,6,84,750,671,79,434,413,237,258
2023-07-01,6,86,13,12,1,9,9,3,3
2023-07-01,6,87,83,82,1,38,42,44,40
2023-07-01,6,88,36,35,1,22,20,13,15
2023-07-01,6,89,31,30,1,25,22,5,8
2023-07-01,6,90,16,14,2,11,12,3,2
2023-07-01,6,91,114,106,8,62,81,44,25
2023-07-01,6,92,26,26,0,12,15,14,11
2023-07-01,6,93,6,6,0,5,4,1,2
2023-07-01,6,94,44,41,3,35,35,6,6
2023-07-01,6,95,32,30,2,22,16,8,14
2023-07-01,6,96,198,183,15,110,138,73,45
2023-07-01,6,97,31,30,1,27,25,3,5
2023-07-01,6,98,26,25,1,20,18,5,7
2023-07-01,6,99,142,136,6,66,111,70,25
2023-07-01,6,100,26,25,1,16,16,9,9
2023-07-01,6,103,37,36,1,15,21,21,15
2023-07-01,6,104,140,139,1,81,73,58,66
2023-07-01,6,105,73,72,1,32,26,40,46
2023-07-01,6,106,69,69,0,42,29,27,40
2023-07-01,6,107,185,170,15,128,112,42,58
2023-07-01,6,110,49,48,1,21,22,27,26
2023-07-01,6,111,479,433,46,273,269,160,164
2023-07-01,6,112,94,93,1,66,75,27,18
2023-07-01,6,113,250,241,9,177,188,64,53
2023-07-01,6,117,320,304,16,191,180,113,124
2023-07-01,6,118,32,31,1,17,17,14,14
2023-07-01,6,119,76,73,3,56,53,17,20
2023-07-01,6,120,30,30,0,21,23,9,7
2023-07-01,6,121,744,663,81,412,371,251,292
2023-07-01,6,122,151,142,9,75,70,67,72
2023-07-01,6,124,68,68,0,45,38,23,30
2023-07-01,6,126,140,138,2,49,45,89,93
2023-07-01,7,8,46,37,9,13,20,24,17
2023-07-01,7,34,24,20,4,10,9,10,11
2023-07-01,7,49,17,15,2,8,8,7,7
2023-07-01,7,64,34,31,3,23,21,8,10
2023-07-01,7,65,20,18,2,4,5,14,13
2023-07-01,7,89,24,21,3,18,16,3,5
2023-07-01,7,90,46,37,9,25,25,12,12
2023-07-01,7,92,25,21,4,11,14,10,7
2023-07-01,7,93,17,15,2,9,9,6,6
2023-07-01,7,94,33,31,2,23,21,8,10
2023-07-01,7,95,20,18,2,10,8,8,10
2023-07-01,7,97,24,21,3,16,17,5,4
2023-07-01,7,98,26,25,1,17,17,8,8
2023-07-01,7,100,26,25,1,14,17,11,8
2023-08-01,2,2,31,30,1,17,22,13,8
2023-08-01,2,3,31,31,0,29,31,2,0
2023-08-01,2,5,26,26,0,23,24,3,2
2023-08-01,2,6,26,25,1,19,20,6,5
2023-08-01,2,7,105,100,5,66,69,34,31
2023-08-01,2,8,27,27,0,24,19,3,8
2023-08-01,2,10,93,87,6,70,66,17,21
2023-08-01,2,15,78,78,0,54,56,24,22
2023-08-01,2,16,31,30,1,18,21,12,9
2023-08-01,2,17,93,93,0,72,71,21,22
2023-08-01,2,18,31,31,0,22,21,9,10
2023-08-01,2,19,21,21,0,12,14,9,7
2023-08-01,2,23,17,17,0,12,12,5,5
2023-08-01,2,24,21,21,0,12,15,9,6
2023-08-01,2,25,26,26,0,12,13,14,13
2023-08-01,2,26,130,123,7,71,73,52,50
2023-08-01,2,28,53,52,1,41,40,11,12
2023-08-01,2,29,22,21,1,12,16,9,5
2023-08-01,2,30,31,31,0,20,21,11,10
2023-08-01,2,32,178,169,9,119,122,50,47
2023-08-01,2,33,36,36,0,21,22,15,14
2023-08-01,2,35,31,31,0,25,23,6,8
2023-08-01,2,36,93,93,0,78,73,15,20
2023-08-01,2,37,116,114,2,80,79,34,35
2023-08-01,2,38,108,104,4,80,76,24,28
2023-08-01,2,41,31,31,0,15,24,16,7
2023-08-01,2,42,18,17,1,12,13,5,4
2023-08-01,2,43,31,29,2,17,17,12,12
2023-08-01,2,46,27,27,0,15,17,12,10
2023-08-01,2,47,22,22,0,11,12,11,10
2023-08-01,2,48,30,30,0,15,20,15,10
2023-08-01,2,55,26,25,1,24,24,1,1
2023-08-01,2,56,17,17,0,14,14,3,3
2023-08-01,2,57,212,206,6,149,148,57,58
2023-08-01,2,58,269,257,12,204,204,53,53
2023-08-01,2,60,26,25,1,16,11,9,14
2023-08-01,2,61,17,17,0,10,10,7,7
2023-08-01,2,62,112,110,2,73,71,37,39
2023-08-01,2,63,62,62,0,45,38,17,24
2023-08-01,2,66,21,21,0,9,13,12,8
2023-08-01,2,67,83,82,1,41,45,41,37
2023-08-01,2,68,35,34,1,21,21,13,13
2023-08-01,2,69,26,26,0,12,13,14,13
2023-08-01,2,70,105,102,3,70,74,32,28
2023-08-01,2,72,130,122,8,72,66,50,56
2023-08-01,2,73,116,115,1,76,90,39,25
2023-08-01,2,74,31,30,1,20,18,10,12
2023-08-01,2,75,31,31,0,25,24,6,7
2023-08-01,2,77,212,207,5,141,151,66,56
2023-08-01,2,78,112,111,1,76,74,35,37
2023-08-01,2,79,83,82,1,53,52,29,30
2023-08-01,2,81,43,43,0,33,33,10,10
2023-08-01,2,82,59,58,1,39,40,19,18
2023-08-01,2,83,62,62,0,37,37,25,25
2023-08-01,2,84,398,364,34,269,278,95,86
2023-08-01,2,87,54,53,1,38,42,15,11
2023-08-01,2,88,43,42,1,26,28,16,14
2023-08-01,2,90,27,27,0,17,19,10,8
2023-08-01,2,91,22,21,1,10,18,11,3
2023-08-01,2,96,60,59,1,38,41,21,18
2023-08-01,2,99,48,45,3,14,28,31,17
2023-08-01,2,103,32,32,0,17,18,15,14
2023-08-01,2,105,62,62,0,30,30,32,32
2023-08-01,2,106,83,82,1,53,50,29,32
2023-08-01,2,107,93,87,6,58,61,29,26
2023-08-01,2,110,78,78,0,57,59,21,19
2023-08-01,2,111,176,169,7,115,117,54,52
2023-08-01,2,112,106,104,2,66,74,38,30
2023-08-01,2,117,269,259,10,206,213,53,46
2023-08-01,2,118,26,26,0,19,20,7,6
2023-08-01,2,119,62,62,0,43,48,19,14
2023-08-01,2,120,35,34,1,22,24,12,10
2023-08-01,2,121,398,366,32,267,265,99,101
2023-08-01,2,122,48,46,2,32,25,14,21
2023-08-01,2,124,83,82,1,62,64,20,18
2023-08-01,2,126,36,36,0,19,20,17,16
2023-08-01,3,7,258,257,1,186,192,71,65
2023-08-01,3,8,92,92,0,80,81,12,11
2023-08-01,3,10,229,223,6,170,165,53,58
2023-08-01,3,17,119,119,0,96,100,23,19
2023-08-01,3,18,5,5,0,5,5,0,0
2023-08-01,3,19,45,45,0,40,43,5,2
2023-08-01,3,22,22,22,0,18,18,4,4
2023-08-01,3,25,101,101,0,83,86,18,15
2023-08-01,3,26,395,387,8,319,299,68,88
2023-08-01,3,27,49,49,0,43,47,6,2
2023-08-01,3,29,158,158,0,121,113,37,45
2023-08-01,3,32,562,539,23,453,432,86,107
2023-08-01,3,33,68,68,0,54,58,14,10
2023-08-01,3,34,6,6,0,3,4,3,2
2023-08-01,3,36,119,119,0,107,105,12,14
2023-08-01,3,37,32,32,0,12,12,20,20
2023-08-01,3,38,39,39,0,21,18,18,21
2023-08-01,3,41,5,5,0,4,5,1,0
2023-08-01,3,47,46,46,0,36,37,10,9
2023-08-01,3,48,31,31,0,16,15,15,16
2023-08-01,3,57,15,15,0,9,9,6,6
2023-08-01,3,58,56,56,0,47,39,9,17
2023-08-01,3,59,22,22,0,16,15,6,7
2023-08-01,3,60,30,30,0,20,20,10,10
2023-08-01,3,62,40,38,2,27,26,11,12
2023-08-01,3,63,4,4,0,2,2,2,2
2023-08-01,3,64,28,26,2,20,17,6,9
2023-08-01,3,65,25,25,0,20,18,5,7
2023-08-01,3,69,101,100,1,81,82,19,18
2023-08-01,3,70,258,257,1,179,182,78,75
2023-08-01,3,72,395,388,7,288,307,100,81
2023-08-01,3,73,32,32,0,16,18,16,14
2023-08-01,3,75,31,31,0,17,16,14,15
2023-08-01,3,77,15,15,0,8,10,7,5
2023-08-01,3,78,40,40,0,21,24,19,16
2023-08-01,3,82,208,205,3,123,106,82,99
2023-08-01,3,83,31,31,0,20,24,11,7
2023-08-01,3,84,964,876,88,684,625,192,251
2023-08-01,3,86,49,49,0,42,45,7,4
2023-08-01,3,89,20,19,1,17,14,2,5
2023-08-01,3,90,92,92,0,62,78,30,14
2023-08-01,3,91,160,159,1,108,125,51,34
2023-08-01,3,92,6,6,0,4,6,2,0
2023-08-01,3,94,27,25,2,22,22,3,3
2023-08-01,3,95,25,25,0,22,23,3,2
2023-08-01,3,96,208,204,4,129,147,75,57
2023-08-01,3,97,20,19,1,18,17,1,2
2023-08-01,3,98,27,26,1,22,22,4,4
2023-08-01,3,99,219,213,6,125,145,88,68
2023-08-01,3,100,27,25,2,19,15,6,10
2023-08-01,3,105,31,31,0,14,17,17,14
2023-08-01,3,106,28,28,0,14,16,14,12
2023-08-01,3,107,230,226,4,174,153,52,73
2023-08-01,3,111,563,542,21,416,409,126,133
2023-08-01,3,112,39,39,0,22,19,17,20
2023-08-01,3,117,56,56,0,34,39,22,17
2023-08-01,3,118,30,30,0,20,20,10,10
2023-08-01,3,119,4,4,0,2,2,2,2
2023-08-01,3,121,961,872,89,651,606,221,266
2023-08-01,3,122,217,212,5,135,107,77,105
2023-08-01,3,124,28,28,0,17,20,11,8
2023-08-01,3,126,68,68,0,57,57,11,11
2023-08-01,4,1,54,52,2,44,40,8,12
2023-08-01,4,2,185,183,2,125,140,58,43
2023-08-01,4,4,115,113,2,92,89,21,24
2023-08-01,4,5,62,62,0,49,43,13,19
2023-08-01,4,7,14,11,3,8,8,3,3
2023-08-01,4,9,143,134,9,119,116,15,18
2023-08-01,4,11,116,113,3,77,79,36,34
2023-08-01,4,12,54,52,2,42,36,10,16
2023-08-01,4,13,116,107,9,91,91,16,16
2023-08-01,4,15,101,95,6,79,75,16,20
2023-08-01,4,16,185,183,2,133,104,50,79
2023-08-01,4,17,51,51,0,36,35,15,16
2023-08-01,4,18,172,168,4,119,114,49,54
2023-08-01,4,20,126,124,2,93,99,31,25
2023-08-01,4,21,148,135,13,108,112,27,23
2023-08-01,4,23,26,26,0,20,14,6,12
2023-08-01,4,25,15,15,0,11,12,4,3
2023-08-01,4,27,5,5,0,4,5,1,0
2023-08-01,4,28,138,122,16,88,90,34,32
2023-08-01,4,30,30,30,0,25,25,5,5
2023-08-01,4,31,187,178,9,139,144,39,34
2023-08-01,4,33,69,69,0,58,61,11,8
2023-08-01,4,34,87,87,0,50,52,37,35
2023-08-01,4,36,51,51,0,28,16,23,35
2023-08-01,4,39,158,154,4,128,129,26,25
2023-08-01,4,40,115,113,2,82,76,31,37
2023-08-01,4,41,172,168,4,111,116,57,52
2023-08-01,4,43,280,271,9,194,191,77,80
2023-08-01,4,44,486,414,72,279,271,135,143
2023-08-01,4,45,116,108,8,89,86,19,22
2023-08-01,4,46,62,62,0,53,53,9,9
2023-08-01,4,49,40,39,1,15,20,24,19
2023-08-01,4,51,120,111,9,76,73,35,38
2023-08-01,4,52,116,111,5,94,94,17,17
2023-08-01,4,53,126,124,2,100,95,24,29
2023-08-01,4,54,147,135,12,113,112,22,23
2023-08-01,4,57,16,15,1,12,13,3,2
2023-08-01,4,58,37,37,0,22,22,15,15
2023-08-01,4,61,26,26,0,16,18,10,8
2023-08-01,4,62,58,57,1,36,29,21,28
2023-08-01,4,63,81,80,1,55,54,25,26
2023-08-01,4,64,56,56,0,41,36,15,20
2023-08-01,4,65,129,128,1,88,88,40,40
2023-08-01,4,67,119,111,8,75,79,36,32
2023-08-01,4,68,31,31,0,17,19,14,12
2023-08-01,4,69,20,20,0,14,13,6,7
2023-08-01,4,70,14,10,4,9,9,1,1
2023-08-01,4,74,280,272,8,199,194,73,78
2023-08-01,4,76,120,112,8,75,80,37,32
2023-08-01,4,77,16,15,1,13,14,2,1
2023-08-01,4,78,58,57,1,44,40,13,17
2023-08-01,4,79,119,111,8,77,72,34,39
2023-08-01,4,80,137,133,4,86,87,47,46
2023-08-01,4,81,58,57,1,36,36,21,21
2023-08-01,4,84,2,2,0,1,1,1,1
2023-08-01,4,85,137,132,5,88,82,44,50
2023-08-01,4,86,5,5,0,4,3,1,2
2023-08-01,4,87,138,121,17,86,105,35,16
2023-08-01,4,88,58,56,2,45,47,11,9
2023-08-01,4,89,106,105,1,85,61,20,44
2023-08-01,4,92,87,87,0,66,74,21,13
2023-08-01,4,93,40,40,0,27,25,13,15
2023-08-01,4,94,56,56,0,43,43,13,13
2023-08-01,4,95,128,128,0,97,98,31,30
2023-08-01,4,97,106,106,0,93,92,13,14
2023-08-01,4,98,124,124,0,107,103,17,21
2023-08-01,4,100,124,124,0,95,83,29,41
2023-08-01,4,101,143,133,10,122,119,11,14
2023-08-01,4,102,116,110,6,79,75,31,35
2023-08-01,4,103,30,30,0,21,19,9,11
2023-08-01,4,104,188,172,16,118,119,54,53
2023-08-01,4,108,116,113,3,82,80,31,33
2023-08-01,4,109,115,106,9,78,90,28,16
2023-08-01,4,110,101,95,6,72,76,23,19
2023-08-01,4,113,486,415,71,320,298,95,117
2023-08-01,4,114,115,108,7,75,87,33,21
2023-08-01,4,116,116,111,5,71,84,40,27
2023-08-01,4,117,37,37,0,28,25,9,12
2023-08-01,4,119,81,79,2,53,52,26,27
2023-08-01,4,120,31,31,0,21,16,10,15
2023-08-01,4,121,2,2,0,2,2,0,0
2023-08-01,4,123,116,110,6,74,78,36,32
2023-08-01,4,125,116,112,4,84,86,28,26
2023-08-01,4,126,69,69,0,56,54,13,15
2023-08-01,4,127,158,153,5,133,135,20,18
2023-08-01,4,128,116,113,3,85,87,28,26
2023-08-01,5,7,58,58,0,48,49,10,9
2023-08-01,5,9,146,143,3,128,123,15,20
2023-08-01,5,11,113,110,3,86,83,24,27
2023-08-01,5,13,54,49,5,34,31,15,18
2023-08-01,5,26,59,59,0,37,34,22,25
2023-08-01,5,32,147,146,1,111,107,35,39
2023-08-01,5,39,14,14,0,12,13,2,1
2023-08-01,5,43,31,31,0,21,21,10,10
2023-08-01,5,45,112,112,0,91,88,21,24
2023-08-01,5,51,52,48,4,38,36,10,12
2023-08-01,5,52,131,128,3,104,104,24,24
2023-08-01,5,57,31,31,0,26,22,5,9
2023-08-01,5,58,31,31,0,29,28,2,3
2023-08-01,5,70,58,58,0,44,42,14,16
2023-08-01,5,72,58,58,0,48,50,10,8
2023-08-01,5,74,31,31,0,19,22,12,9
2023-08-01,5,76,52,48,4,41,41,7,7
2023-08-01,5,77,31,31,0,29,28,2,3
2023-08-01,5,80,106,106,0,81,79,25,27
2023-08-01,5,84,155,155,0,135,132,20,23
2023-08-01,5,85,107,107,0,85,80,22,27
2023-08-01,5,101,146,142,4,122,118,20,24
2023-08-01,5,102,83,79,4,68,61,11,18
2023-08-01,5,108,111,110,1,81,81,29,29
2023-08-01,5,109,54,49,5,38,40,11,9
2023-08-01,5,111,147,146,1,111,108,35,38
2023-08-01,5,114,111,111,0,85,92,26,19
2023-08-01,5,116,134,131,3,104,111,27,20
2023-08-01,5,117,31,31,0,30,29,1,2
2023-08-01,5,121,154,154,0,128,114,26,40
2023-08-01,5,123,85,82,3,66,70,16,12
2023-08-01,5,125,91,91,0,60,59,31,32
2023-08-01,5,127,14,14,0,13,13,1,1
2023-08-01,5,128,90,89,1,62,59,27,30
2023-08-01,6,1,13,13,0,10,8,3,5
2023-08-01,6,2,143,140,3,94,103,46,37
2023-08-01,6,3,14,14,0,8,8,6,6
2023-08-01,6,4,17,17,0,14,14,3,3
2023-08-01,6,5,13,13,0,9,11,4,2
2023-08-01,6,6,31,30,1,28,30,2,0
2023-08-01,6,7,263,259,4,172,180,87,79
2023-08-01,6,8,37,34,3,20,17,14,17
2023-08-01,6,10,190,176,14,116,118,60,58
2023-08-01,6,12,13,13,0,2,2,11,11
2023-08-01,6,15,48,48,0,34,30,14,18
2023-08-01,6,16,143,140,3,93,96,47,44
2023-08-01,6,17,148,147,1,97,109,50,38
2023-08-01,6,18,115,110,5,74,74,36,36
2023-08-01,6,19,31,31,0,15,24,16,7
2023-08-01,6,20,27,27,0,23,24,4,3
2023-08-01,6,21,54,54,0,39,39,15,15
2023-08-01,6,22,31,31,0,21,23,10,8
2023-08-01,6,23,39,39,0,24,21,15,18
2023-08-01,6,24,15,15,0,8,9,7,6
2023-08-01,6,25,143,143,0,84,101,59,42
2023-08-01,6,26,423,393,30,255,234,138,159
2023-08-01,6,27,14,14,0,12,12,2,2
2023-08-01,6,28,85,84,1,57,53,27,31
2023-08-01,6,29,118,112,6,63,59,49,53
2023-08-01,6,30,31,31,0,25,24,6,7
2023-08-01,6,31,147,147,0,99,95,48,52
2023-08-01,6,32,503,459,44,312,300,147,159
2023-08-01,6,33,147,146,1,83,86,63,60
2023-08-01,6,34,26,26,0,8,10,18,16
2023-08-01,6,35,14,14,0,4,4,10,10
2023-08-01,6,36,148,146,2,98,105,48,41
2023-08-01,6,37,78,77,1,48,43,29,34
2023-08-01,6,38,83,83,0,60,56,23,27
2023-08-01,6,40,17,17,0,14,14,3,3
2023-08-01,6,41,115,110,5,84,87,26,23
2023-08-01,6,42,31,31,0,20,19,11,12
2023-08-01,6,43,131,127,4,84,77,43,50
2023-08-01,6,44,262,252,10,214,213,38,39
2023-08-01,6,46,14,14,0,9,13,5,1
2023-08-01,6,47,31,31,0,17,18,14,13
2023-08-01,6,48,31,31,0,16,22,15,9
2023-08-01,6,49,5,5,0,3,3,2,2
2023-08-01,6,53,27,27,0,25,25,2,2
2023-08-01,6,54,54,54,0,38,26,16,28
2023-08-01,6,55,31,30,1,20,17,10,13
2023-08-01,6,56,31,31,0,19,19,12,12
2023-08-01,6,57,254,244,10,142,152,102,92
2023-08-01,6,58,288,282,6,207,197,75,85
2023-08-01,6,59,31,31,0,23,25,8,6
2023-08-01,6,60,28,28,0,19,15,9,13
2023-08-01,6,61,39,38,1,17,20,21,18
2023-08-01,6,62,116,116,0,77,62,39,54
2023-08-01,6,63,77,75,2,56,56,19,19
2023-08-01,6,64,67,63,4,48,47,15,16
2023-08-01,6,65,33,32,1,20,21,12,11
2023-08-01,6,66,15,15,0,8,7,7,8
2023-08-01,6,67,89,88,1,62,51,26,37
2023-08-01,6,68,30,30,0,22,20,8,10
2023-08-01,6,69,143,143,0,98,114,45,29
2023-08-01,6,70,260,256,4,177,166,79,90
2023-08-01,6,72,425,400,25,251,257,149,143
2023-08-01,6,73,78,77,1,61,63,16,14
2023-08-01,6,74,131,127,4,80,78,47,49
2023-08-01,6,75,31,31,0,24,27,7,4
2023-08-01,6,77,254,242,12,160,177,82,65
2023-08-01,6,78,116,116,0,73,63,43,53
2023-08-01,6,79,89,88,1,42,40,46,48
2023-08-01,6,81,39,39,0,28,28,11,11
2023-08-01,6,82,193,179,14,103,107,76,72
2023-08-01,6,83,67,67,0,45,55,22,12
2023-08-01,6,84,806,708,98,505,469,203,239
2023-08-01,6,86,14,14,0,7,8,7,6
2023-08-01,6,87,85,84,1,51,53,33,31
2023-08-01,6,88,39,39,0,26,22,13,17
2023-08-01,6,89,37,35,2,30,19,5,16
2023-08-01,6,90,40,36,4,26,30,10,6
2023-08-01,6,91,119,113,6,73,95,40,18
2023-08-01,6,92,25,25,0,13,15,12,10
2023-08-01,6,93,5,5,0,2,2,3,3
2023-08-01,6,94,67,63,4,50,49,13,14
2023-08-01,6,95,33,32,1,25,23,7,9
2023-08-01,6,96,199,184,15,131,150,53,34
2023-08-01,6,97,37,35,2,30,28,5,7
2023-08-01,6,98,36,31,5,23,21,8,10
2023-08-01,6,99,141,135,6,81,115,54,20
2023-08-01,6,100,36,31,5,15,15,16,16
2023-08-01,6,103,31,31,0,24,22,7,9
2023-08-01,6,104,147,147,0,111,97,36,50
2023-08-01,6,105,67,67,0,37,33,30,34
2023-08-01,6,106,62,62,0,44,33,18,29
2023-08-01,6,107,190,178,12,133,125,45,53
2023-08-01,6,110,48,48,0,39,36,9,12
2023-08-01,6,111,499,450,49,341,327,109,123
2023-08-01,6,112,83,83,0,66,72,17,11
2023-08-01,6,113,262,252,10,204,211,48,41
2023-08-01,6,117,288,285,3,202,188,83,97
2023-08-01,6,118,28,28,0,21,19,7,9
2023-08-01,6,119,77,75,2,59,55,16,20
2023-08-01,6,120,30,30,0,23,24,7,6
2023-08-01,6,121,801,706,95,517,475,189,231
2023-08-01,6,122,149,141,8,89,91,52,50
2023-08-01,6,124,62,62,0,47,45,15,17
2023-08-01,6,126,147,146,1,77,64,69,82
2023-08-01,7,8,35,26,9,15,16,11,10
2023-08-01,7,34,28,27,1,9,12,18,15
2023-08-01,7,49,17,15,2,8,10,7,5
2023-08-01,7,64,27,26,1,18,16,8,10
2023-08-01,7,65,21,21,0,6,7,15,14
2023-08-01,7,89,23,21,2,13,15,8,6
2023-08-01,7,90,35,26,9,18,18,8,8
2023-08-01,7,92,29,28,1,17,18,11,10
2023-08-01,7,93,17,15,2,10,10,5,5
2023-08-01,7,94,27,26,1,19,19,7,7
2023-08-01,7,95,21,21,0,10,7,11,14
2023-08-01,7,97,23,21,2,13,15,8,6
2023-08-01,7,98,18,16,2,8,8,8,8
2023-08-01,7,100,18,15,3,5,6,10,9
2023-09-01,2,2,35,31,4,18,20,13,11
2023-09-01,2,3,34,32,2,29,28,3,4
2023-09-01,2,5,28,26,2,20,20,6,6
2023-09-01,2,6,32,31,1,25,27,6,4
2023-09-01,2,7,107,101,6,61,67,40,34
2023-09-01,2,8,28,27,1,22,21,5,6
2023-09-01,2,10,121,106,15,79,81,27,25
2023-09-01,2,15,78,78,0,50,52,28,26
2023-09-01,2,16,36,31,5,17,20,14,11
2023-09-01,2,17,90,87,3,60,62,27,25
2023-09-01,2,18,30,30,0,19,17,11,13
2023-09-01,2,19,26,24,2,18,18,6,6
2023-09-01,2,23,24,24,0,19,18,5,6
2023-09-01,2,24,26,26,0,17,18,9,8
2023-09-01,2,25,28,28,0,10,13,18,15
2023-09-01,2,26,182,168,14,104,117,64,51
2023-09-01,2,28,52,51,1,39,41,12,10
2023-09-01,2,29,26,25,1,15,20,10,5
2023-09-01,2,30,30,30,0,24,24,6,6
2023-09-01,2,32,189,171,18,108,111,63,60
2023-09-01,2,33,49,48,1,36,37,12,11
2023-09-01,2,35,34,32,2,28,27,4,5
2023-09-01,2,36,91,88,3,72,73,16,15
2023-09-01,2,37,118,115,3,78,77,37,38
2023-09-01,2,38,111,103,8,81,86,22,17
2023-09-01,2,41,30,30,0,14,19,16,11
2023-09-01,2,42,18,18,0,10,12,8,6
2023-09-01,2,43,30,30,0,18,19,12,11
2023-09-01,2,46,27,25,2,13,19,12,6
2023-09-01,2,47,26,24,2,16,17,8,7
2023-09-01,2,48,30,30,0,18,21,12,9
2023-09-01,2,55,32,31,1,23,25,8,6
2023-09-01,2,56,18,18,0,12,13,6,5
2023-09-01,2,57,239,224,15,150,157,74,67
2023-09-01,2,58,281,267,14,185,184,82,83
2023-09-01,2,60,24,24,0,13,9,11,15
2023-09-01,2,61,25,25,0,17,17,8,8
2023-09-01,2,62,109,107,2,72,70,35,37
2023-09-01,2,63,96,91,5,62,60,29,31
2023-09-01,2,66,25,25,0,9,16,16,9
2023-09-01,2,67,84,83,1,42,44,41,39
2023-09-01,2,68,53,52,1,20,25,32,27
2023-09-01,2,69,29,28,1,13,16,15,12
2023-09-01,2,70,107,101,6,63,64,38,37
2023-09-01,2,72,185,171,14,114,111,57,60
2023-09-01,2,73,118,116,2,77,82,39,34
2023-09-01,2,74,29,29,0,18,19,11,10
2023-09-01,2,75,30,30,0,21,23,9,7
2023-09-01,2,77,237,222,15,145,153,77,69
2023-09-01,2,78,108,106,2,71,73,35,33
2023-09-01,2,79,84,84,0,58,57,26,27
2023-09-01,2,81,55,54,1,41,42,13,12
2023-09-01,2,82,81,71,10,51,51,20,20
2023-09-01,2,83,63,61,2,46,43,15,18
2023-09-01,2,84,376,339,37,248,243,91,96
2023-09-01,2,87,52,51,1,37,36,14,15
2023-09-01,2,88,56,55,1,40,40,15,15
2023-09-01,2,90,28,26,2,18,19,8,7
2023-09-01,2,91,26,25,1,17,15,8,10
2023-09-01,2,96,83,72,11,47,52,25,20
2023-09-01,2,99,53,48,5,18,20,30,28
2023-09-01,2,103,30,30,0,17,17,13,13
2023-09-01,2,105,64,61,3,40,43,21,18
2023-09-01,2,106,94,90,4,59,57,31,33
2023-09-01,2,107,121,106,15,61,73,45,33
2023-09-01,2,110,78,78,0,56,55,22,23
2023-09-01,2,111,191,174,17,106,106,68,68
2023-09-01,2,112,111,104,7,77,83,27,21
2023-09-01,2,117,280,268,12,177,179,91,89
2023-09-01,2,118,23,23,0,17,17,6,6
2023-09-01,2,119,96,91,5,59,63,32,28
2023-09-01,2,120,52,52,0,27,26,25,26
2023-09-01,2,121,374,337,37,231,237,106,100
2023-09-01,2,122,54,50,4,33,34,17,16
2023-09-01,2,124,93,90,3,64,68,26,22
2023-09-01,2,126,49,48,1,34,36,14,12
2023-09-01,3,7,259,252,7,184,204,68,48
2023-09-01,3,8,90,90,0,70,77,20,13
2023-09-01,3,10,234,226,8,146,140,80,86
2023-09-01,3,17,102,101,1,70,78,31,23
2023-09-01,3,19,49,49,0,42,42,7,7
2023-09-01,3,22,25,25,0,20,23,5,2
2023-09-01,3,25,93,92,1,71,75,21,17
2023-09-01,3,26,388,378,10,264,291,114,87
2023-09-01,3,27,46,46,0,37,43,9,3
2023-09-01,3,29,163,162,1,120,143,42,19
2023-09-01,3,32,545,522,23,418,406,104,116
2023-09-01,3,33,68,68,0,43,54,25,14
2023-09-01,3,34,8,8,0,4,6,4,2
2023-09-01,3,36,101,100,1,82,80,18,20
2023-09-01,3,37,35,35,0,20,20,15,15
2023-09-01,3,38,45,45,0,24,27,21,18
2023-09-01,3,47,48,48,0,38,39,10,9
2023-09-01,3,48,40,40,0,33,32,7,8
2023-09-01,3,57,18,18,0,13,14,5,4
2023-09-01,3,58,50,50,0,35,34,15,16
2023-09-01,3,59,25,25,0,16,19,9,6
2023-09-01,3,60,30,30,0,15,19,15,11
2023-09-01,3,62,39,39,0,30,32,9,7
2023-09-01,3,63,4,4,0,2,3,2,1
2023-09-01,3,64,19,19,0,16,14,3,5
2023-09-01,3,65,22,21,1,19,18,2,3
2023-09-01,3,69,94,93,1,70,69,23,24
2023-09-01,3,70,258,253,5,196,192,57,61
2023-09-01,3,72,388,379,9,258,267,121,112
2023-09-01,3,73,35,35,0,25,27,10,8
2023-09-01,3,75,40,40,0,30,30,10,10
2023-09-01,3,77,18,18,0,16,15,2,3
2023-09-01,3,78,38,38,0,23,24,15,14
2023-09-01,3,82,213,207,6,142,146,65,61
2023-09-01,3,83,30,30,0,24,26,6,4
2023-09-01,3,84,895,826,69,617,539,209,287
2023-09-01,3,86,46,46,0,39,40,7,6
2023-09-01,3,89,20,20,0,19,14,1,6
2023-09-01,3,90,90,90,0,64,70,26,20
2023-09-01,3,91,163,162,1,129,121,33,41
2023-09-01,3,92,8,8,0,6,7,2,1
2023-09-01,3,94,19,19,0,18,18,1,1
2023-09-01,3,95,22,22,0,20,20,2,2
2023-09-01,3,96,213,209,4,138,143,71,66
2023-09-01,3,97,20,20,0,19,19,1,1
2023-09-01,3,98,21,21,0,17,19,4,2
2023-09-01,3,99,214,209,5,146,143,63,66
2023-09-01,3,100,21,21,0,18,16,3,5
2023-09-01,3,105,30,30,0,12,18,18,12
2023-09-01,3,106,32,32,0,16,18,16,14
2023-09-01,3,107,234,226,8,138,130,88,96
2023-09-01,3,111,550,529,21,342,356,187,173
2023-09-01,3,112,45,45,0,25,27,20,18
2023-09-01,3,117,49,49,0,26,28,23,21
2023-09-01,3,118,30,30,0,17,18,13,12
2023-09-01,3,119,4,4,0,3,3,1,1
2023-09-01,3,121,890,824,66,537,545,287,279
2023-09-01,3,122,213,209,4,109,131,100,78
2023-09-01,3,124,32,32,0,17,20,15,12
2023-09-01,3,126,68,68,0,49,54,19,14
2023-09-01,4,1,51,51,0,45,44,6,7
2023-09-01,4,2,182,180,2,134,139,46,41
2023-09-01,4,4,103,101,2,91,90,10,11
2023-09-01,4,5,60,58,2,54,54,4,4
2023-09-01,4,7,13,12,1,4,4,8,8
2023-09-01,4,9,136,131,5,118,116,13,15
2023-09-01,4,11,100,98,2,69,67,29,31
2023-09-01,4,12,51,51,0,44,42,7,9
2023-09-01,4,13,105,98,7,83,82,15,16
2023-09-01,4,15,79,72,7,64,59,8,13
2023-09-01,4,16,181,178,3,126,127,52,51
2023-09-01,4,17,74,74,0,47,44,27,30
2023-09-01,4,18,171,169,2,131,135,38,34
2023-09-01,4,20,117,115,2,84,92,31,23
2023-09-01,4,21,136,125,11,87,100,38,25
2023-09-01,4,23,27,24,3,17,14,7,10
2023-09-01,4,25,18,17,1,11,11,6,6
2023-09-01,4,27,5,5,0,5,5,0,0
2023-09-01,4,28,127,120,7,89,94,31,26
2023-09-01,4,30,26,26,0,24,24,2,2
2023-09-01,4,31,174,170,4,135,146,35,24
2023-09-01,4,33,62,61,1,46,45,15,16
2023-09-01,4,34,84,83,1,63,69,20,14
2023-09-01,4,36,74,74,0,34,25,40,49
2023-09-01,4,39,148,140,8,120,116,20,24
2023-09-01,4,40,103,102,1,84,84,18,18
2023-09-01,4,41,170,169,1,133,144,36,25
2023-09-01,4,43,268,250,18,180,180,70,70
2023-09-01,4,44,456,419,37,314,304,105,115
2023-09-01,4,45,111,105,6,83,76,22,29
2023-09-01,4,46,60,58,2,53,54,5,4
2023-09-01,4,49,40,40,0,24,28,16,12
2023-09-01,4,51,113,106,7,85,80,21,26
2023-09-01,4,52,111,108,3,86,80,22,28
2023-09-01,4,53,117,115,2,91,79,24,36
2023-09-01,4,54,138,125,13,101,98,24,27
2023-09-01,4,57,12,11,1,5,5,6,6
2023-09-01,4,58,40,39,1,20,22,19,17
2023-09-01,4,61,27,24,3,14,14,10,10
2023-09-01,4,62,55,54,1,29,25,25,29
2023-09-01,4,63,77,74,3,50,50,24,24
2023-09-01,4,64,53,52,1,38,38,14,14
2023-09-01,4,65,124,122,2,81,83,41,39
2023-09-01,4,67,114,109,5,80,85,29,24
2023-09-01,4,68,30,29,1,17,16,12,13
2023-09-01,4,69,22,21,1,13,15,8,6
2023-09-01,4,70,13,12,1,8,7,4,5
2023-09-01,4,74,268,255,13,191,191,64,64
2023-09-01,4,76,112,108,4,86,88,22,20
2023-09-01,4,77,12,11,1,8,8,3,3
2023-09-01,4,78,55,55,0,33,32,22,23
2023-09-01,4,79,113,109,4,76,77,33,32
2023-09-01,4,80,116,115,1,76,76,39,39
2023-09-01,4,81,55,55,0,29,30,26,25
2023-09-01,4,85,117,114,3,76,75,38,39
2023-09-01,4,86,5,5,0,3,2,2,3
2023-09-01,4,87,127,119,8,91,104,28,15
2023-09-01,4,88,56,56,0,48,46,8,10
2023-09-01,4,89,91,91,0,71,55,20,36
2023-09-01,4,92,85,85,0,66,78,19,7
2023-09-01,4,93,40,40,0,29,31,11,9
2023-09-01,4,94,53,52,1,43,41,9,11
2023-09-01,4,95,123,120,3,93,97,27,23
2023-09-01,4,97,91,91,0,79,77,12,14
2023-09-01,4,98,117,114,3,101,102,13,12
2023-09-01,4,100,115,112,3,85,74,27,38
2023-09-01,4,101,136,131,5,119,118,12,13
2023-09-01,4,102,107,105,2,81,77,24,28
2023-09-01,4,103,26,26,0,23,19,3,7
2023-09-01,4,104,175,169,6,123,126,46,43
2023-09-01,4,106,24,21,3,17,13,4,8
2023-09-01,4,108,100,98,2,67,69,31,29
2023-09-01,4,109,105,99,6,72,85,27,14
2023-09-01,4,110,79,72,7,54,57,18,15
2023-09-01,4,113,456,421,35,332,329,89,92
2023-09-01,4,114,111,105,6,65,77,40,28
2023-09-01,4,116,111,108,3,71,79,37,29
2023-09-01,4,117,41,40,1,24,24,16,16
2023-09-01,4,119,76,74,2,48,47,26,27
2023-09-01,4,120,30,30,0,19,18,11,12
2023-09-01,4,123,107,106,1,72,75,34,31
2023-09-01,4,124,23,22,1,14,14,8,8
2023-09-01,4,125,106,104,2,81,85,23,19
2023-09-01,4,126,62,62,0,37,33,25,29
2023-09-01,4,127,148,140,8,125,125,15,15
2023-09-01,4,128,107,104,3,85,88,19,16
2023-09-01,5,7,57,56,1,51,51,5,5
2023-09-01,5,9,144,139,5,119,115,20,24
2023-09-01,5,10,30,30,0,16,15,14,15
2023-09-01,5,11,99,97,2,81,78,16,19
2023-09-01,5,13,40,36,4,29,28,7,8
2023-09-01,5,26,59,59,0,44,45,15,14
2023-09-01,5,32,142,141,1,107,105,34,36
2023-09-01,5,39,12,12,0,11,11,1,1
2023-09-01,5,43,30,30,0,22,21,8,9
2023-09-01,5,45,101,100,1,75,68,25,32
2023-09-01,5,51,39,34,5,29,28,5,6
2023-09-01,5,52,114,110,4,83,73,27,37
2023-09-01,5,57,30,30,0,25,22,5,8
2023-09-01,5,58,30,30,0,23,23,7,7
2023-09-01,5,62,30,30,0,17,13,13,17
2023-09-01,5,70,55,55,0,49,46,6,9
2023-09-01,5,72,60,60,0,56,50,4,10
2023-09-01,5,74,30,30,0,26,25,4,5
2023-09-01,5,76,40,36,4,28,28,8,8
2023-09-01,5,77,30,30,0,29,28,1,2
2023-09-01,5,78,30,30,0,21,15,9,15
2023-09-01,5,80,97,93,4,73,68,20,25
2023-09-01,5,84,191,191,0,167,165,24,26
2023-09-01,5,85,97,92,5,78,76,14,16
2023-09-01,5,101,145,139,6,116,119,23,20
2023-09-01,5,102,83,74,9,57,49,17,25
2023-09-01,5,107,30,30,0,14,16,16,14
2023-09-01,5,108,99,97,2,77,77,20,20
2023-09-01,5,109,38,34,4,20,21,14,13
2023-09-01,5,111,142,142,0,106,104,36,38
2023-09-01,5,114,99,99,0,69,69,30,30
2023-09-01,5,116,116,112,4,81,84,31,28
2023-09-01,5,117,30,30,0,27,24,3,6
2023-09-01,5,121,191,191,0,153,146,38,45
2023-09-01,5,123,85,76,9,58,58,18,18
2023-09-01,5,125,88,86,2,66,65,20,21
2023-09-01,5,127,12,12,0,11,11,1,1
2023-09-01,5,128,88,86,2,70,66,16,20
2023-09-01,6,1,13,13,0,8,8,5,5
2023-09-01,6,2,137,128,9,86,84,42,44
2023-09-01,6,3,12,11,1,5,6,6,5
2023-09-01,6,4,17,17,0,11,10,6,7
2023-09-01,6,5,13,13,0,11,11,2,2
2023-09-01,6,6,33,32,1,31,29,1,3
2023-09-01,6,7,268,256,12,177,173,79,83
2023-09-01,6,8,30,30,0,19,19,11,11
2023-09-01,6,10,181,171,10,107,95,64,76
2023-09-01,6,12,13,13,0,1,1,12,12
2023-09-01,6,15,47,47,0,29,29,18,18
2023-09-01,6,16,137,128,9,74,84,54,44
2023-09-01,6,17,143,141,2,91,99,50,42
2023-09-01,6,18,94,94,0,59,64,35,30
2023-09-01,6,19,32,32,0,19,29,13,3
2023-09-01,6,20,25,25,0,14,15,11,10
2023-09-01,6,21,50,49,1,28,29,21,20
2023-09-01,6,22,35,35,0,20,27,15,8
2023-09-01,6,23,36,36,0,24,26,12,10
2023-09-01,6,24,18,18,0,16,16,2,2
2023-09-01,6,25,134,133,1,70,80,63,53
2023-09-01,6,26,415,385,30,239,246,146,139
2023-09-01,6,27,13,13,0,9,9,4,4
2023-09-01,6,28,80,80,0,45,45,35,35
2023-09-01,6,29,120,110,10,57,93,53,17
2023-09-01,6,30,35,35,0,24,27,11,8
2023-09-01,6,31,139,139,0,70,64,69,75
2023-09-01,6,32,478,449,29,287,287,162,162
2023-09-01,6,33,142,141,1,70,61,71,80
2023-09-01,6,34,33,32,1,18,23,14,9
2023-09-01,6,35,12,11,1,5,5,6,6
2023-09-01,6,36,142,142,0,102,105,40,37
2023-09-01,6,37,87,83,4,57,55,26,28
2023-09-01,6,38,90,89,1,76,73,13,16
2023-09-01,6,40,17,17,0,8,10,9,7
2023-09-01,6,41,95,95,0,73,75,22,20
2023-09-01,6,42,30,30,0,19,17,11,13
2023-09-01,6,43,117,115,2,75,70,40,45
2023-09-01,6,44,246,242,4,205,202,37,40
2023-09-01,6,46,13,13,0,8,9,5,4
2023-09-01,6,47,33,33,0,17,26,16,7
2023-09-01,6,48,30,30,0,24,24,6,6
2023-09-01,6,49,7,7,0,6,5,1,2
2023-09-01,6,53,25,25,0,17,18,8,7
2023-09-01,6,54,50,49,1,28,18,21,31
2023-09-01,6,55,33,32,1,21,23,11,9
2023-09-01,6,56,30,30,0,21,21,9,9
2023-09-01,6,57,262,256,6,129,161,127,95
2023-09-01,6,58,305,294,11,186,201,108,93
2023-09-01,6,59,35,35,0,18,21,17,14
2023-09-01,6,60,30,30,0,13,14,17,16
2023-09-01,6,61,36,36,0,22,22,14,14
2023-09-01,6,62,111,110,1,79,64,31,46
2023-09-01,6,63,77,75,2,54,57,21,18
2023-09-01,6,64,58,57,1,47,45,10,12
2023-09-01,6,65,32,31,1,21,22,10,9
2023-09-01,6,66,18,18,0,15,16,3,2
2023-09-01,6,67,83,83,0,58,48,25,35
2023-09-01,6,68,30,30,0,19,16,11,14
2023-09-01,6,69,134,133,1,74,85,59,48
2023-09-01,6,70,265,255,10,182,174,73,81
2023-09-01,6,72,416,390,26,271,263,119,127
2023-09-01,6,73,88,84,4,65,70,19,14
2023-09-01,6,74,118,116,2,70,72,46,44
2023-09-01,6,75,30,30,0,25,26,5,4
2023-09-01,6,77,262,256,6,165,160,91,96
2023-09-01,6,78,111,110,1,73,65,37,45
2023-09-01,6,79,83,83,0,53,42,30,41
2023-09-01,6,81,39,39,0,28,29,11,10
2023-09-01,6,82,173,163,10,95,106,68,57
2023-09-01,6,83,69,69,0,51,53,18,16
2023-09-01,6,84,749,678,71,494,449,184,229
2023-09-01,6,86,13,13,0,9,7,4,6
2023-09-01,6,87,81,81,0,47,47,34,34
2023-09-01,6,88,39,39,0,26,24,13,15
2023-09-01,6,89,32,32,0,22,17,10,15
2023-09-01,6,90,32,31,1,26,27,5,4
2023-09-01,6,91,121,110,11,79,84,31,26
2023-09-01,6,92,33,31,2,23,29,8,2
2023-09-01,6,93,7,7,0,5,6,2,1
2023-09-01,6,94,58,57,1,50,50,7,7
2023-09-01,6,95,32,31,1,25,22,6,9
2023-09-01,6,96,180,170,10,125,140,45,30
2023-09-01,6,97,32,32,0,25,25,7,7
2023-09-01,6,98,29,27,2,25,24,2,3
2023-09-01,6,99,136,132,4,82,107,50,25
2023-09-01,6,100,29,27,2,21,21,6,6
2023-09-01,6,103,35,35,0,23,23,12,12
2023-09-01,6,104,140,140,0,79,66,61,74
2023-09-01,6,105,69,69,0,46,42,23,27
2023-09-01,6,106,70,69,1,43,34,26,35
2023-09-01,6,107,181,172,9,131,126,41,46
2023-09-01,6,110,47,47,0,33,31,14,16
2023-09-01,6,111,474,446,28,327,330,119,116
2023-09-01,6,112,90,89,1,76,80,13,9
2023-09-01,6,113,246,242,4,194,210,48,32
2023-09-01,6,117,304,295,9,195,189,100,106
2023-09-01,6,118,30,30,0,25,26,5,4
2023-09-01,6,119,77,75,2,59,58,16,17
2023-09-01,6,120,30,30,0,21,22,9,8
2023-09-01,6,121,745,676,69,471,459,205,217
2023-09-01,6,122,145,140,5,83,101,57,39
2023-09-01,6,124,70,69,1,49,44,20,25
2023-09-01,6,126,143,142,1,56,47,86,95
2023-09-01,7,8,43,39,4,19,25,20,14
2023-09-01,7,34,16,15,1,6,9,9,6
2023-09-01,7,49,15,13,2,9,8,4,5
2023-09-01,7,64,30,29,1,23,22,6,7
2023-09-01,7,65,19,18,1,10,6,8,12
2023-09-01,7,89,22,22,0,19,17,3,5
2023-09-01,7,90,43,39,4,33,33,6,6
2023-09-01,7,92,16,15,1,8,9,7,6
2023-09-01,7,93,15,15,0,10,10,5,5
2023-09-01,7,94,30,29,1,24,24,5,5
2023-09-01,7,95,19,18,1,14,14,4,4
2023-09-01,7,97,22,22,0,21,20,1,2
2023-09-01,7,98,22,22,0,18,18,4,4
2023-09-01,7,100,22,22,0,14,16,8,6
2023-10-01,2,2,34,33,1,24,28,9,5
2023-10-01,2,3,36,36,0,31,30,5,6
2023-10-01,2,5,27,27,0,20,18,7,9
2023-10-01,2,6,31,31,0,26,27,5,4
2023-10-01,2,7,104,102,2,54,58,48,44
2023-10-01,2,8,28,28,0,24,24,4,4
2023-10-01,2,10,123,102,21,84,83,18,19
2023-10-01,2,15,85,83,2,51,54,32,29
2023-10-01,2,16,34,33,1,28,28,5,5
2023-10-01,2,17,92,91,1,67,63,24,28
2023-10-01,2,18,30,30,0,22,23,8,7
2023-10-01,2,19,24,24,0,18,18,6,6
2023-10-01,2,23,20,20,0,15,16,5,4
2023-10-01,2,24,24,24,0,13,16,11,8
2023-10-01,2,25,31,31,0,15,15,16,16
2023-10-01,2,26,167,154,13,90,96,64,58
2023-10-01,2,28,61,61,0,50,49,11,12
2023-10-01,2,29,24,24,0,12,18,12,6
2023-10-01,2,30,31,31,0,22,20,9,11
2023-10-01,2,32,187,174,13,122,129,52,45
2023-10-01,2,33,60,60,0,52,51,8,9
2023-10-01,2,35,36,36,0,16,21,20,15
2023-10-01,2,36,92,91,1,68,73,23,18
2023-10-01,2,37,122,116,6,60,75,56,41
2023-10-01,2,38,115,113,2,76,86,37,27
2023-10-01,2,41,31,30,1,20,22,10,8
2023-10-01,2,42,18,18,0,12,14,6,4
2023-10-01,2,43,31,31,0,15,16,16,15
2023-10-01,2,46,28,28,0,12,17,16,11
2023-10-01,2,47,24,24,0,16,19,8,5
2023-10-01,2,48,30,30,0,17,16,13,14
2023-10-01,2,55,31,31,0,25,28,6,3
2023-10-01,2,56,17,17,0,13,12,4,5
2023-10-01,2,57,243,229,14,148,156,81,73
2023-10-01,2,58,279,267,12,193,190,74,77
2023-10-01,2,60,19,19,0,11,10,8,9
2023-10-01,2,61,20,20,0,14,13,6,7
2023-10-01,2,62,135,131,4,74,70,57,61
2023-10-01,2,63,109,105,4,86,83,19,22
2023-10-01,2,66,24,24,0,8,14,16,10
2023-10-01,2,67,106,104,2,48,48,56,56
2023-10-01,2,68,43,41,2,28,26,13,15
2023-10-01,2,69,31,31,0,15,17,16,14
2023-10-01,2,70,104,102,2,54,55,48,47
2023-10-01,2,72,167,156,11,77,78,79,78
2023-10-01,2,73,122,116,6,70,67,46,49
2023-10-01,2,74,31,31,0,17,17,14,14
2023-10-01,2,75,29,29,0,17,17,12,12
2023-10-01,2,77,244,230,14,131,142,99,88
2023-10-01,2,78,136,133,3,73,80,60,53
2023-10-01,2,79,104,102,2,59,59,43,43
2023-10-01,2,81,54,53,1,35,37,18,16
2023-10-01,2,82,86,79,7,60,63,19,16
2023-10-01,2,83,76,75,1,53,58,22,17
2023-10-01,2,84,376,339,37,219,210,120,129
2023-10-01,2,87,61,61,0,45,40,16,21
2023-10-01,2,88,54,53,1,34,36,19,17
2023-10-01,2,90,28,28,0,17,17,11,11
2023-10-01,2,91,24,24,0,13,13,11,11
2023-10-01,2,96,87,79,8,50,55,29,24
2023-10-01,2,99,52,50,2,28,27,22,23
2023-10-01,2,103,31,31,0,17,18,14,13
2023-10-01,2,105,76,75,1,46,45,29,30
2023-10-01,2,106,119,116,3,85,83,31,33
2023-10-01,2,107,123,102,21,72,77,30,25
2023-10-01,2,110,85,83,2,62,58,21,25
2023-10-01,2,111,185,173,12,115,111,58,62
2023-10-01,2,112,115,112,3,82,78,30,34
2023-10-01,2,117,278,266,12,192,197,74,69
2023-10-01,2,118,19,19,0,17,17,2,2
2023-10-01,2,119,109,105,4,82,85,23,20
2023-10-01,2,120,45,43,2,29,33,14,10
2023-10-01,2,121,375,340,35,214,215,126,125
2023-10-01,2,122,52,50,2,29,34,21,16
2023-10-01,2,124,119,116,3,92,93,24,23
2023-10-01,2,126,60,60,0,45,45,15,15
2023-10-01,3,7,265,259,6,181,192,78,67
2023-10-01,3,8,94,93,1,74,83,19,10
2023-10-01,3,10,243,239,4,143,145,96,94
2023-10-01,3,17,88,88,0,64,66,24,22
2023-10-01,3,19,52,52,0,45,43,7,9
2023-10-01,3,22,23,23,0,18,19,5,4
2023-10-01,3,25,85,85,0,63,67,22,18
2023-10-01,3,26,394,377,17,269,280,108,97
2023-10-01,3,27,52,52,0,45,46,7,6
2023-10-01,3,29,156,156,0,100,123,56,33
2023-10-01,3,32,553,523,30,385,381,138,142
2023-10-01,3,33,70,70,0,50,57,20,13
2023-10-01,3,34,3,3,0,2,3,1,0
2023-10-01,3,36,89,89,0,70,74,19,15
2023-10-01,3,37,34,33,1,12,17,21,16
2023-10-01,3,38,53,53,0,23,34,30,19
2023-10-01,3,47,53,53,0,33,46,20,7
2023-10-01,3,48,44,43,1,39,40,4,3
2023-10-01,3,49,5,5,0,3,5,2,0
2023-10-01,3,57,28,28,0,17,20,11,8
2023-10-01,3,58,62,62,0,44,38,18,24
2023-10-01,3,59,23,23,0,14,14,9,9
2023-10-01,3,60,31,31,0,13,16,18,15
2023-10-01,3,62,46,46,0,36,34,10,12
2023-10-01,3,63,19,19,0,13,14,6,5
2023-10-01,3,64,23,22,1,16,19,6,3
2023-10-01,3,65,16,15,1,9,10,6,5
2023-10-01,3,69,85,85,0,64,66,21,19
2023-10-01,3,70,265,262,3,164,167,98,95
2023-10-01,3,72,395,384,11,252,262,132,122
2023-10-01,3,73,36,36,0,22,20,14,16
2023-10-01,3,75,43,42,1,25,27,17,15
2023-10-01,3,77,28,28,0,19,22,9,6
2023-10-01,3,78,47,47,0,30,32,17,15
2023-10-01,3,82,214,212,2,123,128,89,84
2023-10-01,3,83,31,31,0,24,25,7,6
2023-10-01,3,84,919,808,111,533,458,275,350
2023-10-01,3,86,52,52,0,44,48,8,4
2023-10-01,3,89,23,23,0,19,20,4,3
2023-10-01,3,90,95,94,1,73,71,21,23
2023-10-01,3,91,155,155,0,132,125,23,30
2023-10-01,3,92,3,3,0,3,3,0,0
2023-10-01,3,93,5,5,0,5,4,0,1
2023-10-01,3,94,23,22,1,21,20,1,2
2023-10-01,3,95,16,15,1,12,13,3,2
2023-10-01,3,96,214,209,5,132,129,77,80
2023-10-01,3,97,23,23,0,20,20,3,3
2023-10-01,3,98,21,20,1,18,19,2,1
2023-10-01,3,99,217,213,4,119,108,94,105
2023-10-01,3,100,21,20,1,17,19,3,1
2023-10-01,3,105,31,31,0,12,18,19,13
2023-10-01,3,106,34,34,0,16,19,18,15
2023-10-01,3,107,243,240,3,140,124,100,116
2023-10-01,3,111,558,522,36,315,341,207,181
2023-10-01,3,112,52,52,0,26,25,26,27
2023-10-01,3,117,63,63,0,30,35,33,28
2023-10-01,3,118,30,30,0,15,13,15,17
2023-10-01,3,119,19,19,0,15,16,4,3
2023-10-01,3,121,912,805,107,467,475,338,330
2023-10-01,3,122,217,216,1,99,118,117,98
2023-10-01,3,124,35,35,0,15,21,20,14
2023-10-01,3,126,70,70,0,53,57,17,13
2023-10-01,4,1,52,52,0,47,45,5,7
2023-10-01,4,2,171,168,3,129,139,39,29
2023-10-01,4,3,9,9,0,9,6,0,3
2023-10-01,4,4,103,103,0,95,93,8,10
2023-10-01,4,5,59,59,0,56,50,3,9
2023-10-01,4,6,6,6,0,6,6,0,0
2023-10-01,4,7,13,13,0,11,10,2,3
2023-10-01,4,9,131,129,2,120,120,9,9
2023-10-01,4,11,106,103,3,73,66,30,37
2023-10-01,4,12,52,52,0,46,45,6,7
2023-10-01,4,13,104,96,8,84,81,12,15
2023-10-01,4,15,69,65,4,47,47,18,18
2023-10-01,4,16,171,168,3,130,129,38,39
2023-10-01,4,17,89,89,0,64,59,25,30
2023-10-01,4,18,173,171,2,142,146,29,25
2023-10-01,4,20,129,125,4,104,105,21,20
2023-10-01,4,21,140,137,3,109,113,28,24
2023-10-01,4,23,30,30,0,26,21,4,9
2023-10-01,4,25,38,37,1,27,27,10,10
2023-10-01,4,27,1,1,0,1,0,0,1
2023-10-01,4,28,128,123,5,92,101,31,22
2023-10-01,4,30,26,26,0,23,25,3,1
2023-10-01,4,31,184,181,3,158,163,23,18
2023-10-01,4,33,65,63,2,47,46,16,17
2023-10-01,4,34,85,83,2,57,61,26,22
2023-10-01,4,35,9,9,0,6,1,3,8
2023-10-01,4,36,89,89,0,51,50,38,39
2023-10-01,4,39,154,149,5,130,130,19,19
2023-10-01,4,40,103,103,0,94,94,9,9
2023-10-01,4,41,174,172,2,144,148,28,24
2023-10-01,4,43,279,256,23,183,177,73,79
2023-10-01,4,44,464,417,47,303,287,114,130
2023-10-01,4,45,115,114,1,83,80,31,34
2023-10-01,4,46,59,59,0,38,43,21,16
2023-10-01,4,49,39,38,1,19,21,19,17
2023-10-01,4,51,116,112,4,90,80,22,32
2023-10-01,4,52,119,115,4,88,86,27,29
2023-10-01,4,53,129,124,5,108,103,16,21
2023-10-01,4,54,140,137,3,114,113,23,24
2023-10-01,4,55,6,6,0,4,4,2,2
2023-10-01,4,57,4,4,0,1,2,3,2
2023-10-01,4,58,35,33,2,16,16,17,17
2023-10-01,4,61,30,30,0,19,20,11,10
2023-10-01,4,62,58,56,2,36,28,20,28
2023-10-01,4,63,65,59,6,35,31,24,28
2023-10-01,4,64,52,49,3,30,30,19,19
2023-10-01,4,65,138,133,5,99,107,34,26
2023-10-01,4,67,117,108,9,75,76,33,32
2023-10-01,4,68,31,30,1,11,13,19,17
2023-10-01,4,69,41,40,1,27,29,13,11
2023-10-01,4,70,13,12,1,11,10,1,2
2023-10-01,4,74,278,256,22,176,176,80,80
2023-10-01,4,76,115,112,3,88,88,24,24
2023-10-01,4,77,4,4,0,3,2,1,2
2023-10-01,4,78,58,56,2,35,39,21,17
2023-10-01,4,79,118,110,8,68,69,42,41
2023-10-01,4,80,110,108,2,71,66,37,42
2023-10-01,4,81,57,56,1,33,33,23,23
2023-10-01,4,85,109,106,3,72,70,34,36
2023-10-01,4,86,1,1,0,1,1,0,0
2023-10-01,4,87,129,124,5,100,111,24,13
2023-10-01,4,88,56,54,2,37,36,17,18
2023-10-01,4,89,97,92,5,75,64,17,28
2023-10-01,4,92,85,83,2,62,68,21,15
2023-10-01,4,93,40,39,1,27,23,12,16
2023-10-01,4,94,52,49,3,33,33,16,16
2023-10-01,4,95,138,133,5,110,114,23,19
2023-10-01,4,97,97,92,5,80,78,12,14
2023-10-01,4,98,127,122,5,98,98,24,24
2023-10-01,4,100,127,121,6,89,86,32,35
2023-10-01,4,101,131,129,2,121,117,8,12
2023-10-01,4,102,111,110,1,86,77,24,33
2023-10-01,4,103,26,26,0,22,19,4,7
2023-10-01,4,104,183,179,4,145,142,34,37
2023-10-01,4,106,23,23,0,18,14,5,9
2023-10-01,4,108,106,104,2,74,75,30,29
2023-10-01,4,109,104,96,8,71,79,25,17
2023-10-01,4,110,68,65,3,42,44,23,21
2023-10-01,4,113,465,422,43,325,321,97,101
2023-10-01,4,114,115,114,1,72,77,42,37
2023-10-01,4,116,119,115,4,69,74,46,41
2023-10-01,4,117,34,32,2,20,18,12,14
2023-10-01,4,119,66,59,7,28,31,31,28
2023-10-01,4,120,31,30,1,14,14,16,16
2023-10-01,4,123,111,110,1,83,90,27,20
2023-10-01,4,124,23,23,0,9,10,14,13
2023-10-01,4,125,109,107,2,80,90,27,17
2023-10-01,4,126,66,64,2,43,39,21,25
2023-10-01,4,127,154,147,7,136,136,11,11
2023-10-01,4,128,108,104,4,86,86,18,18
2023-10-01,5,7,57,57,0,48,47,9,10
2023-10-01,5,9,149,145,4,133,128,12,17
2023-10-01,5,10,31,31,0,20,22,11,9
2023-10-01,5,11,83,83,0,64,61,19,22
2023-10-01,5,13,46,39,7,28,25,11,14
2023-10-01,5,26,59,59,0,48,45,11,14
2023-10-01,5,32,147,146,1,119,116,27,30
2023-10-01,5,39,14,11,3,9,9,2,2
2023-10-01,5,43,32,32,0,22,21,10,11
2023-10-01,5,45,86,85,1,57,48,28,37
2023-10-01,5,51,40,38,2,29,27,9,11
2023-10-01,5,52,108,106,2,74,76,32,30
2023-10-01,5,57,31,31,0,21,19,10,12
2023-10-01,5,58,31,31,0,24,25,7,6
2023-10-01,5,62,32,32,0,17,15,15,17
2023-10-01,5,70,58,58,0,49,48,9,10
2023-10-01,5,72,58,58,0,54,50,4,8
2023-10-01,5,74,31,31,0,25,22,6,9
2023-10-01,5,76,40,38,2,30,28,8,10
2023-10-01,5,77,31,31,0,26,23,5,8
2023-10-01,5,78,32,32,0,25,21,7,11
2023-10-01,5,80,97,95,2,59,56,36,39
2023-10-01,5,84,201,200,1,169,163,31,37
2023-10-01,5,85,97,94,3,60,55,34,39
2023-10-01,5,101,150,144,6,126,125,18,19
2023-10-01,5,102,81,76,5,54,45,22,31
2023-10-01,5,107,31,31,0,23,21,8,10
2023-10-01,5,108,83,83,0,65,64,18,19
2023-10-01,5,109,43,36,7,30,30,6,6
2023-10-01,5,111,147,146,1,116,106,30,40
2023-10-01,5,114,88,87,1,57,64,30,23
2023-10-01,5,116,112,110,2,76,79,34,31
2023-10-01,5,117,31,31,0,26,23,5,8
2023-10-01,5,121,201,200,1,157,147,43,53
2023-10-01,5,123,84,79,5,55,53,24,26
2023-10-01,5,125,90,86,4,70,68,16,18
2023-10-01,5,127,14,11,3,10,10,1,1
2023-10-01,5,128,90,86,4,68,67,18,19
2023-10-01,6,1,13,13,0,10,11,3,2
2023-10-01,6,2,143,139,4,108,108,31,31
2023-10-01,6,3,12,12,0,11,11,1,1
2023-10-01,6,4,23,22,1,17,17,5,5
2023-10-01,6,5,3,3,0,1,1,2,2
2023-10-01,6,6,40,38,2,31,33,7,5
2023-10-01,6,7,266,256,10,170,169,86,87
2023-10-01,6,8,40,39,1,20,26,19,13
2023-10-01,6,10,188,180,8,114,105,66,75
2023-10-01,6,12,13,13,0,6,5,7,8
2023-10-01,6,15,46,43,3,28,27,15,16
2023-10-01,6,16,142,139,3,93,105,46,34
2023-10-01,6,17,144,144,0,100,101,44,43
2023-10-01,6,18,105,100,5,76,72,24,28
2023-10-01,6,19,32,32,0,25,23,7,9
2023-10-01,6,20,27,27,0,19,22,8,5
2023-10-01,6,21,53,52,1,36,38,16,14
2023-10-01,6,22,40,40,0,33,33,7,7
2023-10-01,6,23,39,38,1,31,31,7,7
2023-10-01,6,24,17,17,0,9,10,8,7
2023-10-01,6,25,141,140,1,75,81,65,59
2023-10-01,6,26,426,396,30,256,265,140,131
2023-10-01,6,27,13,13,0,9,6,4,7
2023-10-01,6,28,84,83,1,45,49,38,34
2023-10-01,6,29,130,122,8,63,91,59,31
2023-10-01,6,30,40,40,0,34,36,6,4
2023-10-01,6,31,145,145,0,79,79,66,66
2023-10-01,6,32,490,450,40,319,315,131,135
2023-10-01,6,33,143,142,1,84,74,58,68
2023-10-01,6,34,26,26,0,13,19,13,7
2023-10-01,6,35,12,12,0,9,10,3,2
2023-10-01,6,36,144,144,0,87,108,57,36
2023-10-01,6,37,79,79,0,20,33,59,46
2023-10-01,6,38,86,86,0,40,51,46,35
2023-10-01,6,40,23,22,1,18,17,4,5
2023-10-01,6,41,105,100,5,78,74,22,26
2023-10-01,6,42,31,31,0,22,21,9,10
2023-10-01,6,43,129,127,2,85,84,42,43
2023-10-01,6,44,235,225,10,190,180,35,45
2023-10-01,6,46,3,3,0,3,3,0,0
2023-10-01,6,47,32,31,1,23,28,8,3
2023-10-01,6,48,31,29,2,20,22,9,7
2023-10-01,6,49,9,9,0,6,6,3,3
2023-10-01,6,53,27,27,0,21,21,6,6
2023-10-01,6,54,53,52,1,35,31,17,21
2023-10-01,6,55,40,38,2,25,27,13,11
2023-10-01,6,56,31,31,0,19,17,12,14
2023-10-01,6,57,252,246,6,150,163,96,83
2023-10-01,6,58,311,304,7,188,194,116,110
2023-10-01,6,59,40,40,0,29,31,11,9
2023-10-01,6,60,32,31,1,14,12,17,19
2023-10-01,6,61,39,38,1,28,29,10,9
2023-10-01,6,62,121,120,1,90,65,30,55
2023-10-01,6,63,78,75,3,57,50,18,25
2023-10-01,6,64,61,60,1,47,49,13,11
2023-10-01,6,65,36,36,0,27,31,9,5
2023-10-01,6,66,17,17,0,9,9,8,8
2023-10-01,6,67,95,94,1,78,69,16,25
2023-10-01,6,68,31,31,0,25,20,6,11
2023-10-01,6,69,141,140,1,79,87,61,53
2023-10-01,6,70,271,259,12,176,168,83,91
2023-10-01,6,72,429,399,30,267,254,132,145
2023-10-01,6,73,79,79,0,57,51,22,28
2023-10-01,6,74,129,127,2,94,90,33,37
2023-10-01,6,75,31,31,0,22,22,9,9
2023-10-01,6,77,252,246,6,169,164,77,82
2023-10-01,6,78,121,120,1,87,82,33,38
2023-10-01,6,79,95,95,0,65,60,30,35
2023-10-01,6,81,45,45,0,31,29,14,16
2023-10-01,6,82,191,186,5,103,137,83,49
2023-10-01,6,83,64,63,1,47,47,16,16
2023-10-01,6,84,828,741,87,540,481,201,260
2023-10-01,6,86,13,13,0,7,6,6,7
2023-10-01,6,87,83,82,1,54,54,28,28
2023-10-01,6,88,45,45,0,27,25,18,20
2023-10-01,6,89,38,38,0,26,27,12,11
2023-10-01,6,90,36,35,1,27,21,8,14
2023-10-01,6,91,129,120,9,89,93,31,27
2023-10-01,6,92,26,25,1,17,20,8,5
2023-10-01,6,93,9,9,0,7,7,2,2
2023-10-01,6,94,61,60,1,52,50,8,10
2023-10-01,6,95,36,36,0,29,27,7,9
2023-10-01,6,96,199,194,5,145,145,49,49
2023-10-01,6,97,38,38,0,27,27,11,11
2023-10-01,6,98,30,29,1,28,26,1,3
2023-10-01,6,99,139,137,2,104,114,33,23
2023-10-01,6,100,30,29,1,21,23,8,6
2023-10-01,6,103,40,40,0,29,30,11,10
2023-10-01,6,104,144,143,1,91,78,52,65
2023-10-01,6,105,64,63,1,41,39,22,24
2023-10-01,6,106,68,68,0,43,39,25,29
2023-10-01,6,107,188,180,8,120,113,60,67
2023-10-01,6,110,46,43,3,32,33,11,10
2023-10-01,6,111,484,446,38,353,347,93,99
2023-10-01,6,112,86,86,0,62,56,24,30
2023-10-01,6,113,236,226,10,182,183,44,43
2023-10-01,6,117,311,305,6,209,200,96,105
2023-10-01,6,118,31,31,0,25,25,6,6
2023-10-01,6,119,78,75,3,59,61,16,14
2023-10-01,6,120,31,31,0,27,25,4,6
2023-10-01,6,121,824,738,86,514,510,224,228
2023-10-01,6,122,150,146,4,91,103,55,43
2023-10-01,6,124,68,68,0,50,46,18,22
2023-10-01,6,126,142,141,1,83,75,58,66
2023-10-01,7,8,36,33,3,12,21,21,12
2023-10-01,7,34,26,26,0,12,20,14,6
2023-10-01,7,49,13,13,0,13,13,0,0
2023-10-01,7,64,32,32,0,20,24,12,8
2023-10-01,7,65,21,20,1,14,15,6,5
2023-10-01,7,89,21,20,1,17,17,3,3
2023-10-01,7,90,36,34,2,22,16,12,18
2023-10-01,7,92,26,26,0,21,20,5,6
2023-10-01,7,93,13,13,0,13,13,0,0
2023-10-01,7,94,32,32,0,24,24,8,8
2023-10-01,7,95,21,20,1,15,15,5,5
2023-10-01,7,97,21,20,1,19,19,1,1
2023-10-01,7,98,24,23,1,18,16,5,7
2023-10-01,7,100,24,23,1,17,19,6,4
2023-11-01,1,57,9,9,0,3,1,6,8
2023-11-01,1,77,9,9,0,6,5,3,4
2023-11-01,1,80,8,8,0,2,2,6,6
2023-11-01,1,83,17,17,0,9,9,8,8
2023-11-01,1,85,8,8,0,0,0,8,8
2023-11-01,1,105,17,17,0,8,11,9,6
2023-11-01,2,2,30,30,0,26,28,4,2
2023-11-01,2,6,30,29,1,26,26,3,3
2023-11-01,2,7,91,87,4,55,57,32,30
2023-11-01,2,8,31,29,2,21,22,8,7
2023-11-01,2,10,113,107,6,74,73,33,34
2023-11-01,2,15,72,72,0,47,51,25,21
2023-11-01,2,16,30,30,0,26,25,4,5
2023-11-01,2,17,81,80,1,66,62,14,18
2023-11-01,2,18,30,30,0,20,17,10,13
2023-11-01,2,19,12,12,0,8,3,4,9
2023-11-01,2,23,21,21,0,13,14,8,7
2023-11-01,2,24,21,21,0,15,16,6,5
2023-11-01,2,25,30,30,0,25,26,5,4
2023-11-01,2,26,116,110,6,60,63,50,47
2023-11-01,2,28,51,50,1,39,36,11,14
2023-11-01,2,29,17,17,0,8,10,9,7
2023-11-01,2,30,30,30,0,27,26,3,4
2023-11-01,2,32,162,153,9,115,119,38,34
2023-11-01,2,33,38,38,0,28,26,10,12
2023-11-01,2,36,81,78,3,62,66,16,12
2023-11-01,2,37,89,88,1,62,66,26,22
2023-11-01,2,38,87,85,2,63,68,22,17
2023-11-01,2,41,30,29,1,15,16,14,13
2023-11-01,2,42,21,21,0,17,18,4,3
2023-11-01,2,43,30,30,0,14,16,16,14
2023-11-01,2,47,13,13,0,6,7,7,6
2023-11-01,2,48,16,16,0,0,0,16,16
2023-11-01,2,55,30,29,1,23,25,6,4
2023-11-01,2,56,21,21,0,17,18,4,3
2023-11-01,2,57,215,211,4,144,151,67,60
2023-11-01,2,58,232,221,11,147,155,74,66
2023-11-01,2,60,22,22,0,12,13,10,9
2023-11-01,2,61,21,21,0,12,12,9,9
2023-11-01,2,62,128,128,0,65,73,63,55
2023-11-01,2,63,81,80,1,60,58,20,22
2023-11-01,2,66,21,21,0,14,15,7,6
2023-11-01,2,67,95,95,0,32,46,63,49
2023-11-01,2,68,58,55,3,38,38,17,17
2023-11-01,2,69,30,30,0,25,25,5,5
2023-11-01,2,70,91,87,4,53,61,34,26
2023-11-01,2,72,119,111,8,53,56,58,55
2023-11-01,2,73,89,88,1,60,55,28,33
2023-11-01,2,74,31,31,0,18,16,13,15
2023-11-01,2,75,18,18,0,12,9,6,9
2023-11-01,2,77,214,211,3,144,139,67,72
2023-11-01,2,78,128,128,0,76,70,52,58
2023-11-01,2,79,94,94,0,47,44,47,50
2023-11-01,2,81,69,69,0,42,42,27,27
2023-11-01,2,82,78,75,3,59,67,16,8
2023-11-01,2,83,81,80,1,61,59,19,21
2023-11-01,2,84,335,309,26,201,198,108,111
2023-11-01,2,87,51,50,1,33,37,17,13
2023-11-01,2,88,69,69,0,35,38,34,31
2023-11-01,2,90,32,29,3,21,18,8,11
2023-11-01,2,91,18,17,1,7,6,10,11
2023-11-01,2,96,78,74,4,55,50,19,24
2023-11-01,2,99,51,51,0,32,32,19,19
2023-11-01,2,103,30,30,0,18,18,12,12
2023-11-01,2,105,81,79,2,39,44,40,35
2023-11-01,2,106,106,104,2,68,73,36,31
2023-11-01,2,107,113,109,4,61,71,48,38
2023-11-01,2,110,72,72,0,54,53,18,19
2023-11-01,2,111,162,153,9,107,108,46,45
2023-11-01,2,112,86,85,1,70,67,15,18
2023-11-01,2,117,230,221,9,156,155,65,66
2023-11-01,2,118,22,22,0,16,14,6,8
2023-11-01,2,119,80,80,0,60,66,20,14
2023-11-01,2,120,57,55,2,42,43,13,12
2023-11-01,2,121,333,308,25,207,212,101,96
2023-11-01,2,122,51,51,0,27,33,24,18
2023-11-01,2,124,107,105,2,81,81,24,24
2023-11-01,2,126,38,38,0,27,27,11,11
2023-11-01,3,7,258,253,5,163,151,90,102
2023-11-01,3,8,92,89,3,59,64,30,25
2023-11-01,3,10,236,230,6,162,150,68,80
2023-11-01,3,17,84,84,0,61,64,23,20
2023-11-01,3,19,29,29,0,20,17,9,12
2023-11-01,3,22,30,30,0,26,28,4,2
2023-11-01,3,25,38,38,0,36,36,2,2
2023-11-01,3,26,387,381,6,285,272,96,109
2023-11-01,3,27,52,52,0,45,47,7,5
2023-11-01,3,29,154,153,1,95,115,58,38
2023-11-01,3,32,541,516,25,375,347,141,169
2023-11-01,3,33,60,60,0,41,42,19,18
2023-11-01,3,36,84,84,0,70,74,14,10
2023-11-01,3,37,34,34,0,15,18,19,16
2023-11-01,3,38,55,55,0,31,32,24,23
2023-11-01,3,43,4,4,0,2,1,2,3
2023-11-01,3,44,16,16,0,16,16,0,0
2023-11-01,3,47,29,29,0,3,9,26,20
2023-11-01,3,49,1,1,0,1,1,0,0
2023-11-01,3,57,36,36,0,15,21,21,15
2023-11-01,3,58,87,87,0,59,58,28,29
2023-11-01,3,59,30,30,0,24,25,6,5
2023-11-01,3,60,30,30,0,13,11,17,19
2023-11-01,3,62,55,54,1,39,40,15,14
2023-11-01,3,63,8,8,0,2,3,6,5
2023-11-01,3,64,18,18,0,12,15,6,3
2023-11-01,3,65,10,10,0,10,10,0,0
2023-11-01,3,69,38,38,0,34,33,4,5
2023-11-01,3,70,258,254,4,159,158,95,96
2023-11-01,3,72,386,379,7,250,227,129,152
2023-11-01,3,73,34,34,0,26,26,8,8
2023-11-01,3,74,6,6,0,3,3,3,3
2023-11-01,3,77,35,35,0,23,25,12,10
2023-11-01,3,78,55,54,1,29,27,25,27
2023-11-01,3,82,209,206,3,103,122,103,84
2023-11-01,3,83,30,30,0,26,24,4,6
2023-11-01,3,84,941,863,78,578,495,285,368
2023-11-01,3,86,52,52,0,42,45,10,7
2023-11-01,3,89,16,15,1,13,13,2,2
2023-11-01,3,90,93,90,3,68,60,22,30
2023-11-01,3,91,153,153,0,113,99,40,54
2023-11-01,3,93,1,1,0,1,1,0,0
2023-11-01,3,94,18,18,0,17,15,1,3
2023-11-01,3,95,10,10,0,9,10,1,0
2023-11-01,3,96,210,208,2,122,111,86,97
2023-11-01,3,97,16,16,0,15,15,1,1
2023-11-01,3,99,198,197,1,118,86,79,111
2023-11-01,3,105,29,29,0,10,13,19,16
2023-11-01,3,106,56,56,0,35,38,21,18
2023-11-01,3,107,237,233,4,147,150,86,83
2023-11-01,3,111,544,520,24,308,295,212,225
2023-11-01,3,112,56,56,0,25,28,31,28
2023-11-01,3,113,16,16,0,16,16,0,0
2023-11-01,3,117,85,85,0,53,59,32,26
2023-11-01,3,118,30,30,0,19,14,11,16
2023-11-01,3,119,8,8,0,6,8,2,0
2023-11-01,3,121,939,861,78,490,519,371,342
2023-11-01,3,122,201,200,1,83,109,117,91
2023-11-01,3,124,56,56,0,28,28,28,28
2023-11-01,3,126,60,60,0,44,45,16,15
2023-11-01,4,1,43,43,0,33,32,10,11
2023-11-01,4,2,176,173,3,124,114,49,59
2023-11-01,4,4,99,99,0,79,80,20,19
2023-11-01,4,7,13,11,2,9,9,2,2
2023-11-01,4,9,124,121,3,113,117,8,4
2023-11-01,4,11,104,101,3,69,69,32,32
2023-11-01,4,12,43,43,0,28,24,15,19
2023-11-01,4,15,53,51,2,33,30,18,21
2023-11-01,4,16,176,172,4,112,113,60,59
2023-11-01,4,17,66,64,2,40,35,24,29
2023-11-01,4,18,159,158,1,122,126,36,32
2023-11-01,4,20,125,121,4,95,96,26,25
2023-11-01,4,21,138,125,13,83,85,42,40
2023-11-01,4,23,26,25,1,19,16,6,9
2023-11-01,4,25,126,126,0,68,64,58,62
2023-11-01,4,28,113,104,9,77,72,27,32
2023-11-01,4,30,21,21,0,19,20,2,1
2023-11-01,4,31,194,185,9,134,140,51,45
2023-11-01,4,33,86,83,3,57,51,26,32
2023-11-01,4,34,83,80,3,59,55,21,25
2023-11-01,4,36,66,64,2,30,26,34,38
2023-11-01,4,39,142,133,9,108,106,25,27
2023-11-01,4,40,99,97,2,76,75,21,22
2023-11-01,4,41,159,158,1,123,117,35,41
2023-11-01,4,43,250,244,6,150,151,94,93
2023-11-01,4,44,403,387,16,234,218,153,169
2023-11-01,4,45,107,104,3,69,66,35,38
2023-11-01,4,48,30,30,0,14,8,16,22
2023-11-01,4,49,30,29,1,12,14,17,15
2023-11-01,4,51,115,115,0,86,74,29,41
2023-11-01,4,52,112,111,1,85,82,26,29
2023-11-01,4,53,125,121,4,93,92,28,29
2023-11-01,4,54,137,124,13,88,83,36,41
2023-11-01,4,58,32,30,2,19,19,11,11
2023-11-01,4,61,26,25,1,13,12,12,13
2023-11-01,4,62,56,56,0,30,24,26,32
2023-11-01,4,63,74,72,2,48,40,24,32
2023-11-01,4,64,56,53,3,37,35,16,18
2023-11-01,4,65,139,138,1,99,85,39,53
2023-11-01,4,67,111,107,4,74,73,33,34
2023-11-01,4,68,30,29,1,20,20,9,9
2023-11-01,4,69,130,129,1,76,64,53,65
2023-11-01,4,70,13,12,1,5,7,7,5
2023-11-01,4,74,250,246,4,164,155,82,91
2023-11-01,4,75,30,30,0,5,1,25,29
2023-11-01,4,76,115,115,0,71,73,44,42
2023-11-01,4,78,56,56,0,40,36,16,20
2023-11-01,4,79,112,108,4,63,55,45,53
2023-11-01,4,80,108,106,2,62,52,44,54
2023-11-01,4,81,51,48,3,31,26,17,22
2023-11-01,4,85,108,106,2,56,64,50,42
2023-11-01,4,87,112,101,11,76,75,25,26
2023-11-01,4,88,52,50,2,33,27,17,23
2023-11-01,4,89,103,101,2,76,68,25,33
2023-11-01,4,92,83,80,3,58,64,22,16
2023-11-01,4,93,30,29,1,25,24,4,5
2023-11-01,4,94,56,54,2,37,33,17,21
2023-11-01,4,95,140,139,1,106,96,33,43
2023-11-01,4,97,103,101,2,84,80,17,21
2023-11-01,4,98,142,141,1,106,100,35,41
2023-11-01,4,100,142,140,2,95,81,45,59
2023-11-01,4,101,124,120,4,117,115,3,5
2023-11-01,4,102,112,110,2,85,80,25,30
2023-11-01,4,103,21,20,1,15,15,5,5
2023-11-01,4,104,194,181,13,132,126,49,55
2023-11-01,4,108,104,102,2,53,59,49,43
2023-11-01,4,110,54,52,2,28,30,24,22
2023-11-01,4,113,403,392,11,253,251,139,141
2023-11-01,4,114,108,106,2,65,60,41,46
2023-11-01,4,116,112,110,2,64,69,46,41
2023-11-01,4,117,32,30,2,24,23,6,7
2023-11-01,4,119,74,72,2,43,44,29,28
2023-11-01,4,120,30,29,1,19,15,10,14
2023-11-01,4,123,112,110,2,73,81,37,29
2023-11-01,4,125,104,100,4,61,63,39,37
2023-11-01,4,126,86,84,2,50,47,34,37
2023-11-01,4,127,142,130,12,108,108,22,22
2023-11-01,4,128,104,99,5,68,73,31,26
2023-11-01,5,7,56,56,0,43,39,13,17
2023-11-01,5,9,150,150,0,143,140,7,10
2023-11-01,5,10,30,30,0,13,12,17,18
2023-11-01,5,11,82,82,0,68,63,14,19
2023-11-01,5,26,56,56,0,32,37,24,19
2023-11-01,5,32,146,146,0,105,102,41,44
2023-11-01,5,39,13,13,0,12,12,1,1
2023-11-01,5,43,30,30,0,23,19,7,11
2023-11-01,5,45,82,82,0,44,38,38,44
2023-11-01,5,51,44,42,2,32,26,10,16
2023-11-01,5,52,117,117,0,63,53,54,64
2023-11-01,5,57,30,30,0,18,16,12,14
2023-11-01,5,58,30,30,0,18,20,12,10
2023-11-01,5,62,29,29,0,18,15,11,14
2023-11-01,5,70,56,56,0,39,36,17,20
2023-11-01,5,72,56,56,0,38,34,18,22
2023-11-01,5,74,30,30,0,25,22,5,8
2023-11-01,5,76,45,43,2,30,33,13,10
2023-11-01,5,77,30,30,0,27,24,3,6
2023-11-01,5,78,30,30,0,24,24,6,6
2023-11-01,5,80,96,94,2,59,55,35,39
2023-11-01,5,84,202,200,2,161,150,39,50
2023-11-01,5,85,96,93,3,52,47,41,46
2023-11-01,5,101,149,149,0,139,135,10,14
2023-11-01,5,102,78,77,1,49,45,28,32
2023-11-01,5,107,30,30,0,13,14,17,16
2023-11-01,5,108,82,82,0,70,63,12,19
2023-11-01,5,111,147,147,0,107,98,40,49
2023-11-01,5,114,80,80,0,46,50,34,30
2023-11-01,5,116,122,122,0,77,78,45,44
2023-11-01,5,117,29,29,0,22,21,7,8
2023-11-01,5,121,202,201,1,143,135,58,66
2023-11-01,5,123,80,79,1,50,48,29,31
2023-11-01,5,125,90,89,1,67,69,22,20
2023-11-01,5,127,13,13,0,11,11,2,2
2023-11-01,5,128,90,89,1,71,59,18,30
2023-11-01,6,1,13,13,0,7,6,6,7
2023-11-01,6,2,138,128,10,96,98,32,30
2023-11-01,6,4,17,13,4,9,8,4,5
2023-11-01,6,6,30,30,0,25,25,5,5
2023-11-01,6,7,268,260,8,121,127,139,133
2023-11-01,6,8,39,38,1,13,21,25,17
2023-11-01,6,10,176,153,23,86,90,67,63
2023-11-01,6,12,13,13,0,2,3,11,10
2023-11-01,6,15,51,48,3,28,31,20,17
2023-11-01,6,16,138,131,7,93,93,38,38
2023-11-01,6,17,142,141,1,76,56,65,85
2023-11-01,6,18,112,106,6,61,64,45,42
2023-11-01,6,19,31,30,1,17,9,13,21
2023-11-01,6,20,26,26,0,14,17,12,9
2023-11-01,6,21,52,51,1,35,40,16,11
2023-11-01,6,22,30,30,0,14,13,16,17
2023-11-01,6,23,46,42,4,25,28,17,14
2023-11-01,6,24,21,18,3,7,7,11,11
2023-11-01,6,25,136,135,1,75,56,60,79
2023-11-01,6,26,402,373,29,190,171,183,202
2023-11-01,6,27,13,13,0,8,4,5,9
2023-11-01,6,28,82,82,0,41,41,41,41
2023-11-01,6,29,124,118,6,45,65,73,53
2023-11-01,6,30,30,30,0,21,18,9,12
2023-11-01,6,31,142,142,0,82,75,60,67
2023-11-01,6,32,474,413,61,228,212,185,201
2023-11-01,6,33,142,139,3,84,70,55,69
2023-11-01,6,34,32,31,1,17,20,14,11
2023-11-01,6,36,142,141,1,56,73,85,68
2023-11-01,6,37,61,58,3,25,30,33,28
2023-11-01,6,38,77,74,3,26,36,48,38
2023-11-01,6,40,17,13,4,7,7,6,6
2023-11-01,6,41,112,107,5,67,59,40,48
2023-11-01,6,42,30,30,0,18,20,12,10
2023-11-01,6,43,125,122,3,64,58,58,64
2023-11-01,6,44,252,240,12,169,161,71,79
2023-11-01,6,47,31,30,1,10,19,20,11
2023-11-01,6,48,27,23,4,5,13,18,10
2023-11-01,6,49,15,15,0,11,9,4,6
2023-11-01,6,53,26,26,0,17,16,9,10
2023-11-01,6,54,52,51,1,38,30,13,21
2023-11-01,6,55,30,30,0,16,16,14,14
2023-11-01,6,56,30,29,1,18,14,11,15
2023-11-01,6,57,245,226,19,98,113,128,113
2023-11-01,6,58,304,288,16,138,150,150,138
2023-11-01,6,59,30,30,0,11,12,19,18
2023-11-01,6,60,30,29,1,8,4,21,25
2023-11-01,6,61,46,41,5,23,19,18,22
2023-11-01,6,62,117,114,3,63,47,51,67
2023-11-01,6,63,76,73,3,40,38,33,35
2023-11-01,6,64,79,77,2,63,60,14,17
2023-11-01,6,65,57,52,5,47,45,5,7
2023-11-01,6,66,21,18,3,6,6,12,12
2023-11-01,6,67,90,88,2,51,55,37,33
2023-11-01,6,68,30,30,0,14,14,16,16
2023-11-01,6,69,136,135,1,68,55,67,80
2023-11-01,6,70,268,262,6,142,122,120,140
2023-11-01,6,72,405,379,26,223,183,156,196
2023-11-01,6,73,60,58,2,34,31,24,27
2023-11-01,6,74,125,121,4,66,59,55,62
2023-11-01,6,75,25,22,3,9,7,13,15
2023-11-01,6,77,245,225,20,119,110,106,115
2023-11-01,6,78,116,115,1,56,54,59,61
2023-11-01,6,79,91,87,4,46,38,41,49
2023-11-01,6,81,43,42,1,26,28,16,14
2023-11-01,6,82,199,188,11,84,119,104,69
2023-11-01,6,83,70,68,2,41,36,27,32
2023-11-01,6,84,786,686,100,432,351,254,335
2023-11-01,6,86,13,13,0,6,6,7,7
2023-11-01,6,87,82,82,0,48,47,34,35
2023-11-01,6,88,44,42,2,25,27,17,15
2023-11-01,6,89,47,45,2,33,27,12,18
2023-11-01,6,90,39,38,1,26,14,12,24
2023-11-01,6,91,123,116,7,70,73,46,43
2023-11-01,6,92,32,31,1,18,25,13,6
2023-11-01,6,93,15,15,0,8,9,7,6
2023-11-01,6,94,79,77,2,68,61,9,16
2023-11-01,6,95,57,52,5,48,48,4,4
2023-11-01,6,96,217,205,12,141,109,64,96
2023-11-01,6,97,47,45,2,37,35,8,10
2023-11-01,6,98,42,41,1,34,34,7,7
2023-11-01,6,99,146,140,6,98,85,42,55
2023-11-01,6,100,42,41,1,30,22,11,19
2023-11-01,6,103,30,30,0,9,6,21,24
2023-11-01,6,104,142,142,0,102,80,40,62
2023-11-01,6,105,70,68,2,33,23,35,45
2023-11-01,6,106,61,58,3,30,25,28,33
2023-11-01,6,107,176,155,21,92,88,63,67
2023-11-01,6,110,51,48,3,33,30,15,18
2023-11-01,6,111,472,414,58,233,224,181,190
2023-11-01,6,112,76,73,3,43,33,30,40
2023-11-01,6,113,252,240,12,149,168,91,72
2023-11-01,6,117,305,286,19,168,149,118,137
2023-11-01,6,118,30,30,0,19,14,11,16
2023-11-01,6,119,76,73,3,51,44,22,29
2023-11-01,6,120,30,30,0,17,19,13,11
2023-11-01,6,121,774,681,93,356,359,325,322
2023-11-01,6,122,158,147,11,64,83,83,64
2023-11-01,6,124,60,58,2,33,27,25,31
2023-11-01,6,126,142,140,2,77,77,63,63
2023-11-01,7,8,34,33,1,7,13,26,20
2023-11-01,7,34,14,14,0,6,7,8,7
2023-11-01,7,49,6,6,0,3,2,3,4
2023-11-01,7,64,23,23,0,13,13,10,10
2023-11-01,7,65,18,16,2,10,12,6,4
2023-11-01,7,89,9,9,0,6,5,3,4
2023-11-01,7,90,34,33,1,24,16,9,17
2023-11-01,7,92,14,14,0,9,11,5,3
2023-11-01,7,93,6,6,0,4,4,2,2
2023-11-01,7,94,23,23,0,17,15,6,8
2023-11-01,7,95,18,16,2,12,10,4,6
2023-11-01,7,97,9,9,0,4,5,5,4
2023-11-01,7,98,15,15,0,11,11,4,4
2023-11-01,7,100,15,15,0,10,8,5,7
2023-12-01,1,57,14,6,8,1,1,5,5
2023-12-01,1,77,14,6,8,1,1,5,5
2023-12-01,1,80,9,8,1,2,2,6,6
2023-12-01,1,83,12,12,0,7,7,5,5
2023-12-01,1,85,9,8,1,1,1,7,7
2023-12-01,1,105,12,12,0,4,4,8,8
2023-12-01,2,2,30,30,0,18,18,12,12
2023-12-01,2,6,33,31,2,24,23,7,8
2023-12-01,2,7,102,96,6,51,55,45,41
2023-12-01,2,8,31,31,0,22,22,9,9
2023-12-01,2,10,136,123,13,79,77,44,46
2023-12-01,2,15,89,89,0,64,67,25,22
2023-12-01,2,16,34,30,4,13,15,17,15
2023-12-01,2,17,97,86,11,59,59,27,27
2023-12-01,2,18,31,31,0,13,14,18,17
2023-12-01,2,19,27,24,3,8,8,16,16
2023-12-01,2,23,36,35,1,25,26,10,9
2023-12-01,2,24,26,26,0,7,9,19,17
2023-12-01,2,25,31,31,0,22,23,9,8
2023-12-01,2,26,153,141,12,72,78,69,63
2023-12-01,2,28,59,57,2,47,47,10,10
2023-12-01,2,29,24,22,2,7,13,15,9
2023-12-01,2,30,49,48,1,21,25,27,23
2023-12-01,2,32,200,184,16,108,118,76,66
2023-12-01,2,33,52,52,0,28,24,24,28
2023-12-01,2,36,98,87,11,56,59,31,28
2023-12-01,2,37,110,95,15,62,61,33,34
2023-12-01,2,38,110,93,17,56,57,37,36
2023-12-01,2,41,32,31,1,12,12,19,19
2023-12-01,2,42,23,23,0,12,17,11,6
2023-12-01,2,43,32,32,0,13,16,19,16
2023-12-01,2,47,25,22,3,5,9,17,13
2023-12-01,2,48,23,23,0,7,8,16,15
2023-12-01,2,55,33,31,2,24,26,7,5
2023-12-01,2,56,23,23,0,17,18,6,5
2023-12-01,2,57,249,234,15,141,153,93,81
2023-12-01,2,58,265,253,12,178,180,75,73
2023-12-01,2,60,23,23,0,14,16,9,7
2023-12-01,2,61,36,35,1,18,17,17,18
2023-12-01,2,62,211,200,11,119,121,81,79
2023-12-01,2,63,103,102,1,75,77,27,25
2023-12-01,2,66,29,28,1,5,9,23,19
2023-12-01,2,67,154,148,6,77,84,71,64
2023-12-01,2,68,59,59,0,43,44,16,15
2023-12-01,2,69,31,31,0,19,19,12,12
2023-12-01,2,70,102,98,4,55,56,43,42
2023-12-01,2,72,156,145,11,74,69,71,76
2023-12-01,2,73,111,96,15,56,53,40,43
2023-12-01,2,74,32,32,0,17,15,15,17
2023-12-01,2,75,23,23,0,16,15,7,8
2023-12-01,2,77,249,235,14,149,137,86,98
2023-12-01,2,78,210,199,11,133,132,66,67
2023-12-01,2,79,152,148,4,89,92,59,56
2023-12-01,2,81,65,64,1,39,36,25,28
2023-12-01,2,82,87,86,1,64,58,22,28
2023-12-01,2,83,89,89,0,71,66,18,23
2023-12-01,2,84,428,386,42,221,227,165,159
2023-12-01,2,87,59,56,3,37,38,19,18
2023-12-01,2,88,64,63,1,30,28,33,35
2023-12-01,2,90,31,31,0,26,25,5,6
2023-12-01,2,91,24,22,2,8,9,14,13
2023-12-01,2,96,88,85,3,50,57,35,28
2023-12-01,2,99,58,58,0,31,32,27,26
2023-12-01,2,103,49,48,1,22,17,26,31
2023-12-01,2,105,92,88,4,50,60,38,28
2023-12-01,2,106,120,115,5,71,71,44,44
2023-12-01,2,107,136,123,13,71,75,52,48
2023-12-01,2,110,89,89,0,68,70,21,19
2023-12-01,2,111,198,183,15,101,101,82,82
2023-12-01,2,112,109,93,16,64,55,29,38
2023-12-01,2,117,263,251,12,185,178,66,73
2023-12-01,2,118,24,24,0,16,13,8,11
2023-12-01,2,119,105,104,1,76,79,28,25
2023-12-01,2,120,61,61,0,47,50,14,11
2023-12-01,2,121,429,388,41,238,235,150,153
2023-12-01,2,122,58,58,0,35,37,23,21
2023-12-01,2,124,120,116,4,82,83,34,33
2023-12-01,2,126,53,50,3,19,20,31,30
2023-12-01,3,7,237,235,2,152,134,83,101
2023-12-01,3,8,93,93,0,70,67,23,26
2023-12-01,3,10,218,214,4,163,166,51,48
2023-12-01,3,17,90,80,10,63,67,17,13
2023-12-01,3,19,17,17,0,15,15,2,2
2023-12-01,3,22,23,23,0,20,22,3,1
2023-12-01,3,23,14,14,0,13,13,1,1
2023-12-01,3,25,22,22,0,19,20,3,2
2023-12-01,3,26,360,351,9,261,242,90,109
2023-12-01,3,27,44,44,0,41,41,3,3
2023-12-01,3,29,153,152,1,115,117,37,35
2023-12-01,3,32,481,462,19,376,364,86,98
2023-12-01,3,33,52,52,0,42,42,10,10
2023-12-01,3,36,91,81,10,68,68,13,13
2023-12-01,3,37,39,37,2,26,28,11,9
2023-12-01,3,38,62,58,4,38,37,20,21
2023-12-01,3,43,5,5,0,3,4,2,1
2023-12-01,3,44,8,8,0,8,8,0,0
2023-12-01,3,47,16,16,0,12,11,4,5
2023-12-01,3,57,39,38,1,20,22,18,16
2023-12-01,3,58,108,107,1,66,66,41,41
2023-12-01,3,59,23,23,0,18,18,5,5
2023-12-01,3,60,30,30,0,14,14,16,16
2023-12-01,3,61,14,14,0,12,10,2,4
2023-12-01,3,62,57,57,0,40,41,17,16
2023-12-01,3,63,23,23,0,12,9,11,14
2023-12-01,3,64,15,14,1,12,11,2,3
2023-12-01,3,65,6,6,0,5,4,1,2
2023-12-01,3,69,22,22,0,19,17,3,5
2023-12-01,3,70,236,235,1,164,150,71,85
2023-12-01,3,72,359,350,9,232,226,118,124
2023-12-01,3,73,40,38,2,29,26,9,12
2023-12-01,3,74,6,6,0,6,4,0,2
2023-12-01,3,77,39,39,0,27,26,12,13
2023-12-01,3,78,57,57,0,38,36,19,21
2023-12-01,3,82,203,202,1,122,111,80,91
2023-12-01,3,83,11,11,0,6,5,5,6
2023-12-01,3,84,752,708,44,507,449,201,259
2023-12-01,3,86,45,45,0,36,33,9,12
2023-12-01,3,89,16,15,1,13,15,2,0
2023-12-01,3,90,93,93,0,78,77,15,16
2023-12-01,3,91,152,151,1,112,111,39,40
2023-12-01,3,94,15,15,0,14,14,1,1
2023-12-01,3,95,6,6,0,6,6,0,0
2023-12-01,3,96,202,200,2,105,117,95,83
2023-12-01,3,97,16,15,1,13,15,2,0
2023-12-01,3,99,201,201,0,118,127,83,74
2023-12-01,3,105,10,10,0,2,1,8,9
2023-12-01,3,106,57,57,0,38,42,19,15
2023-12-01,3,107,218,214,4,155,153,59,61
2023-12-01,3,111,483,467,16,322,312,145,155
2023-12-01,3,112,61,57,4,41,39,16,18
2023-12-01,3,113,8,8,0,8,8,0,0
2023-12-01,3,117,107,107,0,69,69,38,38
2023-12-01,3,118,30,30,0,19,16,11,14
2023-12-01,3,119,23,23,0,12,17,11,6
2023-12-01,3,121,751,706,45,476,460,230,246
2023-12-01,3,122,201,201,0,111,90,90,111
2023-12-01,3,124,58,58,0,36,37,22,21
2023-12-01,3,126,53,53,0,43,41,10,12
2023-12-01,4,1,43,43,0,38,38,5,5
2023-12-01,4,2,173,168,5,122,111,46,57
2023-12-01,4,4,80,80,0,65,67,15,13
2023-12-01,4,6,8,8,0,8,8,0,0
2023-12-01,4,7,12,12,0,11,11,1,1
2023-12-01,4,9,127,124,3,105,109,19,15
2023-12-01,4,11,99,97,2,58,57,39,40
2023-12-01,4,12,43,43,0,32,29,11,14
2023-12-01,4,15,56,55,1,38,39,17,16
2023-12-01,4,16,173,166,7,104,108,62,58
2023-12-01,4,17,61,55,6,24,23,31,32
2023-12-01,4,18,142,142,0,105,98,37,44
2023-12-01,4,19,24,24,0,17,14,7,10
2023-12-01,4,20,109,104,5,71,79,33,25
2023-12-01,4,21,122,109,13,63,62,46,47
2023-12-01,4,22,7,7,0,4,3,3,4
2023-12-01,4,23,15,15,0,9,8,6,7
2023-12-01,4,24,11,11,0,4,3,7,8
2023-12-01,4,25,128,126,2,54,54,72,72
2023-12-01,4,27,6,6,0,5,6,1,0
2023-12-01,4,28,115,108,7,73,64,35,44
2023-12-01,4,30,22,20,2,15,16,5,4
2023-12-01,4,31,176,164,12,99,104,65,60
2023-12-01,4,33,81,80,1,45,43,35,37
2023-12-01,4,34,83,82,1,61,60,21,22
2023-12-01,4,36,61,54,7,20,19,34,35
2023-12-01,4,39,143,121,22,102,100,19,21
2023-12-01,4,40,81,81,0,57,61,24,20
2023-12-01,4,41,142,142,0,103,98,39,44
2023-12-01,4,43,205,201,4,114,115,87,86
2023-12-01,4,44,336,315,21,199,201,116,114
2023-12-01,4,45,108,103,5,75,72,28,31
2023-12-01,4,47,25,25,0,17,15,8,10
2023-12-01,4,48,31,31,0,28,16,3,15
2023-12-01,4,49,31,31,0,21,21,10,10
2023-12-01,4,51,121,120,1,93,86,27,34
2023-12-01,4,52,105,101,4,84,83,17,18
2023-12-01,4,53,109,101,8,70,63,31,38
2023-12-01,4,54,122,105,17,62,57,43,48
2023-12-01,4,55,8,8,0,6,7,2,1
2023-12-01,4,57,15,14,1,11,11,3,3
2023-12-01,4,58,18,15,3,12,14,3,1
2023-12-01,4,59,7,7,0,1,1,6,6
2023-12-01,4,61,15,15,0,8,6,7,9
2023-12-01,4,62,57,56,1,39,32,17,24
2023-12-01,4,63,62,62,0,50,45,12,17
2023-12-01,4,64,52,49,3,37,34,12,15
2023-12-01,4,65,128,125,3,91,87,34,38
2023-12-01,4,66,10,10,0,6,7,4,3
2023-12-01,4,67,102,95,7,71,68,24,27
2023-12-01,4,68,42,40,2,34,32,6,8
2023-12-01,4,69,131,126,5,55,49,71,77
2023-12-01,4,70,12,12,0,6,6,6,6
2023-12-01,4,74,205,202,3,132,123,70,79
2023-12-01,4,75,31,31,0,11,7,20,24
2023-12-01,4,76,120,120,0,79,85,41,35
2023-12-01,4,77,15,14,1,12,12,2,2
2023-12-01,4,78,57,56,1,46,41,10,15
2023-12-01,4,79,102,96,6,63,56,33,40
2023-12-01,4,80,104,102,2,65,53,37,49
2023-12-01,4,81,42,39,3,30,25,9,14
2023-12-01,4,83,28,28,0,15,13,13,15
2023-12-01,4,85,105,102,3,50,58,52,44
2023-12-01,4,86,6,6,0,6,4,0,2
2023-12-01,4,87,115,107,8,75,75,32,32
2023-12-01,4,88,42,38,4,20,19,18,19
2023-12-01,4,89,91,88,3,60,56,28,32
2023-12-01,4,92,83,82,1,63,67,19,15
2023-12-01,4,93,31,31,0,30,28,1,3
2023-12-01,4,94,52,51,1,37,38,14,13
2023-12-01,4,95,128,126,2,98,95,28,31
2023-12-01,4,97,91,89,2,75,70,14,19
2023-12-01,4,98,125,124,1,104,96,20,28
2023-12-01,4,100,124,123,1,91,85,32,38
2023-12-01,4,101,127,123,4,110,108,13,15
2023-12-01,4,102,109,106,3,80,79,26,27
2023-12-01,4,103,23,20,3,14,14,6,6
2023-12-01,4,104,177,163,14,95,91,68,72
2023-12-01,4,105,28,28,0,9,11,19,17
2023-12-01,4,108,98,96,2,57,55,39,41
2023-12-01,4,110,55,55,0,32,32,23,23
2023-12-01,4,113,335,316,19,207,207,109,109
2023-12-01,4,114,107,102,5,63,64,39,38
2023-12-01,4,116,104,101,3,66,74,35,27
2023-12-01,4,117,18,15,3,13,14,2,1
2023-12-01,4,119,62,62,0,41,46,21,16
2023-12-01,4,120,42,40,2,33,35,7,5
2023-12-01,4,123,108,107,1,73,79,34,28
2023-12-01,4,125,98,92,6,51,58,41,34
2023-12-01,4,126,80,79,1,38,30,41,49
2023-12-01,4,127,143,125,18,97,97,28,28
2023-12-01,4,128,99,93,6,61,67,32,26
2023-12-01,5,7,55,55,0,42,40,13,15
2023-12-01,5,9,144,144,0,121,115,23,29
2023-12-01,5,10,31,31,0,11,15,20,16
2023-12-01,5,11,77,77,0,64,59,13,18
2023-12-01,5,26,72,72,0,32,36,40,36
2023-12-01,5,32,145,142,3,94,97,48,45
2023-12-01,5,39,12,11,1,8,8,3,3
2023-12-01,5,43,29,29,0,13,12,16,17
2023-12-01,5,45,84,84,0,57,49,27,35
2023-12-01,5,51,48,47,1,39,35,8,12
2023-12-01,5,52,104,103,1,72,61,31,42
2023-12-01,5,57,31,31,0,19,20,12,11
2023-12-01,5,58,31,31,0,14,17,17,14
2023-12-01,5,62,42,42,0,30,28,12,14
2023-12-01,5,70,54,54,0,34,30,20,24
2023-12-01,5,72,72,72,0,41,35,31,37
2023-12-01,5,74,29,29,0,21,17,8,12
2023-12-01,5,76,48,47,1,43,44,4,3
2023-12-01,5,77,31,31,0,26,22,5,9
2023-12-01,5,78,42,42,0,31,31,11,11
2023-12-01,5,80,86,86,0,59,52,27,34
2023-12-01,5,84,200,200,0,140,136,60,64
2023-12-01,5,85,87,87,0,51,47,36,40
2023-12-01,5,101,145,145,0,116,116,29,29
2023-12-01,5,102,69,69,0,53,48,16,21
2023-12-01,5,107,31,31,0,13,11,18,20
2023-12-01,5,108,77,77,0,64,61,13,16
2023-12-01,5,111,146,145,1,88,86,57,59
2023-12-01,5,114,83,83,0,56,66,27,17
2023-12-01,5,116,104,104,0,79,83,25,21
2023-12-01,5,117,31,31,0,21,19,10,12
2023-12-01,5,121,200,200,0,131,124,69,76
2023-12-01,5,123,68,68,0,47,49,21,19
2023-12-01,5,125,77,77,0,62,61,15,16
2023-12-01,5,127,11,11,0,10,10,1,1
2023-12-01,5,128,77,76,1,65,58,11,18
2023-12-01,6,1,13,12,1,8,6,4,6
2023-12-01,6,2,137,125,12,76,81,49,44
2023-12-01,6,4,16,15,1,10,10,5,5
2023-12-01,6,6,41,41,0,30,30,11,11
2023-12-01,6,7,247,233,14,133,131,100,102
2023-12-01,6,8,41,36,5,10,7,26,29
2023-12-01,6,10,180,162,18,97,91,65,71
2023-12-01,6,12,13,12,1,1,3,11,9
2023-12-01,6,15,47,45,2,32,36,13,9
2023-12-01,6,16,135,123,12,69,72,54,51
2023-12-01,6,17,146,126,20,65,63,61,63
2023-12-01,6,18,94,92,2,50,57,42,35
2023-12-01,6,19,31,31,0,24,24,7,7
2023-12-01,6,20,25,25,0,15,16,10,9
2023-12-01,6,21,47,44,3,24,27,20,17
2023-12-01,6,22,46,44,2,31,31,13,13
2023-12-01,6,23,56,54,2,29,31,25,23
2023-12-01,6,24,29,26,3,8,10,18,16
2023-12-01,6,25,137,134,3,62,51,72,83
2023-12-01,6,26,384,344,40,172,164,172,180
2023-12-01,6,27,13,13,0,10,7,3,6
2023-12-01,6,28,75,73,2,32,29,41,44
2023-12-01,6,29,129,115,14,54,57,61,58
2023-12-01,6,30,47,46,1,35,34,11,12
2023-12-01,6,31,121,120,1,59,58,61,62
2023-12-01,6,32,447,400,47,225,222,175,178
2023-12-01,6,33,143,139,4,64,56,75,83
2023-12-01,6,34,21,20,1,11,12,9,8
2023-12-01,6,36,148,126,22,58,61,68,65
2023-12-01,6,37,80,66,14,37,39,29,27
2023-12-01,6,38,96,78,18,37,42,41,36
2023-12-01,6,40,16,15,1,8,8,7,7
2023-12-01,6,41,94,93,1,42,44,51,49
2023-12-01,6,42,31,31,0,18,19,13,12
2023-12-01,6,43,113,111,2,41,39,70,72
2023-12-01,6,44,216,208,8,130,144,78,64
2023-12-01,6,47,31,30,1,9,13,21,17
2023-12-01,6,48,31,29,2,5,9,24,20
2023-12-01,6,49,14,14,0,9,10,5,4
2023-12-01,6,53,25,25,0,13,11,12,14
2023-12-01,6,54,47,44,3,20,15,24,29
2023-12-01,6,55,41,40,1,17,21,23,19
2023-12-01,6,56,31,31,0,12,12,19,19
2023-12-01,6,57,317,287,30,116,133,171,154
2023-12-01,6,58,326,306,20,162,177,144,129
2023-12-01,6,59,46,44,2,28,27,16,17
2023-12-01,6,60,31,30,1,13,8,17,22
2023-12-01,6,61,56,54,2,26,23,28,31
2023-12-01,6,62,128,126,2,73,57,53,69
2023-12-01,6,63,78,74,4,51,47,23,27
2023-12-01,6,64,66,64,2,45,42,19,22
2023-12-01,6,65,51,51,0,40,41,11,10
2023-12-01,6,66,29,26,3,5,5,21,21
2023-12-01,6,67,103,97,6,64,63,33,34
2023-12-01,6,68,31,30,1,16,12,14,18
2023-12-01,6,69,137,132,5,56,43,76,89
2023-12-01,6,70,248,233,15,130,98,103,135
2023-12-01,6,72,386,346,40,193,157,153,189
2023-12-01,6,73,81,67,14,46,40,21,27
2023-12-01,6,74,113,113,0,60,56,53,57
2023-12-01,6,75,31,29,2,10,8,19,21
2023-12-01,6,77,315,289,26,162,140,127,149
2023-12-01,6,78,129,126,3,65,60,61,66
2023-12-01,6,79,103,97,6,52,48,45,49
2023-12-01,6,81,44,44,0,29,24,15,20
2023-12-01,6,82,217,209,8,99,89,110,120
2023-12-01,6,83,98,93,5,62,56,31,37
2023-12-01,6,84,725,615,110,372,297,243,318
2023-12-01,6,86,13,12,1,7,5,5,7
2023-12-01,6,87,76,74,2,39,36,35,38
2023-12-01,6,88,44,44,0,22,18,22,26
2023-12-01,6,89,42,39,3,27,23,12,16
2023-12-01,6,90,42,38,4,23,15,15,23
2023-12-01,6,91,132,122,10,65,80,57,42
2023-12-01,6,92,21,20,1,13,13,7,7
2023-12-01,6,93,14,14,0,11,12,3,2
2023-12-01,6,94,66,64,2,50,49,14,15
2023-12-01,6,95,51,51,0,44,45,7,6
2023-12-01,6,96,227,218,9,133,134,85,84
2023-12-01,6,97,42,39,3,36,34,3,5
2023-12-01,6,98,34,32,2,25,24,7,8
2023-12-01,6,99,172,158,14,90,97,68,61
2023-12-01,6,100,33,32,1,22,24,10,8
2023-12-01,6,103,47,46,1,31,25,15,21
2023-12-01,6,104,121,120,1,73,54,47,66
2023-12-01,6,105,98,93,5,54,39,39,54
2023-12-01,6,106,70,70,0,40,35,30,35
2023-12-01,6,107,180,164,16,97,96,67,68
2023-12-01,6,110,47,45,2,37,33,8,12
2023-12-01,6,111,441,389,52,248,239,141,150
2023-12-01,6,112,96,78,18,54,49,24,29
2023-12-01,6,113,216,208,8,138,157,70,51
2023-12-01,6,117,326,307,19,182,167,125,140
2023-12-01,6,118,31,30,1,23,17,7,13
2023-12-01,6,119,78,74,4,59,59,15,15
2023-12-01,6,120,31,31,0,18,19,13,12
2023-12-01,6,121,719,608,111,333,307,275,301
2023-12-01,6,122,184,173,11,78,87,95,86
2023-12-01,6,124,70,70,0,49,44,21,26
2023-12-01,6,126,143,139,4,52,51,87,88
2023-12-01,7,8,42,40,2,14,15,26,25
2023-12-01,7,34,16,16,0,8,12,8,4
2023-12-01,7,49,11,11,0,7,6,4,5
2023-12-01,7,64,17,17,0,14,14,3,3
2023-12-01,7,65,11,10,1,6,6,4,4
2023-12-01,7,89,11,11,0,8,8,3,3
2023-12-01,7,90,42,40,2,24,22,16,18
2023-12-01,7,92,16,16,0,13,16,3,0
2023-12-01,7,93,11,11,0,8,7,3,4
2023-12-01,7,94,17,17,0,14,14,3,3
2023-12-01,7,95,11,10,1,7,7,3,3
2023-12-01,7,97,11,11,0,9,8,2,3
2023-12-01,7,98,23,22,1,15,17,7,5
2023-12-01,7,100,23,22,1,11,13,11,9
2024-01-01,1,57,17,17,0,15,12,2,5
2024-01-01,1,77,17,17,0,9,8,8,9
2024-01-01,1,80,9,9,0,2,3,7,6
2024-01-01,1,83,14,14,0,7,7,7,7
2024-01-01,1,85,9,9,0,3,3,6,6
2024-01-01,1,105,14,14,0,8,8,6,6
2024-01-01,2,2,31,31,0,28,25,3,6
2024-01-01,2,6,35,35,0,29,30,6,5
2024-01-01,2,7,116,112,4,71,73,41,39
2024-01-01,2,8,31,31,0,22,26,9,5
2024-01-01,2,10,151,146,5,119,123,27,23
2024-01-01,2,15,91,90,1,69,75,21,15
2024-01-01,2,16,31,31,0,24,26,7,5
2024-01-01,2,17,102,100,2,69,72,31,28
2024-01-01,2,18,31,31,0,15,17,16,14
2024-01-01,2,19,25,25,0,22,21,3,4
2024-01-01,2,23,44,43,1,32,31,11,12
2024-01-01,2,24,27,27,0,18,18,9,9
2024-01-01,2,25,31,31,0,26,27,5,4
2024-01-01,2,26,214,204,10,116,113,88,91
2024-01-01,2,28,58,58,0,48,47,10,11
2024-01-01,2,29,28,27,1,6,15,21,12
2024-01-01,2,30,51,49,2,24,27,25,22
2024-01-01,2,32,212,205,7,143,156,62,49
2024-01-01,2,33,54,53,1,31,31,22,22
2024-01-01,2,36,102,100,2,82,75,18,25
2024-01-01,2,37,120,118,2,76,69,42,49
2024-01-01,2,38,121,119,2,97,91,22,28
2024-01-01,2,41,31,31,0,18,15,13,16
2024-01-01,2,42,22,22,0,15,18,7,4
2024-01-01,2,43,31,31,0,16,14,15,17
2024-01-01,2,47,26,26,0,22,23,4,3
2024-01-01,2,48,28,27,1,9,12,18,15
2024-01-01,2,55,35,35,0,27,30,8,5
2024-01-01,2,56,22,22,0,14,15,8,7
2024-01-01,2,57,302,292,10,205,209,87,83
2024-01-01,2,58,294,285,9,218,232,67,53
2024-01-01,2,60,21,20,1,13,15,7,5
2024-01-01,2,61,44,43,1,26,28,17,15
2024-01-01,2,62,237,233,4,161,167,72,66
2024-01-01,2,63,121,121,0,108,108,13,13
2024-01-01,2,66,27,27,0,14,21,13,6
2024-01-01,2,67,177,175,2,99,112,76,63
2024-01-01,2,68,60,59,1,48,48,11,11
2024-01-01,2,69,31,31,0,26,25,5,6
2024-01-01,2,70,116,112,4,69,74,43,38
2024-01-01,2,72,217,207,10,116,119,91,88
2024-01-01,2,73,120,119,1,67,75,52,44
2024-01-01,2,74,31,31,0,17,18,14,13
2024-01-01,2,75,28,28,0,19,18,9,10
2024-01-01,2,77,299,291,8,190,199,101,92
2024-01-01,2,78,237,233,4,166,169,67,64
2024-01-01,2,79,177,175,2,99,101,76,74
2024-01-01,2,81,63,63,0,42,45,21,18
2024-01-01,2,82,91,90,1,53,63,37,27
2024-01-01,2,83,88,87,1,61,61,26,26
2024-01-01,2,84,538,508,30,310,351,198,157
2024-01-01,2,87,58,58,0,46,44,12,14
2024-01-01,2,88,63,63,0,41,43,22,20
2024-01-01,2,90,31,31,0,26,25,5,6
2024-01-01,2,91,28,27,1,11,10,16,17
2024-01-01,2,96,92,89,3,56,63,33,26
2024-01-01,2,99,60,59,1,32,40,27,19
2024-01-01,2,103,51,49,2,19,19,30,30
2024-01-01,2,105,89,87,2,47,50,40,37
2024-01-01,2,106,124,122,2,85,84,37,38
2024-01-01,2,107,151,146,5,103,114,43,32
2024-01-01,2,110,90,90,0,73,77,17,13
2024-01-01,2,111,212,204,8,132,134,72,70
2024-01-01,2,112,121,120,1,88,97,32,23
2024-01-01,2,117,295,286,9,227,225,59,61
2024-01-01,2,118,21,20,1,16,15,4,5
2024-01-01,2,119,121,121,0,105,109,16,12
2024-01-01,2,120,60,59,1,49,54,10,5
2024-01-01,2,121,538,507,31,328,329,179,178
2024-01-01,2,122,60,60,0,41,43,19,17
2024-01-01,2,124,124,123,1,90,92,33,31
2024-01-01,2,126,54,53,1,27,27,26,26
2024-01-01,3,7,232,230,2,144,136,86,94
2024-01-01,3,8,93,93,0,79,81,14,12
2024-01-01,3,10,236,232,4,180,192,52,40
2024-01-01,3,17,76,75,1,69,70,6,5
2024-01-01,3,22,2,2,0,1,1,1,1
2024-01-01,3,23,27,27,0,25,24,2,3
2024-01-01,3,25,15,14,1,12,12,2,2
2024-01-01,3,26,370,354,16,267,251,87,103
2024-01-01,3,27,44,44,0,40,42,4,2
2024-01-01,3,29,153,153,0,129,141,24,12
2024-01-01,3,32,439,426,13,351,355,75,71
2024-01-01,3,33,51,48,3,39,38,9,10
2024-01-01,3,36,76,74,2,70,70,4,4
2024-01-01,3,37,47,45,2,37,37,8,8
2024-01-01,3,38,61,61,0,49,49,12,12
2024-01-01,3,43,4,4,0,3,4,1,0
2024-01-01,3,44,3,3,0,2,2,1,1
2024-01-01,3,57,72,71,1,47,51,24,20
2024-01-01,3,58,144,142,2,108,111,34,31
2024-01-01,3,59,2,2,0,0,0,2,2
2024-01-01,3,60,31,30,1,23,24,7,6
2024-01-01,3,61,27,26,1,23,23,3,3
2024-01-01,3,62,56,55,1,46,44,9,11
2024-01-01,3,63,39,39,0,28,30,11,9
2024-01-01,3,64,19,19,0,16,16,3,3
2024-01-01,3,65,10,10,0,8,9,2,1
2024-01-01,3,69,15,14,1,12,12,2,2
2024-01-01,3,70,233,232,1,144,141,88,91
2024-01-01,3,72,369,356,13,250,238,106,118
2024-01-01,3,73,47,45,2,37,38,8,7
2024-01-01,3,74,5,5,0,4,4,1,1
2024-01-01,3,77,72,71,1,56,60,15,11
2024-01-01,3,78,56,56,0,41,44,15,12
2024-01-01,3,82,199,198,1,134,136,64,62
2024-01-01,3,83,38,37,1,29,32,8,5
2024-01-01,3,84,671,640,31,480,468,160,172
2024-01-01,3,86,44,44,0,43,41,1,3
2024-01-01,3,89,20,18,2,17,17,1,1
2024-01-01,3,90,94,93,1,86,83,7,10
2024-01-01,3,91,154,154,0,140,128,14,26
2024-01-01,3,94,19,19,0,18,18,1,1
2024-01-01,3,95,10,10,0,8,8,2,2
2024-01-01,3,96,199,197,2,139,145,58,52
2024-01-01,3,97,20,18,2,17,18,1,0
2024-01-01,3,99,203,202,1,155,153,47,49
2024-01-01,3,105,39,38,1,23,20,15,18
2024-01-01,3,106,58,58,0,40,44,18,14
2024-01-01,3,107,237,235,2,196,184,39,51
2024-01-01,3,111,446,431,15,321,322,110,109
2024-01-01,3,112,61,61,0,44,49,17,12
2024-01-01,3,113,3,3,0,3,2,0,1
2024-01-01,3,117,144,143,1,115,117,28,26
2024-01-01,3,118,31,30,1,24,27,6,3
2024-01-01,3,119,39,39,0,28,30,11,9
2024-01-01,3,121,671,638,33,477,441,161,197
2024-01-01,3,122,204,204,0,154,141,50,63
2024-01-01,3,124,57,57,0,46,47,11,10
2024-01-01,3,126,48,46,2,38,36,8,10
2024-01-01,4,1,43,43,0,40,39,3,4
2024-01-01,4,2,169,166,3,138,133,28,33
2024-01-01,4,4,63,63,0,57,57,6,6
2024-01-01,4,6,8,8,0,7,6,1,2
2024-01-01,4,7,13,12,1,10,8,2,4
2024-01-01,4,9,132,131,1,122,121,9,10
2024-01-01,4,11,96,95,1,78,76,17,19
2024-01-01,4,12,43,43,0,38,38,5,5
2024-01-01,4,15,52,51,1,40,37,11,14
2024-01-01,4,16,169,164,5,123,127,41,37
2024-01-01,4,17,79,77,2,45,51,32,26
2024-01-01,4,18,123,119,4,91,93,28,26
2024-01-01,4,19,61,60,1,44,47,16,13
2024-01-01,4,20,105,104,1,75,81,29,23
2024-01-01,4,21,111,110,1,76,70,34,40
2024-01-01,4,22,26,24,2,17,14,7,10
2024-01-01,4,23,3,3,0,2,2,1,1
2024-01-01,4,24,8,8,0,3,5,5,3
2024-01-01,4,25,129,124,5,77,73,47,51
2024-01-01,4,27,8,8,0,3,4,5,4
2024-01-01,4,28,102,97,5,76,70,21,27
2024-01-01,4,30,22,21,1,17,17,4,4
2024-01-01,4,31,167,163,4,120,117,43,46
2024-01-01,4,33,74,70,4,41,42,29,28
2024-01-01,4,34,83,80,3,67,62,13,18
2024-01-01,4,36,79,77,2,43,39,34,38
2024-01-01,4,39,132,124,8,109,105,15,19
2024-01-01,4,40,62,62,0,48,49,14,13
2024-01-01,4,41,124,121,3,106,104,15,17
2024-01-01,4,43,167,162,5,122,115,40,47
2024-01-01,4,44,284,274,10,217,223,57,51
2024-01-01,4,45,109,109,0,90,83,19,26
2024-01-01,4,47,62,61,1,47,38,14,23
2024-01-01,4,48,31,31,0,29,11,2,20
2024-01-01,4,49,30,30,0,22,25,8,5
2024-01-01,4,51,117,114,3,82,75,32,39
2024-01-01,4,52,97,97,0,81,80,16,17
2024-01-01,4,53,105,103,2,82,74,21,29
2024-01-01,4,54,112,110,2,71,73,39,37
2024-01-01,4,55,8,8,0,5,7,3,1
2024-01-01,4,57,27,26,1,21,23,5,3
2024-01-01,4,59,26,24,2,9,5,15,19
2024-01-01,4,61,3,3,0,2,2,1,1
2024-01-01,4,62,59,58,1,41,35,17,23
2024-01-01,4,63,50,49,1,41,42,8,7
2024-01-01,4,64,54,52,2,40,38,12,14
2024-01-01,4,65,134,133,1,111,106,22,27
2024-01-01,4,66,8,8,0,6,6,2,2
2024-01-01,4,67,91,89,2,70,71,19,18
2024-01-01,4,68,42,39,3,35,35,4,4
2024-01-01,4,69,134,128,6,86,81,42,47
2024-01-01,4,70,13,12,1,8,10,4,2
2024-01-01,4,74,168,166,2,109,114,57,52
2024-01-01,4,75,28,27,1,8,5,19,22
2024-01-01,4,76,118,115,3,75,72,40,43
2024-01-01,4,77,27,26,1,22,24,4,2
2024-01-01,4,78,59,58,1,47,46,11,12
2024-01-01,4,79,92,90,2,65,58,25,32
2024-01-01,4,80,108,106,2,75,63,31,43
2024-01-01,4,81,34,33,1,29,25,4,8
2024-01-01,4,83,20,20,0,15,12,5,8
2024-01-01,4,85,107,104,3,69,69,35,35
2024-01-01,4,86,8,8,0,3,3,5,5
2024-01-01,4,87,102,95,7,77,77,18,18
2024-01-01,4,88,34,31,3,21,15,10,16
2024-01-01,4,89,102,94,8,68,68,26,26
2024-01-01,4,92,82,81,1,65,69,16,12
2024-01-01,4,93,31,31,0,30,25,1,6
2024-01-01,4,94,54,53,1,42,40,11,13
2024-01-01,4,95,135,134,1,111,113,23,21
2024-01-01,4,97,102,94,8,83,82,11,12
2024-01-01,4,98,144,143,1,129,124,14,19
2024-01-01,4,100,143,141,2,119,107,22,34
2024-01-01,4,101,132,130,2,121,120,9,10
2024-01-01,4,102,105,102,3,83,81,19,21
2024-01-01,4,103,22,21,1,13,15,8,6
2024-01-01,4,104,166,160,6,117,121,43,39
2024-01-01,4,105,20,20,0,11,11,9,9
2024-01-01,4,108,97,96,1,69,75,27,21
2024-01-01,4,110,53,52,1,39,38,13,14
2024-01-01,4,113,285,278,7,219,227,59,51
2024-01-01,4,114,111,111,0,81,77,30,34
2024-01-01,4,116,98,98,0,76,81,22,17
2024-01-01,4,119,50,49,1,35,39,14,10
2024-01-01,4,120,42,40,2,35,33,5,7
2024-01-01,4,123,105,104,1,84,86,20,18
2024-01-01,4,125,98,97,1,76,76,21,21
2024-01-01,4,126,74,70,4,40,36,30,34
2024-01-01,4,127,132,122,10,106,106,16,16
2024-01-01,4,128,97,96,1,76,76,20,20
2024-01-01,5,7,55,55,0,41,41,14,14
2024-01-01,5,9,147,146,1,137,135,9,11
2024-01-01,5,10,31,31,0,19,18,12,13
2024-01-01,5,11,58,58,0,54,55,4,3
2024-01-01,5,17,5,5,0,4,4,1,1
2024-01-01,5,26,67,66,1,46,47,20,19
2024-01-01,5,32,145,143,2,113,112,30,31
2024-01-01,5,36,4,4,0,4,4,0,0
2024-01-01,5,39,12,12,0,10,10,2,2
2024-01-01,5,43,31,31,0,20,18,11,13
2024-01-01,5,45,95,95,0,81,80,14,15
2024-01-01,5,51,36,36,0,28,28,8,8
2024-01-01,5,52,73,73,0,59,54,14,19
2024-01-01,5,57,31,31,0,26,26,5,5
2024-01-01,5,58,31,31,0,22,24,9,7
2024-01-01,5,62,45,45,0,40,36,5,9
2024-01-01,5,70,57,57,0,47,45,10,12
2024-01-01,5,72,66,65,1,52,45,13,20
2024-01-01,5,74,30,30,0,24,21,6,9
2024-01-01,5,76,36,36,0,28,27,8,9
2024-01-01,5,77,31,31,0,28,28,3,3
2024-01-01,5,78,45,45,0,40,41,5,4
2024-01-01,5,80,62,62,0,49,46,13,16
2024-01-01,5,84,201,201,0,157,160,44,41
2024-01-01,5,85,61,61,0,43,32,18,29
2024-01-01,5,101,146,145,1,131,131,14,14
2024-01-01,5,102,57,57,0,46,44,11,13
2024-01-01,5,107,31,31,0,20,18,11,13
2024-01-01,5,108,58,58,0,55,55,3,3
2024-01-01,5,111,145,144,1,112,106,32,38
2024-01-01,5,114,96,96,0,83,84,13,12
2024-01-01,5,116,77,77,0,68,68,9,9
2024-01-01,5,117,31,31,0,24,25,7,6
2024-01-01,5,121,202,202,0,157,142,45,60
2024-01-01,5,123,58,58,0,46,46,12,12
2024-01-01,5,125,61,61,0,51,53,10,8
2024-01-01,5,127,13,13,0,10,10,3,3
2024-01-01,5,128,60,60,0,47,46,13,14
2024-01-01,6,1,14,14,0,12,11,2,3
2024-01-01,6,2,134,128,6,87,92,41,36
2024-01-01,6,4,14,13,1,6,6,7,7
2024-01-01,6,6,42,42,0,32,31,10,11
2024-01-01,6,7,247,238,9,160,172,78,66
2024-01-01,6,8,59,58,1,28,29,30,29
2024-01-01,6,10,175,160,15,108,115,52,45
2024-01-01,6,12,14,14,0,9,12,5,2
2024-01-01,6,15,44,41,3,31,33,10,8
2024-01-01,6,16,134,128,6,78,86,50,42
2024-01-01,6,17,146,140,6,98,100,42,40
2024-01-01,6,18,87,86,1,53,57,33,29
2024-01-01,6,19,31,31,0,20,24,11,7
2024-01-01,6,20,27,27,0,19,20,8,7
2024-01-01,6,21,35,34,1,21,19,13,15
2024-01-01,6,22,44,43,1,34,33,9,10
2024-01-01,6,23,59,57,2,44,45,13,12
2024-01-01,6,24,24,24,0,15,16,9,8
2024-01-01,6,25,139,134,5,73,55,61,79
2024-01-01,6,26,370,333,37,239,206,94,127
2024-01-01,6,27,14,14,0,13,9,1,5
2024-01-01,6,28,81,80,1,45,46,35,34
2024-01-01,6,29,130,126,4,80,99,46,27
2024-01-01,6,30,45,43,2,35,32,8,11
2024-01-01,6,31,120,119,1,80,72,39,47
2024-01-01,6,32,396,369,27,247,248,122,121
2024-01-01,6,33,142,129,13,77,77,52,52
2024-01-01,6,34,19,18,1,13,13,5,5
2024-01-01,6,36,146,140,6,97,99,43,41
2024-01-01,6,37,79,70,9,52,50,18,20
2024-01-01,6,38,93,89,4,70,69,19,20
2024-01-01,6,40,14,13,1,8,8,5,5
2024-01-01,6,41,87,86,1,51,47,35,39
2024-01-01,6,42,31,31,0,26,25,5,6
2024-01-01,6,43,115,115,0,76,75,39,40
2024-01-01,6,44,188,187,1,162,165,25,22
2024-01-01,6,47,31,31,0,20,24,11,7
2024-01-01,6,48,31,29,2,17,19,12,10
2024-01-01,6,49,16,16,0,10,11,6,5
2024-01-01,6,53,27,27,0,21,20,6,7
2024-01-01,6,54,35,34,1,17,15,17,19
2024-01-01,6,55,42,42,0,24,28,18,14
2024-01-01,6,56,31,31,0,17,18,14,13
2024-01-01,6,57,326,307,19,157,178,150,129
2024-01-01,6,58,325,311,14,181,199,130,112
2024-01-01,6,59,44,43,1,32,34,11,9
2024-01-01,6,60,31,30,1,11,5,19,25
2024-01-01,6,61,59,55,4,37,37,18,18
2024-01-01,6,62,132,130,2,91,81,39,49
2024-01-01,6,63,75,74,1,62,57,12,17
2024-01-01,6,64,71,68,3,53,51,15,17
2024-01-01,6,65,53,53,0,43,42,10,11
2024-01-01,6,66,24,24,0,14,15,10,9
2024-01-01,6,67,105,100,5,78,76,22,24
2024-01-01,6,68,31,31,0,12,10,19,21
2024-01-01,6,69,139,133,6,65,56,68,77
2024-01-01,6,70,249,239,10,176,147,63,92
2024-01-01,6,72,373,341,32,239,218,102,123
2024-01-01,6,73,80,71,9,58,62,13,9
2024-01-01,6,74,115,115,0,77,78,38,37
2024-01-01,6,75,30,29,1,16,16,13,13
2024-01-01,6,77,327,307,20,192,186,115,121
2024-01-01,6,78,132,130,2,99,93,31,37
2024-01-01,6,79,105,101,4,76,73,25,28
2024-01-01,6,81,42,42,0,32,27,10,15
2024-01-01,6,82,217,210,7,131,135,79,75
2024-01-01,6,83,105,104,1,83,84,21,20
2024-01-01,6,84,689,595,94,421,390,174,205
2024-01-01,6,86,14,14,0,12,10,2,4
2024-01-01,6,87,80,78,2,59,54,19,24
2024-01-01,6,88,42,42,0,25,23,17,19
2024-01-01,6,89,48,46,2,31,33,15,13
2024-01-01,6,90,58,56,2,45,30,11,26
2024-01-01,6,91,133,128,5,93,99,35,29
2024-01-01,6,92,19,18,1,14,15,4,3
2024-01-01,6,93,16,16,0,9,9,7,7
2024-01-01,6,94,71,68,3,58,56,10,12
2024-01-01,6,95,53,53,0,43,41,10,12
2024-01-01,6,96,225,219,6,161,158,58,61
2024-01-01,6,97,48,46,2,41,40,5,6
2024-01-01,6,98,44,41,3,36,35,5,6
2024-01-01,6,99,179,175,4,131,129,44,46
2024-01-01,6,100,44,40,4,34,33,6,7
2024-01-01,6,103,45,43,2,30,27,13,16
2024-01-01,6,104,120,119,1,82,67,37,52
2024-01-01,6,105,105,102,3,78,52,24,50
2024-01-01,6,106,74,74,0,50,40,24,34
2024-01-01,6,107,175,162,13,114,107,48,55
2024-01-01,6,110,44,43,1,33,31,10,12
2024-01-01,6,111,391,356,35,270,266,86,90
2024-01-01,6,112,92,89,3,78,75,11,14
2024-01-01,6,113,187,186,1,146,155,40,31
2024-01-01,6,117,325,312,13,220,213,92,99
2024-01-01,6,118,31,30,1,21,19,9,11
2024-01-01,6,119,75,74,1,65,64,9,10
2024-01-01,6,120,31,31,0,18,18,13,13
2024-01-01,6,121,681,593,88,407,391,186,202
2024-01-01,6,122,194,189,5,120,120,69,69
2024-01-01,6,124,74,74,0,60,55,14,19
2024-01-01,6,126,143,130,13,80,78,50,52
2024-01-01,7,8,28,27,1,15,16,12,11
2024-01-01,7,34,13,13,0,5,10,8,3
2024-01-01,7,49,8,8,0,6,7,2,1
2024-01-01,7,64,19,19,0,15,17,4,2
2024-01-01,7,65,19,19,0,14,16,5,3
2024-01-01,7,89,11,10,1,9,10,1,0
2024-01-01,7,90,28,27,1,20,20,7,7
2024-01-01,7,92,13,13,0,8,11,5,2
2024-01-01,7,93,8,8,0,5,5,3,3
2024-01-01,7,94,19,19,0,15,15,4,4
2024-01-01,7,95,19,19,0,15,17,4,2
2024-01-01,7,97,11,10,1,9,9,1,1
2024-01-01,7,98,19,19,0,15,16,4,3
2024-01-01,7,100,19,19,0,16,16,3,3
2024-02-01,1,57,17,15,2,15,12,0,3
2024-02-01,1,77,17,15,2,11,8,4,7
2024-02-01,1,80,8,8,0,4,4,4,4
2024-02-01,1,83,13,13,0,6,5,7,8
2024-02-01,1,85,8,8,0,2,2,6,6
2024-02-01,1,105,13,13,0,6,7,7,6
2024-02-01,2,2,30,29,1,24,25,5,4
2024-02-01,2,6,29,29,0,28,28,1,1
2024-02-01,2,7,108,108,0,76,83,32,25
2024-02-01,2,8,38,38,0,32,34,6,4
2024-02-01,2,10,114,106,8,79,78,27,28
2024-02-01,2,15,75,73,2,54,59,19,14
2024-02-01,2,16,30,29,1,24,25,5,4
2024-02-01,2,17,63,62,1,53,54,9,8
2024-02-01,2,18,29,29,0,19,19,10,10
2024-02-01,2,19,13,13,0,10,10,3,3
2024-02-01,2,23,29,29,0,25,25,4,4
2024-02-01,2,24,21,21,0,12,12,9,9
2024-02-01,2,25,29,29,0,28,28,1,1
2024-02-01,2,26,134,132,2,88,96,44,36
2024-02-01,2,28,48,47,1,38,39,9,8
2024-02-01,2,29,29,29,0,19,28,10,1
2024-02-01,2,30,22,22,0,19,18,3,4
2024-02-01,2,32,150,142,8,104,112,38,30
2024-02-01,2,33,49,49,0,37,38,12,11
2024-02-01,2,36,63,63,0,51,52,12,11
2024-02-01,2,37,66,62,4,37,41,25,21
2024-02-01,2,38,82,79,3,57,57,22,22
2024-02-01,2,41,29,29,0,18,18,11,11
2024-02-01,2,42,21,19,2,13,14,6,5
2024-02-01,2,43,21,21,0,12,10,9,11
2024-02-01,2,47,14,13,1,9,10,4,3
2024-02-01,2,48,16,16,0,7,7,9,9
2024-02-01,2,55,29,29,0,26,27,3,2
2024-02-01,2,56,21,20,1,16,16,4,4
2024-02-01,2,57,232,225,7,166,172,59,53
2024-02-01,2,58,213,202,11,156,162,46,40
2024-02-01,2,60,18,18,0,11,13,7,5
2024-02-01,2,61,29,29,0,22,22,7,7
2024-02-01,2,62,149,148,1,92,100,56,48
2024-02-01,2,63,89,87,2,71,76,16,11
2024-02-01,2,66,21,21,0,11,13,10,8
2024-02-01,2,67,117,116,1,70,76,46,40
2024-02-01,2,68,47,45,2,36,34,9,11
2024-02-01,2,69,29,29,0,23,25,6,4
2024-02-01,2,70,108,108,0,80,77,28,31
2024-02-01,2,72,135,133,2,82,84,51,49
2024-02-01,2,73,66,62,4,45,40,17,22
2024-02-01,2,74,22,22,0,12,11,10,11
2024-02-01,2,75,19,19,0,15,14,4,5
2024-02-01,2,77,232,224,8,157,159,67,65
2024-02-01,2,78,149,148,1,104,102,44,46
2024-02-01,2,79,116,116,0,73,73,43,43
2024-02-01,2,81,60,59,1,38,39,21,20
2024-02-01,2,82,65,65,0,48,51,17,14
2024-02-01,2,83,65,64,1,52,51,12,13
2024-02-01,2,84,435,414,21,298,299,116,115
2024-02-01,2,87,50,48,2,36,36,12,12
2024-02-01,2,88,60,59,1,34,33,25,26
2024-02-01,2,90,38,38,0,34,34,4,4
2024-02-01,2,91,29,29,0,24,23,5,6
2024-02-01,2,96,64,63,1,44,50,19,13
2024-02-01,2,99,41,39,2,23,27,16,12
2024-02-01,2,103,22,22,0,19,19,3,3
2024-02-01,2,105,64,63,1,45,43,18,20
2024-02-01,2,106,96,94,2,70,72,24,22
2024-02-01,2,107,116,108,8,71,78,37,30
2024-02-01,2,110,75,74,1,62,60,12,14
2024-02-01,2,111,148,139,9,112,113,27,26
2024-02-01,2,112,79,79,0,64,66,15,13
2024-02-01,2,117,213,202,11,154,156,48,46
2024-02-01,2,118,18,18,0,17,15,1,3
2024-02-01,2,119,88,87,1,72,75,15,12
2024-02-01,2,120,47,45,2,40,39,5,6
2024-02-01,2,121,434,416,18,307,304,109,112
2024-02-01,2,122,39,39,0,29,28,10,11
2024-02-01,2,124,97,96,1,79,80,17,16
2024-02-01,2,126,50,49,1,34,33,15,16
2024-02-01,3,7,238,234,4,169,157,65,77
2024-02-01,3,8,87,73,14,56,59,17,14
2024-02-01,3,10,220,217,3,163,167,54,50
2024-02-01,3,17,67,60,7,48,50,12,10
2024-02-01,3,22,3,3,0,3,3,0,0
2024-02-01,3,25,44,44,0,41,42,3,2
2024-02-01,3,26,353,345,8,274,258,71,87
2024-02-01,3,27,50,49,1,46,44,3,5
2024-02-01,3,29,139,139,0,111,124,28,15
2024-02-01,3,32,493,471,22,372,376,99,95
2024-02-01,3,33,60,56,4,48,50,8,6
2024-02-01,3,34,6,6,0,3,3,3,3
2024-02-01,3,36,66,60,6,55,55,5,5
2024-02-01,3,37,33,33,0,20,22,13,11
2024-02-01,3,38,53,53,0,38,37,15,16
2024-02-01,3,43,14,14,0,12,11,2,3
2024-02-01,3,44,17,17,0,17,17,0,0
2024-02-01,3,57,37,37,0,22,21,15,16
2024-02-01,3,58,116,116,0,83,86,33,30
2024-02-01,3,59,5,5,0,3,3,2,2
2024-02-01,3,60,28,27,1,15,16,12,11
2024-02-01,3,62,73,72,1,55,54,17,18
2024-02-01,3,63,33,33,0,19,23,14,10
2024-02-01,3,64,17,16,1,13,14,3,2
2024-02-01,3,65,15,14,1,9,11,5,3
2024-02-01,3,69,44,44,0,39,41,5,3
2024-02-01,3,70,239,234,5,161,155,73,79
2024-02-01,3,72,356,348,8,267,242,81,106
2024-02-01,3,73,33,33,0,25,22,8,11
2024-02-01,3,74,16,16,0,6,7,10,9
2024-02-01,3,77,37,37,0,27,27,10,10
2024-02-01,3,78,73,72,1,51,50,21,22
2024-02-01,3,82,194,188,6,112,107,76,81
2024-02-01,3,83,29,29,0,22,19,7,10
2024-02-01,3,84,837,770,67,547,469,223,301
2024-02-01,3,86,50,49,1,42,42,7,7
2024-02-01,3,89,19,19,0,18,18,1,1
2024-02-01,3,90,87,72,15,63,61,9,11
2024-02-01,3,91,139,139,0,114,104,25,35
2024-02-01,3,92,5,5,0,2,2,3,3
2024-02-01,3,94,17,16,1,16,16,0,0
2024-02-01,3,95,12,11,1,9,9,2,2
2024-02-01,3,96,196,193,3,125,134,68,59
2024-02-01,3,97,19,19,0,19,19,0,0
2024-02-01,3,98,9,9,0,6,7,3,2
2024-02-01,3,99,195,183,12,105,105,78,78
2024-02-01,3,100,12,12,0,9,9,3,3
2024-02-01,3,105,29,29,0,19,19,10,10
2024-02-01,3,106,53,52,1,36,35,16,17
2024-02-01,3,107,220,219,1,146,147,73,72
2024-02-01,3,111,497,477,20,321,311,156,166
2024-02-01,3,112,53,53,0,37,40,16,13
2024-02-01,3,113,17,17,0,17,17,0,0
2024-02-01,3,117,116,116,0,73,74,43,42
2024-02-01,3,118,29,28,1,16,15,12,13
2024-02-01,3,119,33,33,0,26,25,7,8
2024-02-01,3,121,837,760,77,508,491,252,269
2024-02-01,3,122,195,186,9,101,106,85,80
2024-02-01,3,124,52,52,0,33,32,19,20
2024-02-01,3,126,59,54,5,46,44,8,10
2024-02-01,4,1,41,41,0,37,37,4,4
2024-02-01,4,2,149,149,0,125,125,24,24
2024-02-01,4,4,83,83,0,72,72,11,11
2024-02-01,4,7,13,10,3,10,10,0,0
2024-02-01,4,8,5,5,0,4,1,1,4
2024-02-01,4,9,128,125,3,106,109,19,16
2024-02-01,4,11,99,95,4,63,65,32,30
2024-02-01,4,12,41,41,0,35,35,6,6
2024-02-01,4,15,50,46,4,30,30,16,16
2024-02-01,4,16,149,149,0,110,125,39,24
2024-02-01,4,17,85,85,0,61,63,24,22
2024-02-01,4,18,154,152,2,124,127,28,25
2024-02-01,4,19,58,58,0,47,52,11,6
2024-02-01,4,20,121,118,3,99,102,19,16
2024-02-01,4,21,133,132,1,98,100,34,32
2024-02-01,4,22,21,21,0,14,12,7,9
2024-02-01,4,23,25,25,0,21,20,4,5
2024-02-01,4,25,114,113,1,70,67,43,46
2024-02-01,4,28,112,109,3,91,79,18,30
2024-02-01,4,30,21,20,1,16,17,4,3
2024-02-01,4,31,187,176,11,133,134,43,42
2024-02-01,4,33,71,71,0,50,52,21,19
2024-02-01,4,34,75,47,28,37,36,10,11
2024-02-01,4,36,85,85,0,60,61,25,24
2024-02-01,4,39,137,130,7,111,113,19,17
2024-02-01,4,40,83,83,0,68,73,15,10
2024-02-01,4,41,154,152,2,134,132,18,20
2024-02-01,4,43,241,236,5,173,165,63,71
2024-02-01,4,44,387,366,21,241,239,125,127
2024-02-01,4,45,108,102,6,72,68,30,34
2024-02-01,4,47,58,58,0,51,49,7,9
2024-02-01,4,48,28,28,0,26,14,2,14
2024-02-01,4,49,40,29,11,22,22,7,7
2024-02-01,4,51,112,109,3,81,76,28,33
2024-02-01,4,52,108,100,8,70,67,30,33
2024-02-01,4,53,121,118,3,100,93,18,25
2024-02-01,4,54,133,131,2,98,99,33,32
2024-02-01,4,59,21,21,0,7,6,14,15
2024-02-01,4,61,25,25,0,17,17,8,8
2024-02-01,4,62,35,35,0,25,18,10,17
2024-02-01,4,63,45,43,2,38,36,5,7
2024-02-01,4,64,58,44,14,31,30,13,14
2024-02-01,4,65,141,99,42,80,70,19,29
2024-02-01,4,67,112,106,6,77,72,29,34
2024-02-01,4,68,29,28,1,24,24,4,4
2024-02-01,4,69,118,117,1,76,69,41,48
2024-02-01,4,70,12,11,1,7,6,4,5
2024-02-01,4,74,241,237,4,190,181,47,56
2024-02-01,4,75,28,28,0,13,5,15,23
2024-02-01,4,76,112,109,3,72,72,37,37
2024-02-01,4,78,35,35,0,27,27,8,8
2024-02-01,4,79,112,106,6,60,55,46,51
2024-02-01,4,80,103,101,2,59,54,42,47
2024-02-01,4,81,50,48,2,31,23,17,25
2024-02-01,4,84,16,15,1,12,10,3,5
2024-02-01,4,85,104,102,2,50,56,52,46
2024-02-01,4,87,112,108,4,84,82,24,26
2024-02-01,4,88,50,49,1,38,31,11,18
2024-02-01,4,89,98,72,26,54,49,18,23
2024-02-01,4,90,5,5,0,1,1,4,4
2024-02-01,4,92,75,48,27,38,41,10,7
2024-02-01,4,93,41,29,12,19,23,10,6
2024-02-01,4,94,58,44,14,29,29,15,15
2024-02-01,4,95,139,100,39,79,81,21,19
2024-02-01,4,97,97,72,25,54,55,18,17
2024-02-01,4,98,135,104,31,78,79,26,25
2024-02-01,4,100,135,104,31,73,57,31,47
2024-02-01,4,101,128,125,3,109,107,16,18
2024-02-01,4,102,108,100,8,80,75,20,25
2024-02-01,4,103,21,20,1,17,16,3,4
2024-02-01,4,104,187,172,15,128,129,44,43
2024-02-01,4,108,100,96,4,62,63,34,33
2024-02-01,4,110,50,44,6,25,27,19,17
2024-02-01,4,113,387,369,18,266,252,103,117
2024-02-01,4,114,108,104,4,61,58,43,46
2024-02-01,4,116,108,101,7,59,64,42,37
2024-02-01,4,119,46,44,2,30,31,14,13
2024-02-01,4,120,29,28,1,25,24,3,4
2024-02-01,4,121,16,15,1,10,9,5,6
2024-02-01,4,123,108,100,8,72,75,28,25
2024-02-01,4,125,100,94,6,66,62,28,32
2024-02-01,4,126,70,69,1,45,40,24,29
2024-02-01,4,127,137,128,9,117,115,11,13
2024-02-01,4,128,100,93,7,71,72,22,21
2024-02-01,5,7,54,54,0,42,42,12,12
2024-02-01,5,9,143,140,3,120,116,20,24
2024-02-01,5,10,29,29,0,15,18,14,11
2024-02-01,5,11,71,71,0,62,56,9,15
2024-02-01,5,17,4,4,0,4,3,0,1
2024-02-01,5,26,54,54,0,44,46,10,8
2024-02-01,5,32,141,134,7,109,110,25,24
2024-02-01,5,36,5,5,0,4,4,1,1
2024-02-01,5,39,13,11,2,5,6,6,5
2024-02-01,5,43,29,29,0,21,20,8,9
2024-02-01,5,45,77,77,0,48,45,29,32
2024-02-01,5,51,48,48,0,39,36,9,12
2024-02-01,5,52,108,105,3,70,66,35,39
2024-02-01,5,57,27,26,1,19,21,7,5
2024-02-01,5,58,29,29,0,24,24,5,5
2024-02-01,5,62,29,29,0,24,18,5,11
2024-02-01,5,70,54,54,0,40,37,14,17
2024-02-01,5,72,54,54,0,43,40,11,14
2024-02-01,5,74,29,29,0,27,24,2,5
2024-02-01,5,76,49,49,0,41,44,8,5
2024-02-01,5,77,27,26,1,25,21,1,5
2024-02-01,5,78,29,29,0,27,26,2,3
2024-02-01,5,80,95,95,0,71,63,24,32
2024-02-01,5,84,203,199,4,161,151,38,48
2024-02-01,5,85,95,95,0,57,52,38,43
2024-02-01,5,101,143,140,3,116,118,24,22
2024-02-01,5,102,74,68,6,55,49,13,19
2024-02-01,5,107,29,29,0,19,18,10,11
2024-02-01,5,108,71,71,0,59,60,12,11
2024-02-01,5,111,142,135,7,111,108,24,27
2024-02-01,5,114,77,77,0,51,53,26,24
2024-02-01,5,116,110,108,2,71,71,37,37
2024-02-01,5,117,29,29,0,24,24,5,5
2024-02-01,5,121,203,199,4,158,149,41,50
2024-02-01,5,123,74,69,5,51,48,18,21
2024-02-01,5,125,76,75,1,56,56,19,19
2024-02-01,5,127,13,11,2,6,6,5,5
2024-02-01,5,128,74,74,0,59,55,15,19
2024-02-01,6,1,12,12,0,9,7,3,5
2024-02-01,6,2,125,123,2,104,110,19,13
2024-02-01,6,4,17,16,1,14,14,2,2
2024-02-01,6,6,29,29,0,25,24,4,5
2024-02-01,6,7,249,247,2,156,148,91,99
2024-02-01,6,8,43,42,1,18,20,24,22
2024-02-01,6,10,148,141,7,104,106,37,35
2024-02-01,6,12,12,12,0,4,8,8,4
2024-02-01,6,15,46,46,0,37,39,9,7
2024-02-01,6,16,125,124,1,102,103,22,21
2024-02-01,6,17,134,134,0,93,84,41,50
2024-02-01,6,18,96,93,3,70,70,23,23
2024-02-01,6,19,29,29,0,22,21,7,8
2024-02-01,6,20,25,25,0,20,19,5,6
2024-02-01,6,21,33,32,1,24,23,8,9
2024-02-01,6,22,29,29,0,26,24,3,5
2024-02-01,6,23,32,30,2,23,25,7,5
2024-02-01,6,24,19,19,0,14,13,5,6
2024-02-01,6,25,121,119,2,79,59,40,60
2024-02-01,6,26,363,353,10,256,243,97,110
2024-02-01,6,27,12,12,0,8,8,4,4
2024-02-01,6,28,79,79,0,55,56,24,23
2024-02-01,6,29,105,104,1,61,83,43,21
2024-02-01,6,30,29,29,0,23,20,6,9
2024-02-01,6,31,137,137,0,102,94,35,43
2024-02-01,6,32,450,425,25,312,317,113,108
2024-02-01,6,33,121,119,2,87,82,32,37
2024-02-01,6,34,19,19,0,13,14,6,5
2024-02-01,6,36,134,134,0,81,96,53,38
2024-02-01,6,37,42,42,0,22,28,20,14
2024-02-01,6,38,58,57,1,36,37,21,20
2024-02-01,6,40,17,16,1,14,14,2,2
2024-02-01,6,41,96,94,2,74,72,20,22
2024-02-01,6,42,29,27,2,21,23,6,4
2024-02-01,6,43,124,120,4,86,82,34,38
2024-02-01,6,44,235,224,11,185,183,39,41
2024-02-01,6,47,29,29,0,20,23,9,6
2024-02-01,6,48,16,16,0,8,11,8,5
2024-02-01,6,49,4,4,0,3,3,1,1
2024-02-01,6,53,25,25,0,17,17,8,8
2024-02-01,6,54,33,32,1,23,20,9,12
2024-02-01,6,55,29,29,0,18,24,11,5
2024-02-01,6,56,29,27,2,21,21,6,6
2024-02-01,6,57,217,214,3,131,148,83,66
2024-02-01,6,58,268,260,8,196,205,64,55
2024-02-01,6,59,29,29,0,21,26,8,3
2024-02-01,6,60,29,28,1,17,15,11,13
2024-02-01,6,61,32,30,2,22,18,8,12
2024-02-01,6,62,119,118,1,76,65,42,53
2024-02-01,6,63,75,71,4,55,49,16,22
2024-02-01,6,64,76,73,3,51,50,22,23
2024-02-01,6,65,59,59,0,52,49,7,10
2024-02-01,6,66,19,19,0,14,13,5,6
2024-02-01,6,67,95,95,0,71,72,24,23
2024-02-01,6,68,29,29,0,21,18,8,11
2024-02-01,6,69,121,119,2,71,63,48,56
2024-02-01,6,70,248,244,4,169,133,75,111
2024-02-01,6,72,364,356,8,268,235,88,121
2024-02-01,6,73,42,42,0,31,29,11,13
2024-02-01,6,74,124,121,3,88,83,33,38
2024-02-01,6,75,16,16,0,12,9,4,7
2024-02-01,6,77,219,216,3,143,133,73,83
2024-02-01,6,78,119,119,0,91,80,28,39
2024-02-01,6,79,95,95,0,70,62,25,33
2024-02-01,6,81,41,41,0,35,31,6,10
2024-02-01,6,82,186,184,2,123,121,61,63
2024-02-01,6,83,58,58,0,45,40,13,18
2024-02-01,6,84,743,697,46,552,473,145,224
2024-02-01,6,86,12,12,0,8,8,4,4
2024-02-01,6,87,79,79,0,62,59,17,20
2024-02-01,6,88,41,41,0,31,30,10,11
2024-02-01,6,89,41,41,0,31,24,10,17
2024-02-01,6,90,45,45,0,28,22,17,23
2024-02-01,6,91,105,103,2,70,81,33,22
2024-02-01,6,92,19,19,0,14,16,5,3
2024-02-01,6,93,4,4,0,2,3,2,1
2024-02-01,6,94,76,74,2,61,61,13,13
2024-02-01,6,95,59,59,0,51,51,8,8
2024-02-01,6,96,202,199,3,149,147,50,52
2024-02-01,6,97,41,41,0,37,37,4,4
2024-02-01,6,98,45,42,3,36,37,6,5
2024-02-01,6,99,135,132,3,98,100,34,32
2024-02-01,6,100,45,42,3,32,31,10,11
2024-02-01,6,103,29,29,0,21,17,8,12
2024-02-01,6,104,136,136,0,106,104,30,32
2024-02-01,6,105,58,58,0,38,28,20,30
2024-02-01,6,106,58,58,0,42,40,16,18
2024-02-01,6,107,148,141,7,111,106,30,35
2024-02-01,6,110,46,46,0,39,38,7,8
2024-02-01,6,111,447,420,27,331,323,89,97
2024-02-01,6,112,58,57,1,49,46,8,11
2024-02-01,6,113,235,224,11,178,186,46,38
2024-02-01,6,117,267,259,8,215,202,44,57
2024-02-01,6,118,29,28,1,26,21,2,7
2024-02-01,6,119,75,71,4,62,60,9,11
2024-02-01,6,120,29,29,0,22,24,7,5
2024-02-01,6,121,730,684,46,515,485,169,199
2024-02-01,6,122,148,146,2,92,103,54,43
2024-02-01,6,124,58,58,0,48,46,10,12
2024-02-01,6,126,121,119,2,88,87,31,32
2024-02-01,7,8,26,26,0,14,16,12,10
2024-02-01,7,34,15,15,0,7,11,8,4
2024-02-01,7,49,12,12,0,1,3,11,9
2024-02-01,7,64,19,18,1,13,13,5,5
2024-02-01,7,65,14,14,0,11,11,3,3
2024-02-01,7,89,13,13,0,10,10,3,3
2024-02-01,7,90,26,26,0,20,19,6,7
2024-02-01,7,92,15,15,0,9,8,6,7
2024-02-01,7,93,12,12,0,6,7,6,5
2024-02-01,7,94,19,18,1,15,14,3,4
2024-02-01,7,95,14,14,0,12,13,2,1
2024-02-01,7,97,13,13,0,12,11,1,2
2024-02-01,7,98,12,11,1,9,9,2,2
2024-02-01,7,100,13,11,2,4,5,7,6
2024-03-01,1,57,17,15,2,8,3,7,12
2024-03-01,1,77,17,15,2,5,7,10,8
2024-03-01,1,80,9,9,0,4,3,5,6
2024-03-01,1,83,12,12,0,7,9,5,3
2024-03-01,1,85,9,9,0,3,3,6,6
2024-03-01,1,105,12,12,0,9,9,3,3
2024-03-01,2,2,31,30,1,22,24,8,6
2024-03-01,2,6,31,31,0,27,27,4,4
2024-03-01,2,7,115,114,1,82,87,32,27
2024-03-01,2,8,31,31,0,24,24,7,7
2024-03-01,2,10,122,120,2,100,104,20,16
2024-03-01,2,15,81,81,0,67,70,14,11
2024-03-01,2,16,31,30,1,19,23,11,7
2024-03-01,2,17,66,66,0,46,49,20,17
2024-03-01,2,18,32,31,1,23,24,8,7
2024-03-01,2,19,15,15,0,10,9,5,6
2024-03-01,2,23,31,31,0,28,27,3,4
2024-03-01,2,24,23,23,0,14,17,9,6
2024-03-01,2,25,31,31,0,23,23,8,8
2024-03-01,2,26,144,142,2,94,102,48,40
2024-03-01,2,28,53,52,1,42,40,10,12
2024-03-01,2,29,31,31,0,22,27,9,4
2024-03-01,2,30,22,22,0,20,20,2,2
2024-03-01,2,32,178,169,9,126,134,43,35
2024-03-01,2,33,58,58,0,46,45,12,13
2024-03-01,2,36,65,65,0,52,53,13,12
2024-03-01,2,37,79,79,0,53,53,26,26
2024-03-01,2,38,88,85,3,67,62,18,23
2024-03-01,2,41,31,31,0,23,23,8,8
2024-03-01,2,42,24,24,0,20,20,4,4
2024-03-01,2,43,23,23,0,16,14,7,9
2024-03-01,2,47,14,14,0,10,10,4,4
2024-03-01,2,48,15,15,0,6,7,9,8
2024-03-01,2,55,31,31,0,25,27,6,4
2024-03-01,2,56,24,24,0,20,22,4,2
2024-03-01,2,57,231,226,5,183,186,43,40
2024-03-01,2,58,252,245,7,203,210,42,35
2024-03-01,2,60,19,19,0,14,14,5,5
2024-03-01,2,61,31,31,0,23,25,8,6
2024-03-01,2,62,155,154,1,120,127,34,27
2024-03-01,2,63,92,92,0,81,84,11,8
2024-03-01,2,66,23,23,0,15,20,8,3
2024-03-01,2,67,123,123,0,82,87,41,36
2024-03-01,2,68,55,54,1,48,48,6,6
2024-03-01,2,69,31,31,0,23,23,8,8
2024-03-01,2,70,115,115,0,83,87,32,28
2024-03-01,2,72,144,142,2,95,97,47,45
2024-03-01,2,73,79,79,0,56,56,23,23
2024-03-01,2,74,23,23,0,14,17,9,6
2024-03-01,2,75,15,15,0,11,12,4,3
2024-03-01,2,77,232,228,4,178,188,50,40
2024-03-01,2,78,155,154,1,120,125,34,29
2024-03-01,2,79,123,123,0,88,85,35,38
2024-03-01,2,81,61,61,0,41,47,20,14
2024-03-01,2,82,73,73,0,59,66,14,7
2024-03-01,2,83,65,65,0,47,48,18,17
2024-03-01,2,84,469,450,19,331,357,119,93
2024-03-01,2,87,53,51,2,39,42,12,9
2024-03-01,2,88,63,62,1,42,48,20,14
2024-03-01,2,90,32,31,1,22,21,9,10
2024-03-01,2,91,31,31,0,23,23,8,8
2024-03-01,2,96,72,72,0,57,58,15,14
2024-03-01,2,99,48,46,2,34,38,12,8
2024-03-01,2,103,22,22,0,20,18,2,4
2024-03-01,2,105,65,65,0,40,41,25,24
2024-03-01,2,106,103,103,0,86,88,17,15
2024-03-01,2,107,122,120,2,91,104,29,16
2024-03-01,2,110,81,81,0,73,73,8,8
2024-03-01,2,111,178,170,8,139,136,31,34
2024-03-01,2,112,87,85,2,72,77,13,8
2024-03-01,2,117,252,245,7,205,211,40,34
2024-03-01,2,118,19,19,0,14,13,5,6
2024-03-01,2,119,92,92,0,77,83,15,9
2024-03-01,2,120,54,54,0,51,52,3,2
2024-03-01,2,121,467,447,20,346,353,101,94
2024-03-01,2,122,46,46,0,30,37,16,9
2024-03-01,2,124,103,103,0,93,93,10,10
2024-03-01,2,126,58,58,0,46,46,12,12
2024-03-01,3,7,258,256,2,207,199,49,57
2024-03-01,3,8,80,67,13,52,55,15,12
2024-03-01,3,10,242,236,6,196,204,40,32
2024-03-01,3,17,52,33,19,26,31,7,2
2024-03-01,3,22,4,4,0,4,4,0,0
2024-03-01,3,25,44,44,0,39,39,5,5
2024-03-01,3,26,355,348,7,284,286,64,62
2024-03-01,3,27,51,51,0,48,48,3,3
2024-03-01,3,29,155,155,0,124,140,31,15
2024-03-01,3,32,543,527,16,442,447,85,80
2024-03-01,3,33,65,63,2,50,52,13,11
2024-03-01,3,34,2,2,0,1,1,1,1
2024-03-01,3,36,50,34,16,30,34,4,0
2024-03-01,3,37,36,36,0,25,29,11,7
2024-03-01,3,38,56,56,0,44,39,12,17
2024-03-01,3,43,56,56,0,49,50,7,6
2024-03-01,3,44,17,17,0,13,13,4,4
2024-03-01,3,49,5,2,3,2,2,0,0
2024-03-01,3,57,40,40,0,24,23,16,17
2024-03-01,3,58,122,122,0,94,90,28,32
2024-03-01,3,59,4,4,0,4,4,0,0
2024-03-01,3,60,31,31,0,20,20,11,11
2024-03-01,3,62,85,84,1,73,66,11,18
2024-03-01,3,63,35,35,0,24,29,11,6
2024-03-01,3,64,17,13,4,9,10,4,3
2024-03-01,3,65,16,15,1,10,13,5,2
2024-03-01,3,69,44,44,0,38,36,6,8
2024-03-01,3,70,258,258,0,203,201,55,57
2024-03-01,3,72,356,348,8,269,275,79,73
2024-03-01,3,73,36,36,0,30,30,6,6
2024-03-01,3,74,55,55,0,44,45,11,10
2024-03-01,3,77,40,40,0,31,29,9,11
2024-03-01,3,78,84,84,0,72,70,12,14
2024-03-01,3,82,208,206,2,147,144,59,62
2024-03-01,3,83,32,32,0,24,26,8,6
2024-03-01,3,84,898,839,59,702,676,137,163
2024-03-01,3,86,52,52,0,46,46,6,6
2024-03-01,3,89,17,13,4,11,11,2,2
2024-03-01,3,90,80,67,13,56,53,11,14
2024-03-01,3,91,154,154,0,125,123,29,31
2024-03-01,3,92,2,2,0,1,1,1,1
2024-03-01,3,93,5,2,3,2,2,0,0
2024-03-01,3,94,17,13,4,12,11,1,2
2024-03-01,3,95,16,15,1,11,12,4,3
2024-03-01,3,96,207,205,2,145,153,60,52
2024-03-01,3,97,17,13,4,12,11,1,2
2024-03-01,3,98,8,6,2,4,4,2,2
2024-03-01,3,99,200,190,10,127,139,63,51
2024-03-01,3,100,8,6,2,3,3,3,3
2024-03-01,3,105,32,32,0,22,19,10,13
2024-03-01,3,106,57,57,0,41,44,16,13
2024-03-01,3,107,242,237,5,192,191,45,46
2024-03-01,3,111,547,531,16,420,419,111,112
2024-03-01,3,112,57,57,0,41,45,16,12
2024-03-01,3,113,17,17,0,16,15,1,2
2024-03-01,3,117,122,122,0,96,103,26,19
2024-03-01,3,118,30,30,0,19,20,11,10
2024-03-01,3,119,35,35,0,26,30,9,5
2024-03-01,3,121,899,842,57,700,666,142,176
2024-03-01,3,122,200,190,10,119,134,71,56
2024-03-01,3,124,57,57,0,37,36,20,21
2024-03-01,3,126,64,62,2,56,51,6,11
2024-03-01,4,1,44,44,0,40,39,4,5
2024-03-01,4,2,158,156,2,128,134,28,22
2024-03-01,4,4,87,87,0,81,81,6,6
2024-03-01,4,7,13,12,1,9,10,3,2
2024-03-01,4,8,31,27,4,16,10,11,17
2024-03-01,4,9,134,130,4,121,121,9,9
2024-03-01,4,11,104,103,1,78,85,25,18
2024-03-01,4,12,44,44,0,39,39,5,5
2024-03-01,4,15,54,53,1,41,40,12,13
2024-03-01,4,16,160,158,2,127,129,31,29
2024-03-01,4,17,123,121,2,78,88,43,33
2024-03-01,4,18,162,161,1,139,135,22,26
2024-03-01,4,19,60,60,0,41,44,19,16
2024-03-01,4,20,123,119,4,89,90,30,29
2024-03-01,4,21,136,128,8,89,89,39,39
2024-03-01,4,22,24,24,0,16,12,8,12
2024-03-01,4,23,27,26,1,21,20,5,6
2024-03-01,4,25,119,118,1,81,79,37,39
2024-03-01,4,26,34,30,4,17,10,13,20
2024-03-01,4,28,118,115,3,87,78,28,37
2024-03-01,4,30,23,23,0,20,20,3,3
2024-03-01,4,31,191,179,12,126,119,53,60
2024-03-01,4,33,78,77,1,56,58,21,19
2024-03-01,4,34,83,76,7,65,62,11,14
2024-03-01,4,36,121,119,2,78,72,41,47
2024-03-01,4,39,140,136,4,114,113,22,23
2024-03-01,4,40,87,87,0,77,78,10,9
2024-03-01,4,41,162,160,2,144,142,16,18
2024-03-01,4,43,204,202,2,138,120,64,82
2024-03-01,4,44,401,391,10,285,272,106,119
2024-03-01,4,45,114,114,0,92,90,22,24
2024-03-01,4,47,61,61,0,48,36,13,25
2024-03-01,4,48,30,30,0,23,11,7,19
2024-03-01,4,49,32,27,5,13,14,14,13
2024-03-01,4,51,118,117,1,80,73,37,44
2024-03-01,4,52,113,108,5,89,86,19,22
2024-03-01,4,53,123,117,6,83,78,34,39
2024-03-01,4,54,137,128,9,92,93,36,35
2024-03-01,4,59,24,24,0,11,8,13,16
2024-03-01,4,61,27,26,1,21,22,5,4
2024-03-01,4,62,30,30,0,21,19,9,11
2024-03-01,4,63,48,48,0,39,44,9,4
2024-03-01,4,64,60,54,6,36,32,18,22
2024-03-01,4,65,136,112,24,86,73,26,39
2024-03-01,4,67,118,115,3,99,97,16,18
2024-03-01,4,68,30,30,0,26,27,4,3
2024-03-01,4,69,124,123,1,91,85,32,38
2024-03-01,4,70,13,12,1,9,9,3,3
2024-03-01,4,72,36,32,4,25,20,7,12
2024-03-01,4,74,207,205,2,167,152,38,53
2024-03-01,4,75,28,28,0,11,10,17,18
2024-03-01,4,76,118,118,0,71,70,47,48
2024-03-01,4,78,31,31,0,27,25,4,6
2024-03-01,4,79,118,115,3,92,81,23,34
2024-03-01,4,80,108,106,2,63,57,43,49
2024-03-01,4,81,50,49,1,30,30,19,19
2024-03-01,4,84,32,31,1,22,20,9,11
2024-03-01,4,85,108,106,2,58,63,48,43
2024-03-01,4,87,119,112,7,80,82,32,30
2024-03-01,4,88,52,52,0,41,34,11,18
2024-03-01,4,89,103,93,10,73,59,20,34
2024-03-01,4,90,31,27,4,1,2,26,25
2024-03-01,4,92,83,76,7,60,65,16,11
2024-03-01,4,93,32,27,5,18,16,9,11
2024-03-01,4,94,60,54,6,43,42,11,12
2024-03-01,4,95,136,114,22,92,87,22,27
2024-03-01,4,97,102,92,10,78,76,14,16
2024-03-01,4,98,138,121,17,105,98,16,23
2024-03-01,4,100,137,120,17,97,77,23,43
2024-03-01,4,101,134,130,4,120,120,10,10
2024-03-01,4,102,114,111,3,91,88,20,23
2024-03-01,4,103,23,23,0,20,20,3,3
2024-03-01,4,104,191,177,14,123,125,54,52
2024-03-01,4,108,104,103,1,76,78,27,25
2024-03-01,4,110,53,53,0,40,39,13,14
2024-03-01,4,113,401,396,5,288,288,108,108
2024-03-01,4,114,114,114,0,79,81,35,33
2024-03-01,4,116,113,109,4,65,72,44,37
2024-03-01,4,119,47,46,1,33,36,13,10
2024-03-01,4,120,31,31,0,26,27,5,4
2024-03-01,4,121,32,29,3,18,17,11,12
2024-03-01,4,123,114,112,2,82,89,30,23
2024-03-01,4,125,103,102,1,68,79,34,23
2024-03-01,4,126,77,76,1,56,47,20,29
2024-03-01,4,127,140,135,5,119,116,16,19
2024-03-01,4,128,103,100,3,81,86,19,14
2024-03-01,5,7,57,57,0,45,44,12,13
2024-03-01,5,9,151,143,8,122,121,21,22
2024-03-01,5,10,31,31,0,21,22,10,9
2024-03-01,5,11,61,61,0,50,47,11,14
2024-03-01,5,17,8,7,1,7,6,0,1
2024-03-01,5,26,57,57,0,44,49,13,8
2024-03-01,5,32,146,146,0,121,125,25,21
2024-03-01,5,36,8,6,2,6,6,0,0
2024-03-01,5,39,13,12,1,9,9,3,3
2024-03-01,5,43,31,31,0,26,23,5,8
2024-03-01,5,45,80,80,0,65,58,15,22
2024-03-01,5,51,38,38,0,28,25,10,13
2024-03-01,5,52,100,100,0,80,66,20,34
2024-03-01,5,57,31,31,0,23,25,8,6
2024-03-01,5,58,31,31,0,29,29,2,2
2024-03-01,5,62,31,31,0,28,21,3,10
2024-03-01,5,70,57,57,0,50,51,7,6
2024-03-01,5,72,57,57,0,47,43,10,14
2024-03-01,5,74,31,31,0,30,27,1,4
2024-03-01,5,76,38,38,0,32,32,6,6
2024-03-01,5,77,31,31,0,29,26,2,5
2024-03-01,5,78,31,31,0,29,28,2,3
2024-03-01,5,80,89,89,0,65,65,24,24
2024-03-01,5,84,205,204,1,173,168,31,36
2024-03-01,5,85,90,90,0,60,50,30,40
2024-03-01,5,101,151,143,8,124,120,19,23
2024-03-01,5,102,77,77,0,57,50,20,27
2024-03-01,5,107,31,31,0,22,25,9,6
2024-03-01,5,108,61,61,0,54,54,7,7
2024-03-01,5,111,146,146,0,125,120,21,26
2024-03-01,5,114,80,80,0,69,68,11,12
2024-03-01,5,116,103,103,0,79,84,24,19
2024-03-01,5,117,31,31,0,29,29,2,2
2024-03-01,5,121,205,204,1,168,163,36,41
2024-03-01,5,123,76,76,0,54,54,22,22
2024-03-01,5,125,71,71,0,56,56,15,15
2024-03-01,5,127,13,12,1,10,10,2,2
2024-03-01,5,128,71,71,0,61,53,10,18
2024-03-01,6,1,13,13,0,10,8,3,5
2024-03-01,6,2,135,131,4,120,122,11,9
2024-03-01,6,4,16,16,0,14,13,2,3
2024-03-01,6,6,32,32,0,27,28,5,4
2024-03-01,6,7,273,271,2,194,205,77,66
2024-03-01,6,8,34,32,2,15,15,17,17
2024-03-01,6,10,175,169,6,137,139,32,30
2024-03-01,6,12,13,13,0,3,7,10,6
2024-03-01,6,15,46,46,0,42,44,4,2
2024-03-01,6,16,134,130,4,110,111,20,19
2024-03-01,6,17,143,143,0,103,99,40,44
2024-03-01,6,18,110,107,3,78,75,29,32
2024-03-01,6,19,30,29,1,19,24,10,5
2024-03-01,6,20,26,25,1,13,15,12,10
2024-03-01,6,21,34,32,2,14,13,18,19
2024-03-01,6,22,38,38,0,32,33,6,5
2024-03-01,6,23,41,40,1,32,33,8,7
2024-03-01,6,24,24,23,1,15,11,8,12
2024-03-01,6,25,140,137,3,93,76,44,61
2024-03-01,6,26,403,393,10,281,259,112,134
2024-03-01,6,27,13,12,1,9,7,3,5
2024-03-01,6,28,82,82,0,54,57,28,25
2024-03-01,6,29,121,117,4,79,92,38,25
2024-03-01,6,30,39,39,0,34,31,5,8
2024-03-01,6,31,142,141,1,89,84,52,57
2024-03-01,6,32,477,443,34,335,331,108,112
2024-03-01,6,33,142,140,2,100,92,40,48
2024-03-01,6,34,19,18,1,9,12,9,6
2024-03-01,6,36,143,142,1,84,104,58,38
2024-03-01,6,37,62,61,1,45,42,16,19
2024-03-01,6,38,67,67,0,50,50,17,17
2024-03-01,6,40,16,16,0,13,14,3,2
2024-03-01,6,41,110,107,3,76,70,31,37
2024-03-01,6,42,29,29,0,23,23,6,6
2024-03-01,6,43,124,124,0,88,84,36,40
2024-03-01,6,44,247,245,2,228,225,17,20
2024-03-01,6,47,30,29,1,22,21,7,8
2024-03-01,6,48,22,22,0,9,12,13,10
2024-03-01,6,49,5,5,0,2,2,3,3
2024-03-01,6,53,26,25,1,16,15,9,10
2024-03-01,6,54,34,32,2,11,11,21,21
2024-03-01,6,55,32,32,0,21,20,11,12
2024-03-01,6,56,29,29,0,17,17,12,12
2024-03-01,6,57,253,250,3,172,172,78,78
2024-03-01,6,58,294,289,5,209,225,80,64
2024-03-01,6,59,38,38,0,33,33,5,5
2024-03-01,6,60,31,31,0,23,20,8,11
2024-03-01,6,61,41,40,1,28,30,12,10
2024-03-01,6,62,129,129,0,96,90,33,39
2024-03-01,6,63,77,76,1,61,62,15,14
2024-03-01,6,64,71,68,3,45,42,23,26
2024-03-01,6,65,55,55,0,45,41,10,14
2024-03-01,6,66,24,23,1,12,14,11,9
2024-03-01,6,67,103,103,0,85,84,18,19
2024-03-01,6,68,31,31,0,28,29,3,2
2024-03-01,6,69,139,135,4,86,75,49,60
2024-03-01,6,70,274,272,2,213,181,59,91
2024-03-01,6,72,403,389,14,299,296,90,93
2024-03-01,6,73,62,61,1,41,47,20,14
2024-03-01,6,74,124,124,0,100,94,24,30
2024-03-01,6,75,22,22,0,14,13,8,9
2024-03-01,6,77,253,250,3,186,180,64,70
2024-03-01,6,78,128,128,0,97,92,31,36
2024-03-01,6,79,103,103,0,86,83,17,20
2024-03-01,6,81,45,45,0,32,30,13,15
2024-03-01,6,82,217,214,3,149,162,65,52
2024-03-01,6,83,69,69,0,58,57,11,12
2024-03-01,6,84,793,734,59,625,580,109,154
2024-03-01,6,86,13,12,1,6,5,6,7
2024-03-01,6,87,83,83,0,62,61,21,22
2024-03-01,6,88,45,44,1,28,26,16,18
2024-03-01,6,89,40,40,0,25,25,15,15
2024-03-01,6,90,34,32,2,22,19,10,13
2024-03-01,6,91,122,121,1,90,100,31,21
2024-03-01,6,92,18,18,0,8,13,10,5
2024-03-01,6,93,5,5,0,3,2,2,3
2024-03-01,6,94,71,68,3,58,53,10,15
2024-03-01,6,95,55,55,0,46,46,9,9
2024-03-01,6,96,231,228,3,174,172,54,56
2024-03-01,6,97,40,40,0,35,32,5,8
2024-03-01,6,98,39,38,1,37,37,1,1
2024-03-01,6,99,141,138,3,103,112,35,26
2024-03-01,6,100,39,38,1,30,25,8,13
2024-03-01,6,103,39,39,0,30,28,9,11
2024-03-01,6,104,142,141,1,101,84,40,57
2024-03-01,6,105,69,69,0,52,40,17,29
2024-03-01,6,106,63,60,3,45,41,15,19
2024-03-01,6,107,175,170,5,138,142,32,28
2024-03-01,6,110,46,46,0,44,43,2,3
2024-03-01,6,111,472,441,31,376,374,65,67
2024-03-01,6,112,67,67,0,56,58,11,9
2024-03-01,6,113,247,245,2,225,232,20,13
2024-03-01,6,117,294,290,4,233,228,57,62
2024-03-01,6,118,31,31,0,30,26,1,5
2024-03-01,6,119,77,76,1,65,65,11,11
2024-03-01,6,120,31,31,0,28,30,3,1
2024-03-01,6,121,782,720,62,576,565,144,155
2024-03-01,6,122,156,154,2,114,118,40,36
2024-03-01,6,124,62,62,0,46,46,16,16
2024-03-01,6,126,144,142,2,101,102,41,40
2024-03-01,7,8,38,36,2,11,15,25,21
2024-03-01,7,34,14,13,1,7,11,6,2
2024-03-01,7,49,17,17,0,7,9,10,8
2024-03-01,7,64,27,24,3,16,17,8,7
2024-03-01,7,65,21,20,1,15,15,5,5
2024-03-01,7,89,15,15,0,9,9,6,6
2024-03-01,7,90,38,36,2,23,21,13,15
2024-03-01,7,92,13,13,0,10,11,3,2
2024-03-01,7,93,17,17,0,10,11,7,6
2024-03-01,7,94,27,25,2,19,20,6,5
2024-03-01,7,95,21,20,1,16,16,4,4
2024-03-01,7,97,15,15,0,10,10,5,5
2024-03-01,7,98,21,21,0,13,14,8,7
2024-03-01,7,100,21,20,1,9,11,11,9
2024-04-01,2,2,34,34,0,33,31,1,3
2024-04-01,2,6,29,28,1,23,19,5,9
2024-04-01,2,7,115,112,3,80,78,32,34
2024-04-01,2,8,30,30,0,26,26,4,4
2024-04-01,2,10,151,142,9,107,102,35,40
2024-04-01,2,15,88,86,2,64,63,22,23
2024-04-01,2,16,35,35,0,27,32,8,3
2024-04-01,2,17,102,102,0,79,83,23,19
2024-04-01,2,18,30,30,0,24,25,6,5
2024-04-01,2,19,25,25,0,23,22,2,3
2024-04-01,2,23,29,29,0,26,26,3,3
2024-04-01,2,24,29,29,0,24,26,5,3
2024-04-01,2,25,30,30,0,19,18,11,12
2024-04-01,2,26,236,232,4,152,177,80,55
2024-04-01,2,28,56,56,0,45,47,11,9
2024-04-01,2,29,29,28,1,14,21,14,7
2024-04-01,2,30,30,30,0,24,25,6,5
2024-04-01,2,32,202,189,13,137,142,52,47
2024-04-01,2,33,60,60,0,45,46,15,14
2024-04-01,2,36,103,103,0,84,86,19,17
2024-04-01,2,37,117,117,0,78,88,39,29
2024-04-01,2,38,115,114,1,93,100,21,14
2024-04-01,2,41,30,30,0,22,22,8,8
2024-04-01,2,42,25,25,0,22,22,3,3
2024-04-01,2,43,29,29,0,15,17,14,12
2024-04-01,2,47,26,26,0,23,24,3,2
2024-04-01,2,48,31,29,2,15,17,14,12
2024-04-01,2,55,29,28,1,21,23,7,5
2024-04-01,2,56,25,25,0,21,22,4,3
2024-04-01,2,57,240,230,10,166,174,64,56
2024-04-01,2,58,304,296,8,234,240,62,56
2024-04-01,2,60,20,20,0,10,9,10,11
2024-04-01,2,61,28,28,0,24,24,4,4
2024-04-01,2,62,148,148,0,97,105,51,43
2024-04-01,2,63,84,82,2,68,69,14,13
2024-04-01,2,66,29,29,0,21,21,8,8
2024-04-01,2,67,113,111,2,60,65,51,46
2024-04-01,2,68,52,51,1,33,32,18,19
2024-04-01,2,69,31,30,1,19,19,11,11
2024-04-01,2,70,115,112,3,78,85,34,27
2024-04-01,2,72,237,233,4,166,155,67,78
2024-04-01,2,73,116,116,0,80,78,36,38
2024-04-01,2,74,29,29,0,19,18,10,11
2024-04-01,2,75,30,29,1,19,23,10,6
2024-04-01,2,77,239,229,10,158,158,71,71
2024-04-01,2,78,148,148,0,100,101,48,47
2024-04-01,2,79,113,111,2,79,76,32,35
2024-04-01,2,81,66,66,0,49,46,17,20
2024-04-01,2,82,88,86,2,58,71,28,15
2024-04-01,2,83,89,89,0,73,65,16,24
2024-04-01,2,84,483,466,17,329,328,137,138
2024-04-01,2,87,56,56,0,44,46,12,10
2024-04-01,2,88,66,66,0,43,45,23,21
2024-04-01,2,90,30,30,0,24,23,6,7
2024-04-01,2,91,31,29,2,13,13,16,16
2024-04-01,2,96,89,85,4,61,63,24,22
2024-04-01,2,99,59,58,1,44,32,14,26
2024-04-01,2,103,30,30,0,23,22,7,8
2024-04-01,2,105,89,89,0,59,68,30,21
2024-04-01,2,106,87,84,3,63,59,21,25
2024-04-01,2,107,150,142,8,99,110,43,32
2024-04-01,2,110,88,86,2,69,69,17,17
2024-04-01,2,111,200,188,12,138,141,50,47
2024-04-01,2,112,117,115,2,90,92,25,23
2024-04-01,2,117,302,295,7,221,224,74,71
2024-04-01,2,118,20,20,0,14,11,6,9
2024-04-01,2,119,84,82,2,69,70,13,12
2024-04-01,2,120,52,51,1,30,37,21,14
2024-04-01,2,121,481,463,18,322,343,141,120
2024-04-01,2,122,60,60,0,40,49,20,11
2024-04-01,2,124,88,85,3,66,68,19,17
2024-04-01,2,126,60,60,0,43,41,17,19
2024-04-01,3,2,6,6,0,6,6,0,0
2024-04-01,3,7,272,266,6,224,228,42,38
2024-04-01,3,8,99,99,0,73,90,26,9
2024-04-01,3,10,241,237,4,195,174,42,63
2024-04-01,3,16,6,6,0,6,6,0,0
2024-04-01,3,17,101,99,2,87,85,12,14
2024-04-01,3,19,8,8,0,5,5,3,3
2024-04-01,3,25,108,108,0,81,85,27,23
2024-04-01,3,26,375,368,7,293,315,75,53
2024-04-01,3,27,48,48,0,42,44,6,4
2024-04-01,3,29,149,147,2,115,131,32,16
2024-04-01,3,32,515,499,16,405,403,94,96
2024-04-01,3,33,47,47,0,42,42,5,5
2024-04-01,3,36,101,99,2,83,86,16,13
2024-04-01,3,37,30,30,0,19,25,11,5
2024-04-01,3,38,48,48,0,33,32,15,16
2024-04-01,3,44,46,44,2,34,31,10,13
2024-04-01,3,47,8,8,0,6,7,2,1
2024-04-01,3,48,30,30,0,23,21,7,9
2024-04-01,3,57,36,36,0,25,32,11,4
2024-04-01,3,58,99,99,0,79,81,20,18
2024-04-01,3,60,30,30,0,15,16,15,14
2024-04-01,3,62,1,1,0,1,1,0,0
2024-04-01,3,63,74,74,0,52,51,22,23
2024-04-01,3,64,19,18,1,16,17,2,1
2024-04-01,3,65,4,3,1,0,0,3,3
2024-04-01,3,69,108,108,0,80,80,28,28
2024-04-01,3,70,272,269,3,219,225,50,44
2024-04-01,3,72,373,363,10,294,287,69,76
2024-04-01,3,73,30,30,0,23,21,7,9
2024-04-01,3,75,30,30,0,23,26,7,4
2024-04-01,3,77,36,36,0,32,33,4,3
2024-04-01,3,78,1,1,0,1,1,0,0
2024-04-01,3,82,201,198,3,151,161,47,37
2024-04-01,3,83,29,29,0,26,22,3,7
2024-04-01,3,84,859,822,37,709,641,113,181
2024-04-01,3,86,48,47,1,42,44,5,3
2024-04-01,3,89,18,17,1,16,15,1,2
2024-04-01,3,90,99,99,0,83,64,16,35
2024-04-01,3,91,148,147,1,128,93,19,54
2024-04-01,3,94,20,18,2,17,17,1,1
2024-04-01,3,95,4,3,1,2,3,1,0
2024-04-01,3,96,201,198,3,169,136,29,62
2024-04-01,3,97,18,18,0,17,17,1,1
2024-04-01,3,99,198,197,1,150,110,47,87
2024-04-01,3,105,29,29,0,19,23,10,6
2024-04-01,3,106,56,56,0,41,38,15,18
2024-04-01,3,107,241,238,3,189,203,49,35
2024-04-01,3,111,516,501,15,361,352,140,149
2024-04-01,3,112,48,48,0,37,35,11,13
2024-04-01,3,113,46,44,2,40,41,4,3
2024-04-01,3,117,99,99,0,68,74,31,25
2024-04-01,3,118,30,30,0,17,22,13,8
2024-04-01,3,119,73,73,0,50,56,23,17
2024-04-01,3,121,864,821,43,632,652,189,169
2024-04-01,3,122,198,198,0,138,175,60,23
2024-04-01,3,124,56,56,0,43,42,13,14
2024-04-01,3,126,47,47,0,40,40,7,7
2024-04-01,4,1,52,52,0,50,51,2,1
2024-04-01,4,2,150,150,0,132,127,18,23
2024-04-01,4,4,81,81,0,73,72,8,9
2024-04-01,4,6,9,9,0,8,8,1,1
2024-04-01,4,7,13,13,0,9,9,4,4
2024-04-01,4,9,138,138,0,119,126,19,12
2024-04-01,4,11,106,104,2,83,69,21,35
2024-04-01,4,12,52,52,0,47,45,5,7
2024-04-01,4,15,56,56,0,51,50,5,6
2024-04-01,4,16,150,150,0,121,134,29,16
2024-04-01,4,17,71,71,0,40,40,31,31
2024-04-01,4,18,153,152,1,127,129,25,23
2024-04-01,4,19,30,30,0,20,16,10,14
2024-04-01,4,20,129,124,5,110,108,14,16
2024-04-01,4,21,134,129,5,100,100,29,29
2024-04-01,4,22,25,25,0,19,18,6,7
2024-04-01,4,23,17,17,0,14,17,3,0
2024-04-01,4,25,8,8,0,6,6,2,2
2024-04-01,4,26,36,22,14,9,7,13,15
2024-04-01,4,28,82,82,0,64,63,18,19
2024-04-01,4,30,17,17,0,13,14,4,3
2024-04-01,4,31,189,186,3,149,150,37,36
2024-04-01,4,33,99,99,0,74,71,25,28
2024-04-01,4,34,86,86,0,67,68,19,18
2024-04-01,4,36,71,70,1,52,48,18,22
2024-04-01,4,39,138,130,8,113,117,17,13
2024-04-01,4,40,82,82,0,71,71,11,11
2024-04-01,4,41,152,148,4,117,112,31,36
2024-04-01,4,43,236,222,14,134,129,88,93
2024-04-01,4,44,358,344,14,294,266,50,78
2024-04-01,4,45,112,111,1,83,88,28,23
2024-04-01,4,47,30,30,0,13,10,17,20
2024-04-01,4,49,30,30,0,14,13,16,17
2024-04-01,4,51,116,115,1,94,96,21,19
2024-04-01,4,52,111,108,3,94,89,14,19
2024-04-01,4,53,129,124,5,106,105,18,19
2024-04-01,4,54,134,129,5,104,103,25,26
2024-04-01,4,55,9,9,0,6,7,3,2
2024-04-01,4,59,25,25,0,15,13,10,12
2024-04-01,4,61,17,17,0,17,16,0,1
2024-04-01,4,62,115,114,1,83,76,31,38
2024-04-01,4,63,8,8,0,8,8,0,0
2024-04-01,4,64,58,52,6,41,41,11,11
2024-04-01,4,65,144,140,4,95,91,45,49
2024-04-01,4,67,76,73,3,64,66,9,7
2024-04-01,4,68,30,30,0,27,27,3,3
2024-04-01,4,69,13,13,0,9,9,4,4
2024-04-01,4,70,13,13,0,8,9,5,4
2024-04-01,4,72,37,23,14,14,9,9,14
2024-04-01,4,74,236,226,10,140,137,86,89
2024-04-01,4,76,116,115,1,95,95,20,20
2024-04-01,4,78,115,114,1,75,66,39,48
2024-04-01,4,79,76,73,3,60,60,13,13
2024-04-01,4,80,108,107,1,85,88,22,19
2024-04-01,4,81,52,51,1,30,19,21,32
2024-04-01,4,84,11,9,2,9,8,0,1
2024-04-01,4,85,108,106,2,79,84,27,22
2024-04-01,4,87,82,81,1,63,60,18,21
2024-04-01,4,88,52,51,1,42,41,9,10
2024-04-01,4,89,97,96,1,82,68,14,28
2024-04-01,4,92,86,86,0,68,66,18,20
2024-04-01,4,93,30,30,0,18,16,12,14
2024-04-01,4,94,58,53,5,42,41,11,12
2024-04-01,4,95,145,141,4,109,104,32,37
2024-04-01,4,97,97,96,1,87,84,9,12
2024-04-01,4,98,145,143,2,115,109,28,34
2024-04-01,4,100,144,142,2,100,90,42,52
2024-04-01,4,101,138,137,1,124,125,13,12
2024-04-01,4,102,112,110,2,91,92,19,18
2024-04-01,4,103,17,17,0,13,14,4,3
2024-04-01,4,104,188,182,6,149,141,33,41
2024-04-01,4,108,106,104,2,82,86,22,18
2024-04-01,4,110,56,56,0,51,52,5,4
2024-04-01,4,113,358,348,10,284,296,64,52
2024-04-01,4,114,112,111,1,80,81,31,30
2024-04-01,4,116,111,108,3,81,91,27,17
2024-04-01,4,119,9,9,0,9,9,0,0
2024-04-01,4,120,30,30,0,26,26,4,4
2024-04-01,4,121,11,9,2,7,8,2,1
2024-04-01,4,123,112,112,0,87,87,25,25
2024-04-01,4,125,111,109,2,89,95,20,14
2024-04-01,4,126,99,99,0,68,68,31,31
2024-04-01,4,127,137,129,8,110,112,19,17
2024-04-01,4,128,111,109,2,99,99,10,10
2024-04-01,5,2,30,30,0,27,28,3,2
2024-04-01,5,7,61,61,0,54,49,7,12
2024-04-01,5,9,146,146,0,136,133,10,13
2024-04-01,5,10,30,30,0,24,22,6,8
2024-04-01,5,11,80,77,3,67,61,10,16
2024-04-01,5,16,30,30,0,28,27,2,3
2024-04-01,5,17,9,9,0,7,7,2,2
2024-04-01,5,26,54,54,0,42,47,12,7
2024-04-01,5,32,146,146,0,131,125,15,21
2024-04-01,5,36,9,9,0,8,8,1,1
2024-04-01,5,39,13,12,1,10,10,2,2
2024-04-01,5,43,30,30,0,23,24,7,6
2024-04-01,5,45,88,88,0,71,66,17,22
2024-04-01,5,51,42,41,1,39,35,2,6
2024-04-01,5,52,121,116,5,90,82,26,34
2024-04-01,5,57,30,30,0,22,24,8,6
2024-04-01,5,58,30,30,0,26,26,4,4
2024-04-01,5,62,30,30,0,28,28,2,2
2024-04-01,5,70,61,61,0,47,49,14,12
2024-04-01,5,72,54,54,0,46,42,8,12
2024-04-01,5,74,30,30,0,23,22,7,8
2024-04-01,5,76,41,40,1,39,39,1,1
2024-04-01,5,77,30,30,0,28,27,2,3
2024-04-01,5,78,30,30,0,28,28,2,2
2024-04-01,5,80,92,92,0,72,69,20,23
2024-04-01,5,84,205,204,1,180,172,24,32
2024-04-01,5,85,91,91,0,67,61,24,30
2024-04-01,5,101,146,146,0,135,134,11,12
2024-04-01,5,102,51,51,0,40,35,11,16
2024-04-01,5,107,30,30,0,23,24,7,6
2024-04-01,5,108,79,77,2,55,60,22,17
2024-04-01,5,111,146,146,0,123,119,23,27
2024-04-01,5,114,88,88,0,71,73,17,15
2024-04-01,5,116,125,120,5,83,84,37,36
2024-04-01,5,117,30,30,0,28,26,2,4
2024-04-01,5,121,205,204,1,166,168,38,36
2024-04-01,5,123,51,51,0,45,42,6,9
2024-04-01,5,125,88,87,1,69,72,18,15
2024-04-01,5,127,13,13,0,11,11,2,2
2024-04-01,5,128,87,85,2,66,61,19,24
2024-04-01,6,1,13,13,0,12,11,1,2
2024-04-01,6,2,138,138,0,122,122,16,16
2024-04-01,6,4,15,15,0,14,13,1,2
2024-04-01,6,6,32,32,0,24,20,8,12
2024-04-01,6,7,260,257,3,202,210,55,47
2024-04-01,6,8,35,34,1,17,27,17,7
2024-04-01,6,10,183,181,2,151,129,30,52
2024-04-01,6,12,13,13,0,10,10,3,3
2024-04-01,6,15,35,35,0,24,26,11,9
2024-04-01,6,16,139,139,0,130,132,9,7
2024-04-01,6,17,162,162,0,141,144,21,18
2024-04-01,6,18,101,101,0,89,92,12,9
2024-04-01,6,19,32,31,1,21,21,10,10
2024-04-01,6,20,26,26,0,20,21,6,5
2024-04-01,6,21,35,35,0,28,31,7,4
2024-04-01,6,22,35,35,0,33,33,2,2
2024-04-01,6,23,45,45,0,40,41,5,4
2024-04-01,6,24,17,17,0,16,17,1,0
2024-04-01,6,25,122,122,0,91,94,31,28
2024-04-01,6,26,374,364,10,300,305,64,59
2024-04-01,6,27,13,13,0,10,11,3,2
2024-04-01,6,28,82,82,0,65,61,17,21
2024-04-01,6,29,126,126,0,107,122,19,4
2024-04-01,6,30,39,39,0,35,35,4,4
2024-04-01,6,31,150,149,1,109,88,40,61
2024-04-01,6,32,408,396,12,330,320,66,76
2024-04-01,6,33,135,135,0,114,118,21,17
2024-04-01,6,34,39,38,1,28,34,10,4
2024-04-01,6,36,163,163,0,139,146,24,17
2024-04-01,6,37,68,68,0,54,55,14,13
2024-04-01,6,38,92,91,1,84,83,7,8
2024-04-01,6,40,15,15,0,14,15,1,0
2024-04-01,6,41,101,100,1,88,88,12,12
2024-04-01,6,42,30,30,0,24,21,6,9
2024-04-01,6,43,112,112,0,90,91,22,21
2024-04-01,6,44,235,227,8,196,193,31,34
2024-04-01,6,47,31,31,0,20,22,11,9
2024-04-01,6,48,29,29,0,16,19,13,10
2024-04-01,6,49,4,4,0,3,3,1,1
2024-04-01,6,53,26,26,0,22,23,4,3
2024-04-01,6,54,35,35,0,31,32,4,3
2024-04-01,6,55,32,32,0,16,18,16,14
2024-04-01,6,56,30,30,0,22,22,8,8
2024-04-01,6,57,260,258,2,175,203,83,55
2024-04-01,6,58,301,295,6,223,226,72,69
2024-04-01,6,59,35,35,0,31,31,4,4
2024-04-01,6,60,29,29,0,21,21,8,8
2024-04-01,6,61,45,45,0,39,40,6,5
2024-04-01,6,62,131,131,0,101,97,30,34
2024-04-01,6,63,76,76,0,65,63,11,13
2024-04-01,6,64,69,69,0,58,61,11,8
2024-04-01,6,65,59,57,2,46,46,11,11
2024-04-01,6,66,17,17,0,17,17,0,0
2024-04-01,6,67,105,105,0,87,83,18,22
2024-04-01,6,68,30,30,0,21,20,9,10
2024-04-01,6,69,122,121,1,98,106,23,15
2024-04-01,6,70,259,256,3,212,207,44,49
2024-04-01,6,72,380,373,7,320,293,53,80
2024-04-01,6,73,69,69,0,63,60,6,9
2024-04-01,6,74,113,113,0,98,93,15,20
2024-04-01,6,75,30,30,0,25,24,5,6
2024-04-01,6,77,260,257,3,221,208,36,49
2024-04-01,6,78,131,131,0,103,100,28,31
2024-04-01,6,79,105,105,0,90,82,15,23
2024-04-01,6,81,37,37,0,33,29,4,8
2024-04-01,6,82,213,213,0,157,194,56,19
2024-04-01,6,83,77,77,0,70,69,7,8
2024-04-01,6,84,666,621,45,542,481,79,140
2024-04-01,6,86,13,13,0,9,9,4,4
2024-04-01,6,87,81,81,0,68,64,13,17
2024-04-01,6,88,37,37,0,26,23,11,14
2024-04-01,6,89,41,41,0,35,30,6,11
2024-04-01,6,90,34,33,1,27,16,6,17
2024-04-01,6,91,125,125,0,111,107,14,18
2024-04-01,6,92,39,38,1,32,33,6,5
2024-04-01,6,93,4,4,0,3,3,1,1
2024-04-01,6,94,69,69,0,66,62,3,7
2024-04-01,6,95,59,57,2,53,45,4,12
2024-04-01,6,96,221,221,0,193,163,28,58
2024-04-01,6,97,41,41,0,36,37,5,4
2024-04-01,6,98,32,31,1,29,28,2,3
2024-04-01,6,99,152,152,0,128,126,24,26
2024-04-01,6,100,32,30,2,24,18,6,12
2024-04-01,6,103,39,39,0,32,31,7,8
2024-04-01,6,104,149,148,1,105,97,43,51
2024-04-01,6,105,77,77,0,64,65,13,12
2024-04-01,6,106,74,72,2,49,39,23,33
2024-04-01,6,107,183,181,2,144,142,37,39
2024-04-01,6,110,35,35,0,28,26,7,9
2024-04-01,6,111,406,393,13,336,325,57,68
2024-04-01,6,112,92,91,1,83,86,8,5
2024-04-01,6,113,234,226,8,193,203,33,23
2024-04-01,6,117,302,297,5,248,240,49,57
2024-04-01,6,118,29,29,0,25,26,4,3
2024-04-01,6,119,76,76,0,72,69,4,7
2024-04-01,6,120,30,30,0,18,25,12,5
2024-04-01,6,121,657,612,45,500,484,112,128
2024-04-01,6,122,164,164,0,124,146,40,18
2024-04-01,6,124,72,72,0,48,48,24,24
2024-04-01,6,126,135,135,0,114,119,21,16
2024-04-01,7,8,41,39,2,12,25,27,14
2024-04-01,7,34,13,13,0,5,8,8,5
2024-04-01,7,49,17,17,0,13,15,4,2
2024-04-01,7,64,36,35,1,23,29,12,6
2024-04-01,7,65,19,19,0,11,15,8,4
2024-04-01,7,89,17,16,1,13,13,3,3
2024-04-01,7,90,41,40,1,30,22,10,18
2024-04-01,7,92,13,13,0,10,10,3,3
2024-04-01,7,93,17,17,0,15,14,2,3
2024-04-01,7,94,36,35,1,32,31,3,4
2024-04-01,7,95,19,19,0,13,12,6,7
2024-04-01,7,97,17,16,1,14,13,2,3
2024-04-01,7,98,25,25,0,19,20,6,5
2024-04-01,7,100,25,25,0,11,15,14,10
2024-05-01,2,2,35,35,0,31,30,4,5
2024-05-01,2,6,27,27,0,24,25,3,2
2024-05-01,2,7,111,111,0,93,95,18,16
2024-05-01,2,8,31,30,1,26,28,4,2
2024-05-01,2,10,140,136,4,109,110,27,26
2024-05-01,2,15,62,62,0,49,49,13,13
2024-05-01,2,16,35,35,0,26,29,9,6
2024-05-01,2,17,93,93,0,80,78,13,15
2024-05-01,2,18,31,31,0,31,31,0,0
2024-05-01,2,19,18,18,0,17,16,1,2
2024-05-01,2,23,21,21,0,18,18,3,3
2024-05-01,2,24,19,19,0,16,14,3,5
2024-05-01,2,25,31,31,0,18,18,13,13
2024-05-01,2,26,154,154,0,97,115,57,39
2024-05-01,2,28,52,51,1,44,41,7,10
2024-05-01,2,29,23,23,0,13,19,10,4
2024-05-01,2,30,22,22,0,16,13,6,9
2024-05-01,2,32,172,168,4,139,138,29,30
2024-05-01,2,33,55,55,0,46,43,9,12
2024-05-01,2,36,93,93,0,76,81,17,12
2024-05-01,2,37,62,62,0,50,56,12,6
2024-05-01,2,38,85,85,0,68,69,17,16
2024-05-01,2,41,31,31,0,31,31,0,0
2024-05-01,2,42,19,18,1,15,14,3,4
2024-05-01,2,43,22,22,0,13,14,9,8
2024-05-01,2,47,17,17,0,14,17,3,0
2024-05-01,2,48,21,21,0,13,18,8,3
2024-05-01,2,55,27,27,0,25,25,2,2
2024-05-01,2,56,19,19,0,14,16,5,3
2024-05-01,2,57,154,151,3,111,124,40,27
2024-05-01,2,58,238,238,0,202,204,36,34
2024-05-01,2,60,14,14,0,6,5,8,9
2024-05-01,2,61,22,22,0,18,19,4,3
2024-05-01,2,62,116,116,0,76,87,40,29
2024-05-01,2,63,62,62,0,49,48,13,14
2024-05-01,2,66,18,18,0,11,8,7,10
2024-05-01,2,67,70,70,0,37,43,33,27
2024-05-01,2,68,31,31,0,20,19,11,12
2024-05-01,2,69,31,31,0,15,17,16,14
2024-05-01,2,70,111,111,0,93,99,18,12
2024-05-01,2,72,154,154,0,104,93,50,61
2024-05-01,2,73,62,62,0,54,54,8,8
2024-05-01,2,74,22,22,0,15,17,7,5
2024-05-01,2,75,22,22,0,19,20,3,2
2024-05-01,2,77,153,151,2,96,105,55,46
2024-05-01,2,78,115,115,0,87,86,28,29
2024-05-01,2,79,71,71,0,43,43,28,28
2024-05-01,2,81,54,53,1,42,42,11,11
2024-05-01,2,82,63,61,2,45,56,16,5
2024-05-01,2,83,68,68,0,56,55,12,13
2024-05-01,2,84,413,401,12,321,319,80,82
2024-05-01,2,87,53,52,1,41,38,11,14
2024-05-01,2,88,54,53,1,39,44,14,9
2024-05-01,2,90,31,30,1,27,24,3,6
2024-05-01,2,91,23,22,1,15,11,7,11
2024-05-01,2,96,63,61,2,51,52,10,9
2024-05-01,2,99,54,51,3,30,26,21,25
2024-05-01,2,103,22,22,0,11,12,11,10
2024-05-01,2,105,68,68,0,47,54,21,14
2024-05-01,2,106,76,75,1,55,49,20,26
2024-05-01,2,107,140,137,3,101,115,36,22
2024-05-01,2,110,62,62,0,56,57,6,5
2024-05-01,2,111,171,167,4,131,135,36,32
2024-05-01,2,112,85,85,0,69,68,16,17
2024-05-01,2,117,238,238,0,188,191,50,47
2024-05-01,2,118,14,14,0,12,11,2,3
2024-05-01,2,119,62,62,0,52,51,10,11
2024-05-01,2,120,31,31,0,23,24,8,7
2024-05-01,2,121,413,401,12,301,324,100,77
2024-05-01,2,122,53,52,1,27,46,25,6
2024-05-01,2,124,75,75,0,57,58,18,17
2024-05-01,2,126,55,55,0,40,42,15,13
2024-05-01,3,7,268,263,5,223,222,40,41
2024-05-01,3,8,93,93,0,77,81,16,12
2024-05-01,3,10,245,243,2,216,197,27,46
2024-05-01,3,17,74,74,0,63,59,11,15
2024-05-01,3,19,9,9,0,6,6,3,3
2024-05-01,3,25,111,111,0,90,93,21,18
2024-05-01,3,26,392,377,15,301,319,76,58
2024-05-01,3,27,50,50,0,44,46,6,4
2024-05-01,3,29,157,157,0,126,147,31,10
2024-05-01,3,32,553,539,14,454,447,85,92
2024-05-01,3,33,16,16,0,14,14,2,2
2024-05-01,3,36,74,74,0,61,65,13,9
2024-05-01,3,37,31,31,0,17,24,14,7
2024-05-01,3,38,31,31,0,11,17,20,14
2024-05-01,3,44,55,55,0,46,44,9,11
2024-05-01,3,47,8,8,0,5,6,3,2
2024-05-01,3,48,31,30,1,22,27,8,3
2024-05-01,3,57,31,31,0,25,25,6,6
2024-05-01,3,58,93,93,0,71,72,22,21
2024-05-01,3,60,31,31,0,12,16,19,15
2024-05-01,3,63,75,75,0,66,58,9,17
2024-05-01,3,64,21,19,2,15,18,4,1
2024-05-01,3,65,2,2,0,2,2,0,0
2024-05-01,3,69,111,110,1,89,94,21,16
2024-05-01,3,70,268,265,3,230,226,35,39
2024-05-01,3,72,391,379,12,316,308,63,71
2024-05-01,3,73,31,31,0,24,19,7,12
2024-05-01,3,75,31,31,0,27,24,4,7
2024-05-01,3,77,31,31,0,31,31,0,0
2024-05-01,3,82,209,207,2,163,177,44,30
2024-05-01,3,83,31,31,0,21,21,10,10
2024-05-01,3,84,975,884,91,787,705,97,179
2024-05-01,3,86,50,50,0,40,46,10,4
2024-05-01,3,89,17,17,0,16,16,1,1
2024-05-01,3,90,93,93,0,81,70,12,23
2024-05-01,3,91,157,157,0,137,106,20,51
2024-05-01,3,94,21,20,1,20,20,0,0
2024-05-01,3,95,2,2,0,2,2,0,0
2024-05-01,3,96,208,204,4,175,155,29,49
2024-05-01,3,97,17,17,0,15,15,2,2
2024-05-01,3,99,206,205,1,162,113,43,92
2024-05-01,3,105,31,31,0,18,20,13,11
2024-05-01,3,106,58,58,0,46,42,12,16
2024-05-01,3,107,245,243,2,194,211,49,32
2024-05-01,3,111,551,536,15,426,401,110,135
2024-05-01,3,112,31,31,0,22,14,9,17
2024-05-01,3,113,55,55,0,50,49,5,6
2024-05-01,3,117,93,93,0,64,66,29,27
2024-05-01,3,118,30,30,0,22,12,8,18
2024-05-01,3,119,75,75,0,50,58,25,17
2024-05-01,3,121,979,892,87,709,723,183,169
2024-05-01,3,122,205,204,1,150,180,54,24
2024-05-01,3,124,59,59,0,41,42,18,17
2024-05-01,3,126,16,16,0,13,13,3,3
2024-05-01,4,1,48,48,0,43,42,5,6
2024-05-01,4,2,157,157,0,134,130,23,27
2024-05-01,4,4,85,85,0,77,74,8,11
2024-05-01,4,7,13,12,1,10,11,2,1
2024-05-01,4,9,143,138,5,128,133,10,5
2024-05-01,4,11,112,111,1,89,75,22,36
2024-05-01,4,12,48,48,0,40,42,8,6
2024-05-01,4,15,58,55,3,49,49,6,6
2024-05-01,4,16,157,157,0,123,136,34,21
2024-05-01,4,17,104,104,0,65,45,39,59
2024-05-01,4,18,155,152,3,124,125,28,27
2024-05-01,4,19,31,31,0,23,5,8,26
2024-05-01,4,20,134,129,5,116,120,13,9
2024-05-01,4,21,139,136,3,104,88,32,48
2024-05-01,4,22,27,26,1,19,15,7,11
2024-05-01,4,23,17,17,0,12,15,5,2
2024-05-01,4,25,10,10,0,9,9,1,1
2024-05-01,4,26,35,30,5,15,15,15,15
2024-05-01,4,28,85,83,2,69,64,14,19
2024-05-01,4,30,17,17,0,15,16,2,1
2024-05-01,4,31,201,198,3,164,166,34,32
2024-05-01,4,33,136,135,1,104,91,31,44
2024-05-01,4,34,91,90,1,63,60,27,30
2024-05-01,4,36,104,104,0,53,63,51,41
2024-05-01,4,39,147,143,4,127,127,16,16
2024-05-01,4,40,85,85,0,72,75,13,10
2024-05-01,4,41,155,151,4,120,109,31,42
2024-05-01,4,43,246,224,22,151,156,73,68
2024-05-01,4,44,378,359,19,293,269,66,90
2024-05-01,4,45,116,115,1,95,101,20,14
2024-05-01,4,47,31,31,0,4,11,27,20
2024-05-01,4,49,31,31,0,13,13,18,18
2024-05-01,4,51,119,119,0,95,94,24,25
2024-05-01,4,52,116,114,2,99,92,15,22
2024-05-01,4,53,134,129,5,120,120,9,9
2024-05-01,4,54,139,135,4,96,97,39,38
2024-05-01,4,59,27,26,1,14,13,12,13
2024-05-01,4,61,17,17,0,15,15,2,2
2024-05-01,4,62,120,116,4,93,90,23,26
2024-05-01,4,63,10,9,1,8,8,1,1
2024-05-01,4,64,64,61,3,43,41,18,20
2024-05-01,4,65,152,148,4,90,94,58,54
2024-05-01,4,67,98,94,4,81,87,13,7
2024-05-01,4,68,31,30,1,27,27,3,3
2024-05-01,4,69,14,13,1,10,11,3,2
2024-05-01,4,70,13,13,0,11,13,2,0
2024-05-01,4,72,35,30,5,21,21,9,9
2024-05-01,4,74,246,226,20,172,172,54,54
2024-05-01,4,76,120,120,0,97,95,23,25
2024-05-01,4,78,118,115,3,82,80,33,35
2024-05-01,4,79,99,95,4,76,79,19,16
2024-05-01,4,80,112,112,0,88,91,24,21
2024-05-01,4,81,54,52,2,37,29,15,23
2024-05-01,4,85,112,112,0,78,84,34,28
2024-05-01,4,87,85,83,2,68,62,15,21
2024-05-01,4,88,54,52,2,45,41,7,11
2024-05-01,4,89,105,103,2,84,66,19,37
2024-05-01,4,92,90,90,0,61,63,29,27
2024-05-01,4,93,32,32,0,24,21,8,11
2024-05-01,4,94,64,62,2,46,43,16,19
2024-05-01,4,95,153,152,1,111,111,41,41
2024-05-01,4,97,105,103,2,88,88,15,15
2024-05-01,4,98,147,147,0,120,115,27,32
2024-05-01,4,100,147,146,1,88,73,58,73
2024-05-01,4,101,143,137,6,128,129,9,8
2024-05-01,4,102,116,116,0,97,93,19,23
2024-05-01,4,103,17,17,0,12,17,5,0
2024-05-01,4,104,201,197,4,165,166,32,31
2024-05-01,4,108,112,112,0,91,95,21,17
2024-05-01,4,110,57,55,2,49,49,6,6
2024-05-01,4,113,378,363,15,302,304,61,59
2024-05-01,4,114,116,116,0,90,95,26,21
2024-05-01,4,116,116,114,2,94,99,20,15
2024-05-01,4,119,9,7,2,6,6,1,1
2024-05-01,4,120,31,30,1,27,26,3,4
2024-05-01,4,123,116,116,0,95,96,21,20
2024-05-01,4,125,116,115,1,98,105,17,10
2024-05-01,4,126,136,136,0,94,95,42,41
2024-05-01,4,127,149,142,7,136,135,6,7
2024-05-01,4,128,116,114,2,105,107,9,7
2024-05-01,5,2,31,30,1,29,29,1,1
2024-05-01,5,7,62,62,0,52,48,10,14
2024-05-01,5,9,153,152,1,137,134,15,18
2024-05-01,5,10,31,31,0,26,28,5,3
2024-05-01,5,11,85,84,1,67,59,17,25
2024-05-01,5,16,31,30,1,29,29,1,1
2024-05-01,5,17,9,8,1,7,7,1,1
2024-05-01,5,26,58,58,0,48,46,10,12
2024-05-01,5,32,152,152,0,129,125,23,27
2024-05-01,5,36,9,9,0,8,8,1,1
2024-05-01,5,39,13,12,1,11,11,1,1
2024-05-01,5,43,31,31,0,23,22,8,9
2024-05-01,5,45,93,93,0,67,57,26,36
2024-05-01,5,51,34,34,0,31,30,3,4
2024-05-01,5,52,132,129,3,94,87,35,42
2024-05-01,5,57,31,31,0,24,20,7,11
2024-05-01,5,58,30,30,0,28,29,2,1
2024-05-01,5,62,31,31,0,29,30,2,1
2024-05-01,5,70,62,62,0,56,56,6,6
2024-05-01,5,72,58,58,0,51,49,7,9
2024-05-01,5,74,31,31,0,24,22,7,9
2024-05-01,5,76,34,34,0,34,34,0,0
2024-05-01,5,77,31,31,0,27,24,4,7
2024-05-01,5,78,31,31,0,27,28,4,3
2024-05-01,5,80,93,93,0,70,66,23,27
2024-05-01,5,84,211,208,3,182,167,26,41
2024-05-01,5,85,93,93,0,58,53,35,40
2024-05-01,5,101,153,152,1,136,131,16,21
2024-05-01,5,102,54,54,0,42,37,12,17
2024-05-01,5,107,31,31,0,26,26,5,5
2024-05-01,5,108,85,84,1,69,72,15,12
2024-05-01,5,111,152,152,0,131,123,21,29
2024-05-01,5,114,92,92,0,70,73,22,19
2024-05-01,5,116,135,132,3,89,92,43,40
2024-05-01,5,117,30,30,0,28,27,2,3
2024-05-01,5,121,211,208,3,168,170,40,38
2024-05-01,5,123,55,55,0,41,41,14,14
2024-05-01,5,125,94,94,0,69,71,25,23
2024-05-01,5,127,13,12,1,11,11,1,1
2024-05-01,5,128,94,94,0,70,61,24,33
2024-05-01,6,1,14,14,0,8,7,6,7
2024-05-01,6,2,131,124,7,106,110,18,14
2024-05-01,6,4,18,18,0,16,16,2,2
2024-05-01,6,6,31,31,0,21,19,10,12
2024-05-01,6,7,253,249,4,207,201,42,48
2024-05-01,6,8,38,38,0,19,31,19,7
2024-05-01,6,10,180,176,4,150,128,26,48
2024-05-01,6,12,14,14,0,7,7,7,7
2024-05-01,6,15,40,40,0,35,34,5,6
2024-05-01,6,16,131,126,5,112,115,14,11
2024-05-01,6,17,173,172,1,143,129,29,43
2024-05-01,6,18,112,112,0,76,85,36,27
2024-05-01,6,19,43,43,0,29,26,14,17
2024-05-01,6,20,27,27,0,20,20,7,7
2024-05-01,6,21,36,34,2,23,21,11,13
2024-05-01,6,22,31,31,0,26,26,5,5
2024-05-01,6,23,40,39,1,28,27,11,12
2024-05-01,6,24,12,12,0,11,12,1,0
2024-05-01,6,25,139,139,0,96,96,43,43
2024-05-01,6,26,396,390,6,311,313,79,77
2024-05-01,6,27,14,14,0,10,9,4,5
2024-05-01,6,28,85,84,1,65,62,19,22
2024-05-01,6,29,113,113,0,79,103,34,10
2024-05-01,6,30,31,31,0,19,19,12,12
2024-05-01,6,31,169,169,0,127,105,42,64
2024-05-01,6,32,491,476,15,389,367,87,109
2024-05-01,6,33,143,143,0,103,90,40,53
2024-05-01,6,34,45,45,0,38,36,7,9
2024-05-01,6,36,173,172,1,113,143,59,29
2024-05-01,6,37,62,62,0,40,50,22,12
2024-05-01,6,38,79,79,0,64,67,15,12
2024-05-01,6,40,18,18,0,16,17,2,1
2024-05-01,6,41,112,112,0,82,76,30,36
2024-05-01,6,42,31,31,0,24,21,7,10
2024-05-01,6,43,133,133,0,105,101,28,32
2024-05-01,6,44,262,246,16,202,192,44,54
2024-05-01,6,47,42,42,0,19,33,23,9
2024-05-01,6,48,32,32,0,18,23,14,9
2024-05-01,6,53,27,27,0,19,23,8,4
2024-05-01,6,54,35,33,2,23,25,10,8
2024-05-01,6,55,31,31,0,18,17,13,14
2024-05-01,6,56,31,31,0,23,23,8,8
2024-05-01,6,57,225,225,0,150,174,75,51
2024-05-01,6,58,296,292,4,223,210,69,82
2024-05-01,6,59,31,31,0,23,25,8,6
2024-05-01,6,60,17,17,0,8,9,9,8
2024-05-01,6,61,40,39,1,24,23,15,16
2024-05-01,6,62,119,119,0,93,94,26,25
2024-05-01,6,63,69,69,0,50,48,19,21
2024-05-01,6,64,81,78,3,59,60,19,18
2024-05-01,6,65,65,65,0,60,59,5,6
2024-05-01,6,66,12,12,0,11,11,1,1
2024-05-01,6,67,92,92,0,71,73,21,19
2024-05-01,6,68,23,23,0,20,16,3,7
2024-05-01,6,69,139,139,0,106,111,33,28
2024-05-01,6,70,254,251,3,206,204,45,47
2024-05-01,6,72,395,391,4,328,304,63,87
2024-05-01,6,73,62,62,0,56,48,6,14
2024-05-01,6,74,133,133,0,114,110,19,23
2024-05-01,6,75,33,33,0,26,25,7,8
2024-05-01,6,77,224,224,0,189,182,35,42
2024-05-01,6,78,120,120,0,95,86,25,34
2024-05-01,6,79,92,92,0,77,74,15,18
2024-05-01,6,81,44,43,1,38,34,5,9
2024-05-01,6,82,200,199,1,154,177,45,22
2024-05-01,6,83,62,62,0,51,50,11,12
2024-05-01,6,84,774,725,49,626,545,99,180
2024-05-01,6,86,14,14,0,10,11,4,3
2024-05-01,6,87,85,84,1,71,68,13,16
2024-05-01,6,88,44,43,1,32,34,11,9
2024-05-01,6,89,43,42,1,32,28,10,14
2024-05-01,6,90,38,38,0,36,22,2,16
2024-05-01,6,91,114,114,0,97,91,17,23
2024-05-01,6,92,45,45,0,39,40,6,5
2024-05-01,6,94,80,78,2,72,67,6,11
2024-05-01,6,95,65,65,0,63,56,2,9
2024-05-01,6,96,219,218,1,193,162,25,56
2024-05-01,6,97,43,43,0,42,40,1,3
2024-05-01,6,98,37,36,1,34,32,2,4
2024-05-01,6,99,134,134,0,100,105,34,29
2024-05-01,6,100,37,36,1,20,16,16,20
2024-05-01,6,103,31,31,0,16,19,15,12
2024-05-01,6,104,169,169,0,123,121,46,48
2024-05-01,6,105,62,62,0,48,53,14,9
2024-05-01,6,106,62,62,0,46,36,16,26
2024-05-01,6,107,180,176,4,142,145,34,31
2024-05-01,6,110,40,40,0,37,36,3,4
2024-05-01,6,111,488,471,17,396,386,75,85
2024-05-01,6,112,79,79,0,67,67,12,12
2024-05-01,6,113,262,245,17,195,209,50,36
2024-05-01,6,117,296,294,2,236,228,58,66
2024-05-01,6,118,17,17,0,15,13,2,4
2024-05-01,6,119,69,69,0,57,54,12,15
2024-05-01,6,120,23,23,0,18,20,5,3
2024-05-01,6,121,764,716,48,555,561,161,155
2024-05-01,6,122,146,146,0,101,128,45,18
2024-05-01,6,124,62,62,0,49,48,13,14
2024-05-01,6,126,143,143,0,89,109,54,34
2024-05-01,7,8,35,32,3,10,20,22,12
2024-05-01,7,34,9,9,0,2,7,7,2
2024-05-01,7,49,26,25,1,15,12,10,13
2024-05-01,7,64,29,27,2,21,21,6,6
2024-05-01,7,65,16,15,1,12,12,3,3
2024-05-01,7,89,15,15,0,13,13,2,2
2024-05-01,7,90,35,32,3,25,17,7,15
2024-05-01,7,92,9,9,0,7,8,2,1
2024-05-01,7,93,26,25,1,15,15,10,10
2024-05-01,7,94,29,27,2,23,20,4,7
2024-05-01,7,95,16,15,1,12,11,3,4
2024-05-01,7,97,15,15,0,13,13,2,2
2024-05-01,7,98,24,22,2,20,20,2,2
2024-05-01,7,100,24,22,2,11,14,11,8
2024-06-01,2,2,36,36,0,29,28,7,8
2024-06-01,2,6,27,27,0,26,25,1,2
2024-06-01,2,7,111,109,2,76,78,33,31
2024-06-01,2,8,30,28,2,24,21,4,7
2024-06-01,2,10,140,129,11,93,96,36,33
2024-06-01,2,15,57,57,0,44,45,13,12
2024-06-01,2,16,35,35,0,19,23,16,12
2024-06-01,2,17,95,95,0,76,78,19,17
2024-06-01,2,18,29,29,0,26,27,3,2
2024-06-01,2,19,24,24,0,23,21,1,3
2024-06-01,2,23,25,25,0,21,19,4,6
2024-06-01,2,24,23,23,0,18,20,5,3
2024-06-01,2,25,31,30,1,17,12,13,18
2024-06-01,2,26,170,166,4,99,103,67,63
2024-06-01,2,28,49,49,0,39,37,10,12
2024-06-01,2,29,23,23,0,8,13,15,10
2024-06-01,2,30,23,23,0,18,15,5,8
2024-06-01,2,32,173,166,7,138,142,28,24
2024-06-01,2,33,55,55,0,43,38,12,17
2024-06-01,2,36,95,95,0,77,80,18,15
2024-06-01,2,37,71,70,1,48,52,22,18
2024-06-01,2,38,92,91,1,60,65,31,26
2024-06-01,2,41,30,30,0,27,25,3,5
2024-06-01,2,42,23,23,0,16,15,7,8
2024-06-01,2,43,22,22,0,13,15,9,7
2024-06-01,2,47,24,24,0,19,21,5,3
2024-06-01,2,48,26,24,2,20,22,4,2
2024-06-01,2,55,27,27,0,24,23,3,4
2024-06-01,2,56,23,23,0,15,16,8,7
2024-06-01,2,57,179,178,1,134,132,44,46
2024-06-01,2,58,233,229,4,192,196,37,33
2024-06-01,2,60,15,15,0,9,8,6,7
2024-06-01,2,61,24,24,0,17,19,7,5
2024-06-01,2,62,118,118,0,74,80,44,38
2024-06-01,2,63,64,62,2,51,52,11,10
2024-06-01,2,66,24,23,1,14,12,9,11
2024-06-01,2,67,66,63,3,30,35,33,28
2024-06-01,2,68,30,29,1,16,18,13,11
2024-06-01,2,69,31,30,1,12,16,18,14
2024-06-01,2,70,111,109,2,76,80,33,29
2024-06-01,2,72,170,167,3,104,95,63,72
2024-06-01,2,73,71,71,0,49,46,22,25
2024-06-01,2,74,22,22,0,14,16,8,6
2024-06-01,2,75,25,24,1,22,19,2,5
2024-06-01,2,77,179,178,1,120,126,58,52
2024-06-01,2,78,118,118,0,78,79,40,39
2024-06-01,2,79,65,63,2,32,32,31,31
2024-06-01,2,81,52,52,0,42,41,10,11
2024-06-01,2,82,65,63,2,45,45,18,18
2024-06-01,2,83,71,70,1,63,58,7,12
2024-06-01,2,84,433,411,22,291,316,120,95
2024-06-01,2,87,50,50,0,34,34,16,16
2024-06-01,2,88,54,53,1,38,39,15,14
2024-06-01,2,90,30,28,2,21,23,7,5
2024-06-01,2,91,24,24,0,8,14,16,10
2024-06-01,2,96,66,62,4,39,49,23,13
2024-06-01,2,99,54,51,3,15,24,36,27
2024-06-01,2,103,23,23,0,13,14,10,9
2024-06-01,2,105,72,71,1,48,53,23,18
2024-06-01,2,106,62,60,2,44,41,16,19
2024-06-01,2,107,139,130,9,95,93,35,37
2024-06-01,2,110,57,57,0,50,50,7,7
2024-06-01,2,111,172,165,7,127,131,38,34
2024-06-01,2,112,92,91,1,66,59,25,32
2024-06-01,2,117,233,229,4,189,188,40,41
2024-06-01,2,118,15,15,0,13,11,2,4
2024-06-01,2,119,63,63,0,53,50,10,13
2024-06-01,2,120,29,29,0,22,21,7,8
2024-06-01,2,121,431,410,21,305,306,105,104
2024-06-01,2,122,52,51,1,32,30,19,21
2024-06-01,2,124,62,61,1,50,51,11,10
2024-06-01,2,126,55,55,0,34,36,21,19
2024-06-01,3,7,252,249,3,200,208,49,41
2024-06-01,3,8,89,88,1,77,79,11,9
2024-06-01,3,10,232,229,3,191,200,38,29
2024-06-01,3,17,73,73,0,60,56,13,17
2024-06-01,3,19,21,21,0,15,14,6,7
2024-06-01,3,25,102,102,0,84,81,18,21
2024-06-01,3,26,366,356,10,282,281,74,75
2024-06-01,3,27,45,45,0,37,37,8,8
2024-06-01,3,29,148,146,2,127,101,19,45
2024-06-01,3,32,516,503,13,430,418,73,85
2024-06-01,3,33,25,25,0,22,21,3,4
2024-06-01,3,36,72,72,0,55,59,17,13
2024-06-01,3,37,30,30,0,14,20,16,10
2024-06-01,3,38,43,43,0,24,26,19,17
2024-06-01,3,44,45,43,2,39,36,4,7
2024-06-01,3,47,20,20,0,12,15,8,5
2024-06-01,3,48,30,30,0,17,22,13,8
2024-06-01,3,57,34,34,0,20,26,14,8
2024-06-01,3,58,90,90,0,73,73,17,17
2024-06-01,3,60,30,30,0,16,19,14,11
2024-06-01,3,63,72,71,1,62,62,9,9
2024-06-01,3,64,17,16,1,12,12,4,4
2024-06-01,3,65,4,4,0,4,4,0,0
2024-06-01,3,69,103,103,0,78,83,25,20
2024-06-01,3,70,252,248,4,198,197,50,51
2024-06-01,3,72,366,357,9,283,286,74,71
2024-06-01,3,73,30,30,0,19,15,11,15
2024-06-01,3,75,30,30,0,20,22,10,8
2024-06-01,3,77,34,34,0,28,31,6,3
2024-06-01,3,82,196,190,6,149,128,41,62
2024-06-01,3,83,31,31,0,28,23,3,8
2024-06-01,3,84,897,824,73,689,655,135,169
2024-06-01,3,86,45,44,1,32,34,12,10
2024-06-01,3,89,16,16,0,15,15,1,1
2024-06-01,3,90,89,88,1,74,74,14,14
2024-06-01,3,91,148,146,2,114,126,32,20
2024-06-01,3,94,17,16,1,14,14,2,2
2024-06-01,3,95,4,4,0,4,4,0,0
2024-06-01,3,96,196,190,6,150,161,40,29
2024-06-01,3,97,16,16,0,15,15,1,1
2024-06-01,3,99,195,190,5,128,142,62,48
2024-06-01,3,105,31,31,0,18,20,13,11
2024-06-01,3,106,55,55,0,44,46,11,9
2024-06-01,3,107,232,230,2,194,188,36,42
2024-06-01,3,111,520,506,14,411,384,95,122
2024-06-01,3,112,43,43,0,31,26,12,17
2024-06-01,3,113,45,43,2,40,38,3,5
2024-06-01,3,117,89,89,0,63,69,26,20
2024-06-01,3,118,29,29,0,25,18,4,11
2024-06-01,3,119,72,72,0,53,56,19,16
2024-06-01,3,121,898,826,72,685,676,141,150
2024-06-01,3,122,195,190,5,138,136,52,54
2024-06-01,3,124,54,54,0,40,42,14,12
2024-06-01,3,126,24,24,0,19,20,5,4
2024-06-01,4,1,44,44,0,39,38,5,6
2024-06-01,4,2,149,148,1,119,122,29,26
2024-06-01,4,4,80,78,2,69,69,9,9
2024-06-01,4,7,13,13,0,11,13,2,0
2024-06-01,4,9,135,133,2,122,124,11,9
2024-06-01,4,11,105,104,1,80,73,24,31
2024-06-01,4,12,44,44,0,38,36,6,8
2024-06-01,4,15,54,53,1,45,44,8,9
2024-06-01,4,16,149,147,2,115,111,32,36
2024-06-01,4,17,97,96,1,53,43,43,53
2024-06-01,4,18,147,145,2,111,112,34,33
2024-06-01,4,19,27,27,0,18,10,9,17
2024-06-01,4,20,125,120,5,106,103,14,17
2024-06-01,4,21,130,126,4,99,89,27,37
2024-06-01,4,22,25,24,1,20,16,4,8
2024-06-01,4,23,18,18,0,12,15,6,3
2024-06-01,4,25,8,8,0,8,8,0,0
2024-06-01,4,26,33,30,3,14,11,16,19
2024-06-01,4,27,5,5,0,5,5,0,0
2024-06-01,4,28,80,80,0,62,61,18,19
2024-06-01,4,30,18,18,0,13,14,5,4
2024-06-01,4,31,180,174,6,135,141,39,33
2024-06-01,4,33,134,133,1,96,88,37,45
2024-06-01,4,34,85,81,4,60,55,21,26
2024-06-01,4,36,97,96,1,46,48,50,48
2024-06-01,4,39,139,129,10,120,122,9,7
2024-06-01,4,40,80,78,2,67,66,11,12
2024-06-01,4,41,148,145,3,107,105,38,40
2024-06-01,4,43,223,206,17,143,147,63,59
2024-06-01,4,44,356,328,28,256,260,72,68
2024-06-01,4,45,110,108,2,76,84,32,24
2024-06-01,4,47,28,28,0,8,8,20,20
2024-06-01,4,49,48,43,5,25,22,18,21
2024-06-01,4,51,114,112,2,96,92,16,20
2024-06-01,4,52,110,104,6,82,79,22,25
2024-06-01,4,53,125,119,6,97,102,22,17
2024-06-01,4,54,130,127,3,100,96,27,31
2024-06-01,4,59,25,23,2,17,15,6,8
2024-06-01,4,61,18,18,0,14,14,4,4
2024-06-01,4,62,115,107,8,75,79,32,28
2024-06-01,4,63,8,7,1,5,6,2,1
2024-06-01,4,64,66,56,10,41,36,15,20
2024-06-01,4,65,138,137,1,89,84,48,53
2024-06-01,4,67,94,81,13,68,69,13,12
2024-06-01,4,68,30,28,2,23,23,5,5
2024-06-01,4,69,12,11,1,10,10,1,1
2024-06-01,4,70,13,12,1,12,12,0,0
2024-06-01,4,72,33,30,3,20,18,10,12
2024-06-01,4,74,222,204,18,134,137,70,67
2024-06-01,4,76,114,113,1,95,96,18,17
2024-06-01,4,78,115,107,8,70,66,37,41
2024-06-01,4,79,94,82,12,70,67,12,15
2024-06-01,4,80,104,104,0,86,81,18,23
2024-06-01,4,81,50,48,2,34,31,14,17
2024-06-01,4,85,104,104,0,75,81,29,23
2024-06-01,4,86,5,5,0,3,3,2,2
2024-06-01,4,87,80,78,2,68,63,10,15
2024-06-01,4,88,50,49,1,42,39,7,10
2024-06-01,4,89,94,91,3,72,54,19,37
2024-06-01,4,92,85,83,2,56,66,27,17
2024-06-01,4,93,48,44,4,32,29,12,15
2024-06-01,4,94,66,56,10,42,40,14,16
2024-06-01,4,95,139,138,1,96,101,42,37
2024-06-01,4,97,94,92,2,77,76,15,16
2024-06-01,4,98,137,134,3,115,110,19,24
2024-06-01,4,100,134,131,3,97,87,34,44
2024-06-01,4,101,135,133,2,123,123,10,10
2024-06-01,4,102,109,106,3,89,87,17,19
2024-06-01,4,103,18,18,0,14,17,4,1
2024-06-01,4,104,180,173,7,143,142,30,31
2024-06-01,4,108,105,104,1,89,87,15,17
2024-06-01,4,110,54,54,0,50,49,4,5
2024-06-01,4,113,356,335,21,278,276,57,59
2024-06-01,4,114,110,109,1,75,83,34,26
2024-06-01,4,116,110,104,6,86,90,18,14
2024-06-01,4,119,8,7,1,5,4,2,3
2024-06-01,4,120,30,28,2,20,19,8,9
2024-06-01,4,123,109,106,3,86,89,20,17
2024-06-01,4,125,110,107,3,91,99,16,8
2024-06-01,4,126,133,131,2,88,89,43,42
2024-06-01,4,127,139,127,12,106,107,21,20
2024-06-01,4,128,110,107,3,93,96,14,11
2024-06-01,5,2,30,30,0,27,29,3,1
2024-06-01,5,7,60,60,0,55,55,5,5
2024-06-01,5,9,134,132,2,115,113,17,19
2024-06-01,5,10,30,30,0,21,23,9,7
2024-06-01,5,11,79,79,0,65,62,14,17
2024-06-01,5,16,30,30,0,29,29,1,1
2024-06-01,5,17,8,8,0,7,6,1,2
2024-06-01,5,26,55,55,0,43,44,12,11
2024-06-01,5,32,149,149,0,125,120,24,29
2024-06-01,5,36,8,8,0,8,7,0,1
2024-06-01,5,39,13,13,0,11,11,2,2
2024-06-01,5,43,30,30,0,24,23,6,7
2024-06-01,5,45,90,90,0,76,74,14,16
2024-06-01,5,51,36,36,0,23,22,13,14
2024-06-01,5,52,123,118,5,73,70,45,48
2024-06-01,5,57,30,30,0,22,20,8,10
2024-06-01,5,58,25,24,1,17,18,7,6
2024-06-01,5,62,30,30,0,26,25,4,5
2024-06-01,5,70,60,60,0,51,49,9,11
2024-06-01,5,72,55,55,0,49,47,6,8
2024-06-01,5,74,30,30,0,25,23,5,7
2024-06-01,5,76,37,37,0,27,27,10,10
2024-06-01,5,77,30,30,0,26,24,4,6
2024-06-01,5,78,30,30,0,25,25,5,5
2024-06-01,5,80,90,90,0,74,72,16,18
2024-06-01,5,84,196,192,4,170,167,22,25
2024-06-01,5,85,90,90,0,63,57,27,33
2024-06-01,5,101,134,132,2,116,114,16,18
2024-06-01,5,102,50,50,0,35,32,15,18
2024-06-01,5,107,30,30,0,21,18,9,12
2024-06-01,5,108,80,80,0,62,61,18,19
2024-06-01,5,111,150,149,1,129,121,20,28
2024-06-01,5,114,91,91,0,75,81,16,10
2024-06-01,5,116,127,123,4,65,71,58,52
2024-06-01,5,117,25,24,1,18,18,6,6
2024-06-01,5,121,196,192,4,156,155,36,37
2024-06-01,5,123,49,49,0,35,36,14,13
2024-06-01,5,125,92,92,0,72,79,20,13
2024-06-01,5,127,13,13,0,11,11,2,2
2024-06-01,5,128,92,92,0,77,71,15,21
2024-06-01,6,1,12,12,0,8,7,4,5
2024-06-01,6,2,117,117,0,101,108,16,9
2024-06-01,6,4,16,16,0,14,15,2,1
2024-06-01,6,6,30,30,0,25,27,5,3
2024-06-01,6,7,229,228,1,179,176,49,52
2024-06-01,6,8,30,29,1,20,18,9,11
2024-06-01,6,10,163,160,3,137,124,23,36
2024-06-01,6,12,12,12,0,5,3,7,9
2024-06-01,6,15,41,40,1,35,34,5,6
2024-06-01,6,16,117,117,0,100,99,17,18
2024-06-01,6,17,165,165,0,124,123,41,42
2024-06-01,6,18,104,102,2,73,80,29,22
2024-06-01,6,19,57,55,2,43,40,12,15
2024-06-01,6,20,25,25,0,12,14,13,11
2024-06-01,6,21,34,34,0,23,21,11,13
2024-06-01,6,22,34,34,0,29,26,5,8
2024-06-01,6,23,43,43,0,38,38,5,5
2024-06-01,6,24,15,15,0,14,13,1,2
2024-06-01,6,25,131,130,1,87,84,43,46
2024-06-01,6,26,361,358,3,264,250,94,108
2024-06-01,6,27,12,12,0,8,6,4,6
2024-06-01,6,28,80,80,0,52,40,28,40
2024-06-01,6,29,114,112,2,84,78,28,34
2024-06-01,6,30,34,34,0,28,25,6,9
2024-06-01,6,31,155,154,1,97,72,57,82
2024-06-01,6,32,430,419,11,338,311,81,108
2024-06-01,6,33,134,134,0,97,88,37,46
2024-06-01,6,34,39,38,1,25,28,13,10
2024-06-01,6,36,165,165,0,103,128,62,37
2024-06-01,6,37,74,74,0,40,42,34,32
2024-06-01,6,38,74,73,1,53,52,20,21
2024-06-01,6,40,16,16,0,15,16,1,0
2024-06-01,6,41,104,101,3,67,72,34,29
2024-06-01,6,42,30,30,0,19,19,11,11
2024-06-01,6,43,123,123,0,78,79,45,44
2024-06-01,6,44,239,230,9,173,175,57,55
2024-06-01,6,47,58,56,2,30,42,26,14
2024-06-01,6,48,31,31,0,16,17,15,14
2024-06-01,6,53,25,25,0,16,18,9,7
2024-06-01,6,54,34,34,0,22,24,12,10
2024-06-01,6,55,30,30,0,16,14,14,16
2024-06-01,6,56,30,30,0,18,17,12,13
2024-06-01,6,57,222,222,0,142,151,80,71
2024-06-01,6,58,293,290,3,213,211,77,79
2024-06-01,6,59,34,34,0,23,27,11,7
2024-06-01,6,60,16,16,0,10,10,6,6
2024-06-01,6,61,43,43,0,32,34,11,9
2024-06-01,6,62,117,117,0,97,98,20,19
2024-06-01,6,63,66,66,0,55,55,11,11
2024-06-01,6,64,73,70,3,46,45,24,25
2024-06-01,6,65,59,57,2,49,44,8,13
2024-06-01,6,66,15,15,0,10,12,5,3
2024-06-01,6,67,89,86,3,68,73,18,13
2024-06-01,6,68,29,28,1,21,19,7,9
2024-06-01,6,69,131,129,2,89,97,40,32
2024-06-01,6,70,229,228,1,183,181,45,47
2024-06-01,6,72,365,363,2,298,269,65,94
2024-06-01,6,73,74,74,0,67,60,7,14
2024-06-01,6,74,123,123,0,94,87,29,36
2024-06-01,6,75,31,31,0,26,25,5,6
2024-06-01,6,77,222,222,0,177,177,45,45
2024-06-01,6,78,117,117,0,93,90,24,27
2024-06-01,6,79,90,88,2,68,70,20,18
2024-06-01,6,81,43,43,0,34,30,9,13
2024-06-01,6,82,185,180,5,137,130,43,50
2024-06-01,6,83,65,65,0,56,54,9,11
2024-06-01,6,84,694,660,34,557,511,103,149
2024-06-01,6,86,12,12,0,7,7,5,5
2024-06-01,6,87,80,80,0,56,51,24,29
2024-06-01,6,88,43,43,0,30,27,13,16
2024-06-01,6,89,38,38,0,32,30,6,8
2024-06-01,6,90,30,30,0,25,21,5,9
2024-06-01,6,91,116,115,1,76,101,39,14
2024-06-01,6,92,38,38,0,31,33,7,5
2024-06-01,6,94,74,71,3,59,56,12,15
2024-06-01,6,95,59,57,2,54,47,3,10
2024-06-01,6,96,198,194,4,165,159,29,35
2024-06-01,6,97,38,38,0,34,34,4,4
2024-06-01,6,98,34,33,1,27,28,6,5
2024-06-01,6,99,127,121,6,81,104,40,17
2024-06-01,6,100,34,33,1,23,22,10,11
2024-06-01,6,103,35,34,1,21,22,13,12
2024-06-01,6,104,155,153,2,84,83,69,70
2024-06-01,6,105,65,65,0,50,54,15,11
2024-06-01,6,106,62,62,0,45,35,17,27
2024-06-01,6,107,163,159,4,140,123,19,36
2024-06-01,6,110,40,40,0,38,36,2,4
2024-06-01,6,111,425,412,13,349,341,63,71
2024-06-01,6,112,74,74,0,63,62,11,12
2024-06-01,6,113,239,230,9,177,185,53,45
2024-06-01,6,117,293,290,3,239,217,51,73
2024-06-01,6,118,16,16,0,15,11,1,5
2024-06-01,6,119,66,66,0,58,54,8,12
2024-06-01,6,120,29,28,1,17,21,11,7
2024-06-01,6,121,683,651,32,541,506,110,145
2024-06-01,6,122,140,136,4,116,100,20,36
2024-06-01,6,124,62,62,0,47,46,15,16
2024-06-01,6,126,134,134,0,82,99,52,35
2024-06-01,7,8,35,31,4,18,17,13,14
2024-06-01,7,34,11,10,1,0,4,10,6
2024-06-01,7,49,30,27,3,18,19,9,8
2024-06-01,7,64,24,23,1,20,20,3,3
2024-06-01,7,65,17,16,1,13,13,3,3
2024-06-01,7,89,15,14,1,11,13,3,1
2024-06-01,7,90,35,31,4,20,23,11,8
2024-06-01,7,92,11,10,1,5,8,5,2
2024-06-01,7,93,30,27,3,18,17,9,10
2024-06-01,7,94,24,23,1,22,22,1,1
2024-06-01,7,95,17,16,1,14,12,2,4
2024-06-01,7,97,15,14,1,13,13,1,1
2024-06-01,7,98,20,20,0,17,16,3,4
2024-06-01,7,100,20,20,0,10,8,10,12
2024-07-01,2,2,35,34,1,25,24,9,10
2024-07-01,2,6,31,30,1,27,24,3,6
2024-07-01,2,7,105,101,4,67,60,34,41
2024-07-01,2,8,31,29,2,24,22,5,7
2024-07-01,2,10,143,131,12,87,80,44,51
2024-07-01,2,15,83,80,3,52,54,28,26
2024-07-01,2,16,35,34,1,15,23,19,11
2024-07-01,2,17,99,98,1,74,68,24,30
2024-07-01,2,18,31,31,0,23,25,8,6
2024-07-01,2,19,31,30,1,28,21,2,9
2024-07-01,2,23,25,25,0,18,19,7,6
2024-07-01,2,24,24,24,0,15,19,9,5
2024-07-01,2,25,31,30,1,14,13,16,17
2024-07-01,2,26,170,156,14,74,85,82,71
2024-07-01,2,28,59,58,1,39,37,19,21
2024-07-01,2,29,29,27,2,8,19,19,8
2024-07-01,2,30,31,31,0,21,18,10,13
2024-07-01,2,32,209,200,9,137,134,63,66
2024-07-01,2,33,63,61,2,42,34,19,27
2024-07-01,2,36,99,98,1,71,79,27,19
2024-07-01,2,37,120,118,2,63,70,55,48
2024-07-01,2,38,124,122,2,88,97,34,25
2024-07-01,2,41,32,31,1,24,24,7,7
2024-07-01,2,42,18,17,1,10,10,7,7
2024-07-01,2,43,31,31,0,20,21,11,10
2024-07-01,2,47,30,29,1,16,20,13,9
2024-07-01,2,48,31,29,2,20,22,9,7
2024-07-01,2,55,31,30,1,28,28,2,2
2024-07-01,2,56,16,16,0,11,13,5,3
2024-07-01,2,57,241,227,14,154,159,73,68
2024-07-01,2,58,289,276,13,225,226,51,50
2024-07-01,2,60,20,20,0,8,10,12,10
2024-07-01,2,61,26,26,0,16,18,10,8
2024-07-01,2,62,168,164,4,97,101,67,63
2024-07-01,2,63,74,73,1,44,47,29,26
2024-07-01,2,66,25,24,1,14,11,10,13
2024-07-01,2,67,83,81,2,36,40,45,41
2024-07-01,2,68,46,45,1,25,25,20,20
2024-07-01,2,69,31,30,1,13,12,17,18
2024-07-01,2,70,105,102,3,71,72,31,30
2024-07-01,2,72,170,159,11,73,65,86,94
2024-07-01,2,73,120,119,1,65,72,54,47
2024-07-01,2,74,31,31,0,20,21,11,10
2024-07-01,2,75,31,29,2,23,24,6,5
2024-07-01,2,77,240,229,11,143,151,86,78
2024-07-01,2,78,167,164,3,114,110,50,54
2024-07-01,2,79,83,81,2,44,39,37,42
2024-07-01,2,81,62,61,1,43,44,18,17
2024-07-01,2,82,88,83,5,59,64,24,19
2024-07-01,2,83,80,80,0,56,56,24,24
2024-07-01,2,84,446,412,34,289,283,123,129
2024-07-01,2,87,59,58,1,39,41,19,17
2024-07-01,2,88,62,61,1,37,41,24,20
2024-07-01,2,90,31,29,2,20,24,9,5
2024-07-01,2,91,28,26,2,10,15,16,11
2024-07-01,2,96,89,83,6,51,62,32,21
2024-07-01,2,99,59,56,3,26,31,30,25
2024-07-01,2,103,32,32,0,15,15,17,17
2024-07-01,2,105,80,80,0,42,52,38,28
2024-07-01,2,106,91,85,6,59,61,26,24
2024-07-01,2,107,143,131,12,76,83,55,48
2024-07-01,2,110,82,80,2,62,63,18,17
2024-07-01,2,111,210,201,9,126,123,75,78
2024-07-01,2,112,124,123,1,81,76,42,47
2024-07-01,2,117,287,277,10,200,200,77,77
2024-07-01,2,118,19,19,0,14,13,5,6
2024-07-01,2,119,74,73,1,52,52,21,21
2024-07-01,2,120,46,45,1,27,31,18,14
2024-07-01,2,121,447,415,32,281,291,134,124
2024-07-01,2,122,59,57,2,32,38,25,19
2024-07-01,2,124,90,87,3,69,70,18,17
2024-07-01,2,126,63,61,2,28,29,33,32
2024-07-01,3,7,257,257,0,158,163,99,94
2024-07-01,3,8,94,94,0,79,78,15,16
2024-07-01,3,10,245,232,13,175,175,57,57
2024-07-01,3,17,71,71,0,52,47,19,24
2024-07-01,3,19,25,25,0,14,12,11,13
2024-07-01,3,25,112,111,1,84,82,27,29
2024-07-01,3,26,383,374,9,268,267,106,107
2024-07-01,3,27,50,50,0,43,44,7,6
2024-07-01,3,29,154,154,0,119,113,35,41
2024-07-01,3,32,554,539,15,411,403,128,136
2024-07-01,3,33,23,23,0,18,19,5,4
2024-07-01,3,36,71,71,0,41,50,30,21
2024-07-01,3,37,31,31,0,12,16,19,15
2024-07-01,3,38,45,45,0,27,28,18,17
2024-07-01,3,43,13,13,0,9,7,4,6
2024-07-01,3,44,46,44,2,36,34,8,10
2024-07-01,3,47,25,25,0,4,11,21,14
2024-07-01,3,48,31,31,0,12,18,19,13
2024-07-01,3,57,41,41,0,20,23,21,18
2024-07-01,3,58,103,103,0,72,75,31,28
2024-07-01,3,60,31,31,0,14,14,17,17
2024-07-01,3,63,75,75,0,62,61,13,14
2024-07-01,3,64,18,17,1,12,13,5,4
2024-07-01,3,65,5,5,0,5,5,0,0
2024-07-01,3,69,112,110,2,76,84,34,26
2024-07-01,3,70,257,256,1,172,156,84,100
2024-07-01,3,72,381,372,9,252,234,120,138
2024-07-01,3,73,31,31,0,20,14,11,17
2024-07-01,3,74,13,13,0,9,8,4,5
2024-07-01,3,75,31,31,0,16,21,15,10
2024-07-01,3,77,41,41,0,29,29,12,12
2024-07-01,3,82,209,205,4,143,130,62,75
2024-07-01,3,83,33,33,0,20,18,13,15
2024-07-01,3,84,943,842,101,666,582,176,260
2024-07-01,3,86,50,50,0,40,41,10,9
2024-07-01,3,89,20,20,0,18,18,2,2
2024-07-01,3,90,94,94,0,69,75,25,19
2024-07-01,3,91,155,155,0,122,132,33,23
2024-07-01,3,94,18,17,1,15,13,2,4
2024-07-01,3,95,5,5,0,5,5,0,0
2024-07-01,3,96,209,203,6,150,156,53,47
2024-07-01,3,97,20,20,0,20,20,0,0
2024-07-01,3,99,203,202,1,125,142,77,60
2024-07-01,3,105,33,33,0,6,14,27,19
2024-07-01,3,106,58,58,0,36,36,22,22
2024-07-01,3,107,244,235,9,174,180,61,55
2024-07-01,3,111,554,544,10,374,337,170,207
2024-07-01,3,112,45,45,0,36,30,9,15
2024-07-01,3,113,46,44,2,38,36,6,8
2024-07-01,3,117,103,103,0,74,81,29,22
2024-07-01,3,118,31,31,0,19,15,12,16
2024-07-01,3,119,75,75,0,55,60,20,15
2024-07-01,3,121,948,848,100,586,585,262,263
2024-07-01,3,122,202,201,1,120,135,81,66
2024-07-01,3,124,58,58,0,32,40,26,18
2024-07-01,3,126,23,23,0,15,18,8,5
2024-07-01,4,1,54,54,0,44,46,10,8
2024-07-01,4,2,152,151,1,127,129,24,22
2024-07-01,4,4,85,84,1,66,63,18,21
2024-07-01,4,6,9,9,0,6,7,3,2
2024-07-01,4,7,14,13,1,9,8,4,5
2024-07-01,4,9,143,140,3,135,132,5,8
2024-07-01,4,11,111,111,0,81,71,30,40
2024-07-01,4,12,54,54,0,46,45,8,9
2024-07-01,4,15,58,57,1,55,54,2,3
2024-07-01,4,16,152,151,1,125,128,26,23
2024-07-01,4,17,107,107,0,56,45,51,62
2024-07-01,4,18,149,148,1,108,113,40,35
2024-07-01,4,19,25,25,0,19,9,6,16
2024-07-01,4,20,140,134,6,118,112,16,22
2024-07-01,4,21,140,137,3,108,98,29,39
2024-07-01,4,22,26,26,0,18,14,8,12
2024-07-01,4,23,17,17,0,12,13,5,4
2024-07-01,4,25,8,8,0,7,6,1,2
2024-07-01,4,26,23,20,3,6,8,14,12
2024-07-01,4,27,4,4,0,4,4,0,0
2024-07-01,4,28,85,85,0,63,59,22,26
2024-07-01,4,30,17,17,0,8,13,9,4
2024-07-01,4,31,197,195,2,154,155,41,40
2024-07-01,4,33,159,159,0,118,96,41,63
2024-07-01,4,34,84,83,1,55,47,28,36
2024-07-01,4,36,107,106,1,52,57,54,49
2024-07-01,4,38,19,19,0,17,16,2,3
2024-07-01,4,39,146,145,1,120,129,25,16
2024-07-01,4,40,85,83,2,60,64,23,19
2024-07-01,4,41,149,146,3,96,91,50,55
2024-07-01,4,43,187,175,12,115,111,60,64
2024-07-01,4,44,382,351,31,279,269,72,82
2024-07-01,4,45,116,116,0,88,90,28,26
2024-07-01,4,47,27,27,0,8,9,19,18
2024-07-01,4,49,46,43,3,19,16,24,27
2024-07-01,4,51,120,118,2,83,81,35,37
2024-07-01,4,52,116,111,5,90,81,21,30
2024-07-01,4,53,140,134,6,112,120,22,14
2024-07-01,4,54,140,137,3,106,105,31,32
2024-07-01,4,55,9,9,0,5,5,4,4
2024-07-01,4,59,26,26,0,11,12,15,14
2024-07-01,4,61,17,17,0,12,13,5,4
2024-07-01,4,62,112,98,14,62,57,36,41
2024-07-01,4,63,10,10,0,9,9,1,1
2024-07-01,4,64,73,67,6,52,44,15,23
2024-07-01,4,65,153,146,7,95,88,51,58
2024-07-01,4,67,97,82,15,51,53,31,29
2024-07-01,4,68,25,24,1,21,21,3,3
2024-07-01,4,69,13,13,0,8,11,5,2
2024-07-01,4,70,14,14,0,11,12,3,2
2024-07-01,4,72,23,20,3,13,9,7,11
2024-07-01,4,74,187,174,13,123,123,51,51
2024-07-01,4,76,119,118,1,84,80,34,38
2024-07-01,4,78,112,100,12,54,51,46,49
2024-07-01,4,79,97,85,12,50,48,35,37
2024-07-01,4,80,112,108,4,72,67,36,41
2024-07-01,4,81,54,54,0,41,33,13,21
2024-07-01,4,85,112,108,4,65,72,43,36
2024-07-01,4,86,4,4,0,3,3,1,1
2024-07-01,4,87,85,84,1,65,59,19,25
2024-07-01,4,88,53,53,0,47,45,6,8
2024-07-01,4,89,105,103,2,80,59,23,44
2024-07-01,4,92,85,85,0,54,64,31,21
2024-07-01,4,93,48,45,3,31,23,14,22
2024-07-01,4,94,73,67,6,53,52,14,15
2024-07-01,4,95,154,150,4,114,122,36,28
2024-07-01,4,97,105,104,1,85,85,19,19
2024-07-01,4,98,151,148,3,114,119,34,29
2024-07-01,4,100,148,145,3,101,76,44,69
2024-07-01,4,101,143,140,3,130,130,10,10
2024-07-01,4,102,116,112,4,84,82,28,30
2024-07-01,4,103,17,17,0,9,12,8,5
2024-07-01,4,104,197,192,5,151,149,41,43
2024-07-01,4,108,111,111,0,80,84,31,27
2024-07-01,4,110,58,57,1,51,54,6,3
2024-07-01,4,112,19,19,0,14,14,5,5
2024-07-01,4,113,381,358,23,289,290,69,68
2024-07-01,4,114,116,116,0,74,85,42,31
2024-07-01,4,116,116,111,5,86,94,25,17
2024-07-01,4,119,10,9,1,9,9,0,0
2024-07-01,4,120,24,23,1,20,19,3,4
2024-07-01,4,123,116,111,5,87,92,24,19
2024-07-01,4,125,116,112,4,91,91,21,21
2024-07-01,4,126,159,159,0,95,105,64,54
2024-07-01,4,127,146,143,3,130,125,13,18
2024-07-01,4,128,116,110,6,83,88,27,22
2024-07-01,5,2,30,29,1,27,28,2,1
2024-07-01,5,7,62,60,2,51,46,9,14
2024-07-01,5,8,13,13,0,7,6,6,7
2024-07-01,5,9,158,150,8,104,100,46,50
2024-07-01,5,10,31,30,1,24,23,6,7
2024-07-01,5,11,85,84,1,63,55,21,29
2024-07-01,5,16,30,29,1,27,26,2,3
2024-07-01,5,17,10,9,1,6,5,3,4
2024-07-01,5,26,58,56,2,34,33,22,23
2024-07-01,5,32,155,150,5,120,115,30,35
2024-07-01,5,36,9,9,0,8,9,1,0
2024-07-01,5,39,13,13,0,11,11,2,2
2024-07-01,5,43,31,30,1,16,16,14,14
2024-07-01,5,45,92,90,2,62,55,28,35
2024-07-01,5,51,50,48,2,31,28,17,20
2024-07-01,5,52,128,122,6,72,61,50,61
2024-07-01,5,57,31,30,1,20,13,10,17
2024-07-01,5,58,28,27,1,19,22,8,5
2024-07-01,5,62,31,30,1,23,23,7,7
2024-07-01,5,70,62,60,2,50,45,10,15
2024-07-01,5,72,58,56,2,40,37,16,19
2024-07-01,5,74,31,30,1,15,16,15,14
2024-07-01,5,76,50,48,2,36,35,12,13
2024-07-01,5,77,31,30,1,26,21,4,9
2024-07-01,5,78,31,30,1,24,23,6,7
2024-07-01,5,80,104,102,2,55,55,47,47
2024-07-01,5,82,22,21,1,15,15,6,6
2024-07-01,5,84,214,204,10,167,158,37,46
2024-07-01,5,85,104,102,2,45,45,57,57
2024-07-01,5,90,13,13,0,8,7,5,6
2024-07-01,5,96,22,22,0,18,17,4,5
2024-07-01,5,101,158,150,8,101,104,49,46
2024-07-01,5,102,52,49,3,34,32,15,17
2024-07-01,5,107,31,30,1,18,20,12,10
2024-07-01,5,108,85,84,1,62,61,22,23
2024-07-01,5,111,155,150,5,124,114,26,36
2024-07-01,5,114,92,91,1,53,62,38,29
2024-07-01,5,116,130,124,6,58,66,66,58
2024-07-01,5,117,28,27,1,21,20,6,7
2024-07-01,5,121,214,204,10,161,154,43,50
2024-07-01,5,123,52,50,2,33,35,17,15
2024-07-01,5,125,93,92,1,58,60,34,32
2024-07-01,5,127,13,13,0,12,11,1,2
2024-07-01,5,128,94,91,3,64,58,27,33
2024-07-01,6,1,14,14,0,14,13,0,1
2024-07-01,6,2,130,130,0,97,101,33,29
2024-07-01,6,4,17,16,1,15,16,1,0
2024-07-01,6,6,31,31,0,22,24,9,7
2024-07-01,6,7,245,243,2,172,165,71,78
2024-07-01,6,8,47,47,0,34,29,13,18
2024-07-01,6,10,171,168,3,134,122,34,46
2024-07-01,6,12,14,14,0,8,10,6,4
2024-07-01,6,15,47,47,0,35,29,12,18
2024-07-01,6,16,130,130,0,102,110,28,20
2024-07-01,6,17,161,161,0,126,112,35,49
2024-07-01,6,18,115,115,0,78,82,37,33
2024-07-01,6,19,52,52,0,30,28,22,24
2024-07-01,6,20,27,27,0,18,17,9,10
2024-07-01,6,21,36,36,0,21,23,15,13
2024-07-01,6,22,32,32,0,27,27,5,5
2024-07-01,6,23,39,39,0,33,34,6,5
2024-07-01,6,24,17,17,0,13,13,4,4
2024-07-01,6,25,144,144,0,100,96,44,48
2024-07-01,6,26,390,389,1,288,271,101,118
2024-07-01,6,27,14,14,0,12,7,2,7
2024-07-01,6,28,85,85,0,46,41,39,44
2024-07-01,6,29,127,126,1,91,98,35,28
2024-07-01,6,30,35,35,0,27,23,8,12
2024-07-01,6,31,166,166,0,103,76,63,90
2024-07-01,6,32,468,456,12,367,325,89,131
2024-07-01,6,33,144,144,0,97,83,47,61
2024-07-01,6,34,42,42,0,30,31,12,11
2024-07-01,6,36,161,161,0,97,126,64,35
2024-07-01,6,37,85,85,0,48,54,37,31
2024-07-01,6,38,94,94,0,76,73,18,21
2024-07-01,6,40,17,16,1,15,15,1,1
2024-07-01,6,41,115,115,0,81,79,34,36
2024-07-01,6,42,31,31,0,19,18,12,13
2024-07-01,6,43,120,120,0,76,74,44,46
2024-07-01,6,44,262,246,16,207,195,39,51
2024-07-01,6,47,52,52,0,26,30,26,22
2024-07-01,6,48,32,31,1,13,11,18,20
2024-07-01,6,53,27,27,0,19,20,8,7
2024-07-01,6,54,36,36,0,25,24,11,12
2024-07-01,6,55,31,31,0,18,22,13,9
2024-07-01,6,56,31,31,0,16,17,15,14
2024-07-01,6,57,236,236,0,121,140,115,96
2024-07-01,6,58,322,318,4,215,212,103,106
2024-07-01,6,59,32,32,0,26,26,6,6
2024-07-01,6,60,31,31,0,19,18,12,13
2024-07-01,6,61,39,39,0,31,27,8,12
2024-07-01,6,62,122,122,0,90,95,32,27
2024-07-01,6,63,78,78,0,65,59,13,19
2024-07-01,6,64,86,79,7,46,46,33,33
2024-07-01,6,65,74,72,2,60,49,12,23
2024-07-01,6,66,17,17,0,12,13,5,4
2024-07-01,6,67,92,92,0,73,70,19,22
2024-07-01,6,68,31,31,0,24,17,7,14
2024-07-01,6,69,144,144,0,101,110,43,34
2024-07-01,6,70,246,244,2,186,171,58,73
2024-07-01,6,72,394,393,1,297,262,96,131
2024-07-01,6,73,85,85,0,70,66,15,19
2024-07-01,6,74,120,120,0,84,75,36,45
2024-07-01,6,75,31,31,0,21,20,10,11
2024-07-01,6,77,237,237,0,169,159,68,78
2024-07-01,6,78,122,122,0,95,86,27,36
2024-07-01,6,79,92,92,0,71,66,21,26
2024-07-01,6,81,43,43,0,35,28,8,15
2024-07-01,6,82,214,211,3,148,153,63,58
2024-07-01,6,83,66,66,0,49,52,17,14
2024-07-01,6,84,749,688,61,560,472,128,216
2024-07-01,6,86,14,14,0,8,9,6,5
2024-07-01,6,87,85,85,0,53,48,32,37
2024-07-01,6,88,44,43,1,30,31,13,12
2024-07-01,6,89,46,46,0,36,31,10,15
2024-07-01,6,90,46,46,0,39,38,7,8
2024-07-01,6,91,126,126,0,88,117,38,9
2024-07-01,6,92,42,42,0,32,35,10,7
2024-07-01,6,94,86,79,7,66,59,13,20
2024-07-01,6,95,75,73,2,62,58,11,15
2024-07-01,6,96,224,221,3,170,182,51,39
2024-07-01,6,97,46,46,0,42,40,4,6
2024-07-01,6,98,32,28,4,24,23,4,5
2024-07-01,6,99,158,154,4,110,131,44,23
2024-07-01,6,100,32,28,4,19,14,9,14
2024-07-01,6,103,35,35,0,16,21,19,14
2024-07-01,6,104,166,165,1,88,81,77,84
2024-07-01,6,105,66,66,0,41,49,25,17
2024-07-01,6,106,69,69,0,51,33,18,36
2024-07-01,6,107,171,168,3,119,119,49,49
2024-07-01,6,110,47,47,0,38,33,9,14
2024-07-01,6,111,464,453,11,371,350,82,103
2024-07-01,6,112,94,94,0,80,80,14,14
2024-07-01,6,113,262,245,17,182,195,63,50
2024-07-01,6,117,322,320,2,242,227,78,93
2024-07-01,6,118,31,31,0,23,23,8,8
2024-07-01,6,119,78,78,0,68,69,10,9
2024-07-01,6,120,31,31,0,20,27,11,4
2024-07-01,6,121,741,678,63,507,473,171,205
2024-07-01,6,122,172,171,1,135,119,36,52
2024-07-01,6,124,69,69,0,56,52,13,17
2024-07-01,6,126,143,143,0,79,90,64,53
2024-07-01,7,8,28,26,2,11,9,15,17
2024-07-01,7,34,12,12,0,1,2,11,10
2024-07-01,7,49,23,23,0,14,8,9,15
2024-07-01,7,64,24,23,1,11,13,12,10
2024-07-01,7,65,13,12,1,7,8,5,4
2024-07-01,7,89,14,13,1,13,12,0,1
2024-07-01,7,90,28,26,2,12,16,14,10
2024-07-01,7,92,12,12,0,8,11,4,1
2024-07-01,7,93,23,23,0,12,13,11,10
2024-07-01,7,94,24,23,1,16,15,7,8
2024-07-01,7,95,13,12,1,9,9,3,3
2024-07-01,7,97,14,13,1,12,13,1,0
2024-07-01,7,98,27,27,0,22,23,5,4
2024-07-01,7,100,27,27,0,17,14,10,13
2024-08-01,2,2,37,37,0,31,30,6,7
2024-08-01,2,6,31,31,0,25,25,6,6
2024-08-01,2,7,115,114,1,77,83,37,31
2024-08-01,2,8,31,31,0,20,17,11,14
2024-08-01,2,10,125,120,5,90,93,30,27
2024-08-01,2,15,71,71,0,61,59,10,12
2024-08-01,2,16,37,37,0,23,23,14,14
2024-08-01,2,17,93,93,0,62,69,31,24
2024-08-01,2,18,31,31,0,27,25,4,6
2024-08-01,2,19,32,31,1,27,28,4,3
2024-08-01,2,23,22,22,0,18,18,4,4
2024-08-01,2,24,22,22,0,7,7,15,15
2024-08-01,2,25,31,31,0,23,23,8,8
2024-08-01,2,26,118,115,3,58,54,57,61
2024-08-01,2,28,54,54,0,35,36,19,18
2024-08-01,2,29,27,26,1,14,17,12,9
2024-08-01,2,30,31,31,0,21,21,10,10
2024-08-01,2,32,181,174,7,113,116,61,58
2024-08-01,2,33,62,62,0,46,46,16,16
2024-08-01,2,36,94,92,2,72,69,20,23
2024-08-01,2,37,122,119,3,75,78,44,41
2024-08-01,2,38,121,118,3,90,86,28,32
2024-08-01,2,41,32,31,1,24,26,7,5
2024-08-01,2,42,13,13,0,10,11,3,2
2024-08-01,2,43,31,31,0,25,23,6,8
2024-08-01,2,47,32,31,1,20,17,11,14
2024-08-01,2,48,31,31,0,20,27,11,4
2024-08-01,2,55,31,31,0,24,22,7,9
2024-08-01,2,56,13,13,0,9,10,4,3
2024-08-01,2,57,178,175,3,112,114,63,61
2024-08-01,2,58,248,244,4,203,203,41,41
2024-08-01,2,60,18,18,0,9,11,9,7
2024-08-01,2,61,22,22,0,16,17,6,5
2024-08-01,2,62,126,126,0,74,80,52,46
2024-08-01,2,63,62,62,0,45,46,17,16
2024-08-01,2,66,23,22,1,4,3,18,19
2024-08-01,2,67,80,80,0,36,44,44,36
2024-08-01,2,68,31,31,0,17,19,14,12
2024-08-01,2,69,31,31,0,22,22,9,9
2024-08-01,2,70,115,114,1,84,85,30,29
2024-08-01,2,72,117,114,3,65,60,49,54
2024-08-01,2,73,120,119,1,75,77,44,42
2024-08-01,2,74,31,31,0,23,25,8,6
2024-08-01,2,75,31,31,0,25,28,6,3
2024-08-01,2,77,177,176,1,108,127,68,49
2024-08-01,2,78,126,126,0,84,80,42,46
2024-08-01,2,79,80,80,0,46,47,34,33
2024-08-01,2,81,63,62,1,49,49,13,13
2024-08-01,2,82,80,78,2,57,45,21,33
2024-08-01,2,83,66,66,0,55,56,11,10
2024-08-01,2,84,395,376,19,269,290,107,86
2024-08-01,2,87,54,54,0,32,32,22,22
2024-08-01,2,88,63,62,1,46,45,16,17
2024-08-01,2,90,31,31,0,18,23,13,8
2024-08-01,2,91,27,26,1,10,13,16,13
2024-08-01,2,96,80,78,2,39,59,39,19
2024-08-01,2,99,54,51,3,23,28,28,23
2024-08-01,2,103,31,31,0,19,18,12,13
2024-08-01,2,105,66,66,0,48,50,18,16
2024-08-01,2,106,86,84,2,68,65,16,19
2024-08-01,2,107,125,120,5,95,86,25,34
2024-08-01,2,110,71,71,0,66,66,5,5
2024-08-01,2,111,181,174,7,102,107,72,67
2024-08-01,2,112,121,119,2,88,91,31,28
2024-08-01,2,117,248,244,4,192,198,52,46
2024-08-01,2,118,18,18,0,14,14,4,4
2024-08-01,2,119,62,62,0,50,49,12,13
2024-08-01,2,120,31,31,0,25,25,6,6
2024-08-01,2,121,396,383,13,294,294,89,89
2024-08-01,2,122,54,52,2,36,28,16,24
2024-08-01,2,124,85,85,0,70,71,15,14
2024-08-01,2,126,62,62,0,38,31,24,31
2024-08-01,3,7,267,264,3,175,191,89,73
2024-08-01,3,8,92,92,0,74,63,18,29
2024-08-01,3,10,256,235,21,164,176,71,59
2024-08-01,3,17,70,70,0,49,52,21,18
2024-08-01,3,18,5,5,0,5,5,0,0
2024-08-01,3,19,22,22,0,13,15,9,7
2024-08-01,3,25,110,110,0,80,87,30,23
2024-08-01,3,26,370,364,6,269,246,95,118
2024-08-01,3,27,48,48,0,38,40,10,8
2024-08-01,3,29,154,154,0,123,102,31,52
2024-08-01,3,32,554,544,10,412,384,132,160
2024-08-01,3,33,20,20,0,14,16,6,4
2024-08-01,3,34,5,5,0,4,2,1,3
2024-08-01,3,36,70,70,0,48,51,22,19
2024-08-01,3,37,31,30,1,14,16,16,14
2024-08-01,3,38,45,45,0,21,25,24,20
2024-08-01,3,41,5,5,0,5,4,0,1
2024-08-01,3,43,4,3,1,2,3,1,0
2024-08-01,3,44,66,60,6,44,46,16,14
2024-08-01,3,47,23,23,0,4,9,19,14
2024-08-01,3,48,31,31,0,11,13,20,18
2024-08-01,3,57,32,32,0,21,20,11,12
2024-08-01,3,58,92,91,1,66,66,25,25
2024-08-01,3,60,31,30,1,13,13,17,17
2024-08-01,3,63,76,76,0,61,66,15,10
2024-08-01,3,64,21,21,0,18,18,3,3
2024-08-01,3,65,4,4,0,3,3,1,1
2024-08-01,3,69,111,111,0,86,76,25,35
2024-08-01,3,70,266,263,3,187,157,76,106
2024-08-01,3,72,373,367,6,255,250,112,117
2024-08-01,3,73,31,30,1,22,20,8,10
2024-08-01,3,74,4,3,1,2,2,1,1
2024-08-01,3,75,31,31,0,14,19,17,12
2024-08-01,3,77,33,33,0,28,28,5,5
2024-08-01,3,82,207,199,8,151,104,48,95
2024-08-01,3,83,32,32,0,19,19,13,13
2024-08-01,3,84,950,855,95,656,636,199,219
2024-08-01,3,86,48,48,0,37,34,11,14
2024-08-01,3,89,16,16,0,15,15,1,1
2024-08-01,3,90,92,92,0,61,69,31,23
2024-08-01,3,91,156,156,0,114,118,42,38
2024-08-01,3,92,5,5,0,4,3,1,2
2024-08-01,3,94,20,20,0,19,19,1,1
2024-08-01,3,95,4,4,0,3,3,1,1
2024-08-01,3,96,207,197,10,129,157,68,40
2024-08-01,3,97,16,16,0,15,15,1,1
2024-08-01,3,99,198,192,6,98,129,94,63
2024-08-01,3,105,31,31,0,12,7,19,24
2024-08-01,3,106,60,59,1,42,37,17,22
2024-08-01,3,107,256,236,20,169,149,67,87
2024-08-01,3,111,547,537,10,370,333,167,204
2024-08-01,3,112,45,45,0,29,31,16,14
2024-08-01,3,113,66,59,7,51,50,8,9
2024-08-01,3,117,93,93,0,62,66,31,27
2024-08-01,3,118,30,30,0,21,20,9,10
2024-08-01,3,119,75,75,0,51,57,24,18
2024-08-01,3,121,960,862,98,628,590,234,272
2024-08-01,3,122,197,193,4,125,88,68,105
2024-08-01,3,124,59,59,0,41,42,18,17
2024-08-01,3,126,20,20,0,13,10,7,10
2024-08-01,4,1,53,53,0,48,47,5,6
2024-08-01,4,2,155,151,4,108,114,43,37
2024-08-01,4,4,89,88,1,78,81,10,7
2024-08-01,4,7,13,10,3,9,10,1,0
2024-08-01,4,9,141,132,9,117,113,15,19
2024-08-01,4,11,111,110,1,74,77,36,33
2024-08-01,4,12,53,53,0,47,47,6,6
2024-08-01,4,15,57,55,2,53,50,2,5
2024-08-01,4,16,154,153,1,115,104,38,49
2024-08-01,4,17,106,106,0,51,57,55,49
2024-08-01,4,18,148,145,3,104,105,41,40
2024-08-01,4,19,31,31,0,24,19,7,12
2024-08-01,4,20,136,130,6,106,104,24,26
2024-08-01,4,21,141,137,4,104,102,33,35
2024-08-01,4,22,28,27,1,24,23,3,4
2024-08-01,4,23,18,18,0,17,16,1,2
2024-08-01,4,25,4,3,1,2,2,1,1
2024-08-01,4,26,27,23,4,9,6,14,17
2024-08-01,4,27,5,5,0,5,5,0,0
2024-08-01,4,28,84,84,0,60,56,24,28
2024-08-01,4,30,18,18,0,14,17,4,1
2024-08-01,4,31,193,186,7,136,133,50,53
2024-08-01,4,33,160,160,0,110,108,50,52
2024-08-01,4,34,83,83,0,52,43,31,40
2024-08-01,4,36,106,106,0,52,51,54,55
2024-08-01,4,38,17,17,0,13,14,4,3
2024-08-01,4,39,144,143,1,116,119,27,24
2024-08-01,4,40,88,87,1,78,74,9,13
2024-08-01,4,41,148,145,3,100,97,45,48
2024-08-01,4,43,212,196,16,149,150,47,46
2024-08-01,4,44,359,334,25,280,286,54,48
2024-08-01,4,45,111,110,1,86,91,24,19
2024-08-01,4,47,31,30,1,10,10,20,20
2024-08-01,4,49,49,49,0,19,17,30,32
2024-08-01,4,51,120,114,6,97,97,17,17
2024-08-01,4,52,112,111,1,93,94,18,17
2024-08-01,4,53,136,129,7,97,99,32,30
2024-08-01,4,54,142,137,5,107,103,30,34
2024-08-01,4,59,28,27,1,23,21,4,6
2024-08-01,4,61,18,18,0,16,17,2,1
2024-08-01,4,62,114,106,8,66,73,40,33
2024-08-01,4,63,8,7,1,6,4,1,3
2024-08-01,4,64,75,70,5,51,40,19,30
2024-08-01,4,65,151,149,2,101,103,48,46
2024-08-01,4,67,98,91,7,70,69,21,22
2024-08-01,4,68,31,31,0,29,29,2,2
2024-08-01,4,69,8,6,2,4,4,2,2
2024-08-01,4,70,13,11,2,11,11,0,0
2024-08-01,4,72,27,23,4,15,12,8,11
2024-08-01,4,74,213,199,14,155,155,44,44
2024-08-01,4,76,120,113,7,99,100,14,13
2024-08-01,4,78,115,106,9,64,60,42,46
2024-08-01,4,79,96,89,7,65,65,24,24
2024-08-01,4,80,110,110,0,89,78,21,32
2024-08-01,4,81,52,50,2,35,32,15,18
2024-08-01,4,85,110,110,0,78,84,32,26
2024-08-01,4,86,5,5,0,4,2,1,3
2024-08-01,4,87,84,84,0,62,59,22,25
2024-08-01,4,88,53,51,2,47,46,4,5
2024-08-01,4,89,101,101,0,80,63,21,38
2024-08-01,4,92,83,83,0,49,55,34,28
2024-08-01,4,93,49,49,0,38,37,11,12
2024-08-01,4,94,75,71,4,59,53,12,18
2024-08-01,4,95,152,150,2,104,111,46,39
2024-08-01,4,97,100,100,0,79,74,21,26
2024-08-01,4,98,144,143,1,114,115,29,28
2024-08-01,4,100,142,141,1,102,83,39,58
2024-08-01,4,101,141,130,11,111,115,19,15
2024-08-01,4,102,115,113,2,89,87,24,26
2024-08-01,4,103,18,18,0,15,16,3,2
2024-08-01,4,104,194,184,10,129,121,55,63
2024-08-01,4,108,111,109,2,86,79,23,30
2024-08-01,4,110,56,55,1,54,53,1,2
2024-08-01,4,112,17,17,0,14,15,3,2
2024-08-01,4,113,359,337,22,277,280,60,57
2024-08-01,4,114,112,111,1,83,87,28,24
2024-08-01,4,116,112,112,0,88,92,24,20
2024-08-01,4,119,7,7,0,4,4,3,3
2024-08-01,4,120,31,31,0,27,28,4,3
2024-08-01,4,123,114,112,2,86,92,26,20
2024-08-01,4,125,112,111,1,91,94,20,17
2024-08-01,4,126,160,160,0,96,92,64,68
2024-08-01,4,127,146,143,3,120,118,23,25
2024-08-01,4,128,112,111,1,96,100,15,11
2024-08-01,5,2,5,0,5,0,0,0,0
2024-08-01,5,7,10,0,10,0,0,0,0
2024-08-01,5,8,6,1,5,1,1,0,0
2024-08-01,5,9,158,147,11,115,104,32,43
2024-08-01,5,10,5,0,5,0,0,0,0
2024-08-01,5,11,84,83,1,69,64,14,19
2024-08-01,5,16,5,0,5,0,0,0,0
2024-08-01,5,17,3,0,3,0,0,0,0
2024-08-01,5,26,9,0,9,0,0,0,0
2024-08-01,5,32,25,0,25,0,0,0,0
2024-08-01,5,36,4,0,4,0,0,0,0
2024-08-01,5,39,13,13,0,13,13,0,0
2024-08-01,5,43,5,0,5,0,0,0,0
2024-08-01,5,45,93,92,1,73,65,19,27
2024-08-01,5,51,52,50,2,44,44,6,6
2024-08-01,5,52,131,125,6,86,87,39,38
2024-08-01,5,57,5,0,5,0,0,0,0
2024-08-01,5,58,5,0,5,0,0,0,0
2024-08-01,5,62,5,0,5,0,0,0,0
2024-08-01,5,70,9,0,9,0,0,0,0
2024-08-01,5,72,9,0,9,0,0,0,0
2024-08-01,5,74,5,0,5,0,0,0,0
2024-08-01,5,76,52,50,2,44,45,6,5
2024-08-01,5,77,5,0,5,0,0,0,0
2024-08-01,5,78,5,0,5,0,0,0,0
2024-08-01,5,80,105,105,0,91,87,14,18
2024-08-01,5,82,4,0,4,0,0,0,0
2024-08-01,5,84,35,0,35,0,0,0,0
2024-08-01,5,85,106,106,0,85,82,21,24
2024-08-01,5,90,6,1,5,1,1,0,0
2024-08-01,5,96,5,0,5,0,0,0,0
2024-08-01,5,101,158,147,11,114,112,33,35
2024-08-01,5,102,54,52,2,37,36,15,16
2024-08-01,5,107,5,0,5,0,0,0,0
2024-08-01,5,108,84,83,1,68,67,15,16
2024-08-01,5,111,25,0,25,0,0,0,0
2024-08-01,5,114,93,92,1,76,78,16,14
2024-08-01,5,116,134,129,5,85,86,44,43
2024-08-01,5,117,5,0,5,0,0,0,0
2024-08-01,5,121,35,0,35,0,0,0,0
2024-08-01,5,123,54,52,2,41,40,11,12
2024-08-01,5,125,93,92,1,72,69,20,23
2024-08-01,5,127,13,12,1,11,10,1,2
2024-08-01,5,128,93,92,1,71,66,21,26
2024-08-01,6,1,13,13,0,10,10,3,3
2024-08-01,6,2,127,125,2,91,99,34,26
2024-08-01,6,4,18,17,1,9,9,8,8
2024-08-01,6,6,31,31,0,23,27,8,4
2024-08-01,6,7,240,239,1,176,181,63,58
2024-08-01,6,8,46,43,3,23,18,20,25
2024-08-01,6,10,168,165,3,117,117,48,48
2024-08-01,6,12,13,12,1,8,8,4,4
2024-08-01,6,15,50,49,1,36,35,13,14
2024-08-01,6,16,127,124,3,85,91,39,33
2024-08-01,6,17,155,155,0,104,109,51,46
2024-08-01,6,18,109,106,3,63,63,43,43
2024-08-01,6,19,31,31,0,23,24,8,7
2024-08-01,6,20,26,26,0,18,15,8,11
2024-08-01,6,21,35,35,0,19,20,16,15
2024-08-01,6,22,31,31,0,26,27,5,4
2024-08-01,6,23,37,37,0,27,29,10,8
2024-08-01,6,24,10,10,0,8,6,2,4
2024-08-01,6,25,136,136,0,88,94,48,42
2024-08-01,6,26,385,381,4,258,226,123,155
2024-08-01,6,27,14,14,0,10,7,4,7
2024-08-01,6,28,83,83,0,43,36,40,47
2024-08-01,6,29,113,113,0,70,77,43,36
2024-08-01,6,30,31,31,0,20,24,11,7
2024-08-01,6,31,162,162,0,86,78,76,84
2024-08-01,6,32,480,471,9,338,327,133,144
2024-08-01,6,33,140,140,0,85,80,55,60
2024-08-01,6,34,40,40,0,23,26,17,14
2024-08-01,6,36,155,155,0,96,104,59,51
2024-08-01,6,37,69,69,0,49,44,20,25
2024-08-01,6,38,73,73,0,54,52,19,21
2024-08-01,6,40,18,17,1,12,12,5,5
2024-08-01,6,41,109,105,4,70,69,35,36
2024-08-01,6,42,31,31,0,27,25,4,6
2024-08-01,6,43,131,131,0,94,85,37,46
2024-08-01,6,44,256,246,10,205,207,41,39
2024-08-01,6,47,31,31,0,23,13,8,18
2024-08-01,6,48,31,31,0,17,14,14,17
2024-08-01,6,53,26,26,0,16,17,10,9
2024-08-01,6,54,35,35,0,21,22,14,13
2024-08-01,6,55,31,31,0,18,16,13,15
2024-08-01,6,56,31,31,0,21,21,10,10
2024-08-01,6,57,203,203,0,133,132,70,71
2024-08-01,6,58,286,285,1,208,208,77,77
2024-08-01,6,59,31,30,1,22,23,8,7
2024-08-01,6,60,27,27,0,13,10,14,17
2024-08-01,6,61,37,37,0,23,22,14,15
2024-08-01,6,62,115,114,1,92,93,22,21
2024-08-01,6,63,73,73,0,62,62,11,11
2024-08-01,6,64,88,87,1,63,61,24,26
2024-08-01,6,65,66,65,1,55,49,10,16
2024-08-01,6,66,10,10,0,5,5,5,5
2024-08-01,6,67,91,90,1,67,69,23,21
2024-08-01,6,68,31,31,0,18,16,13,15
2024-08-01,6,69,136,136,0,93,94,43,42
2024-08-01,6,70,239,239,0,183,161,56,78
2024-08-01,6,72,389,387,2,295,277,92,110
2024-08-01,6,73,69,69,0,59,58,10,11
2024-08-01,6,74,131,131,0,97,97,34,34
2024-08-01,6,75,31,31,0,17,20,14,11
2024-08-01,6,77,203,203,0,152,159,51,44
2024-08-01,6,78,115,115,0,83,78,32,37
2024-08-01,6,79,90,90,0,61,57,29,33
2024-08-01,6,81,41,41,0,32,30,9,11
2024-08-01,6,82,208,204,4,134,118,70,86
2024-08-01,6,83,58,58,0,51,52,7,6
2024-08-01,6,84,750,726,24,570,542,156,184
2024-08-01,6,86,14,14,0,7,5,7,9
2024-08-01,6,87,84,84,0,46,42,38,42
2024-08-01,6,88,42,41,1,30,30,11,11
2024-08-01,6,89,40,40,0,28,24,12,16
2024-08-01,6,90,47,45,2,37,35,8,10
2024-08-01,6,91,114,112,2,69,85,43,27
2024-08-01,6,92,39,39,0,28,30,11,9
2024-08-01,6,94,88,87,1,73,71,14,16
2024-08-01,6,95,67,66,1,60,51,6,15
2024-08-01,6,96,223,218,5,166,188,52,30
2024-08-01,6,97,40,40,0,32,30,8,10
2024-08-01,6,98,37,35,2,27,22,8,13
2024-08-01,6,99,153,153,0,93,131,60,22
2024-08-01,6,100,37,35,2,15,13,20,22
2024-08-01,6,103,31,31,0,20,19,11,12
2024-08-01,6,104,163,163,0,83,73,80,90
2024-08-01,6,105,58,58,0,40,40,18,18
2024-08-01,6,106,62,62,0,45,34,17,28
2024-08-01,6,107,168,165,3,132,109,33,56
2024-08-01,6,110,49,49,0,41,39,8,10
2024-08-01,6,111,476,466,10,364,346,102,120
2024-08-01,6,112,73,73,0,65,66,8,7
2024-08-01,6,113,256,245,11,207,213,38,32
2024-08-01,6,117,285,284,1,214,196,70,88
2024-08-01,6,118,27,27,0,24,23,3,4
2024-08-01,6,119,73,73,0,65,63,8,10
2024-08-01,6,120,31,31,0,18,21,13,10
2024-08-01,6,121,745,720,25,575,510,145,210
2024-08-01,6,122,165,164,1,116,87,48,77
2024-08-01,6,124,62,62,0,53,53,9,9
2024-08-01,6,126,140,140,0,74,73,66,67
2024-08-01,7,8,28,28,0,8,6,20,22
2024-08-01,7,34,15,15,0,2,6,13,9
2024-08-01,7,49,20,18,2,12,12,6,6
2024-08-01,7,64,20,20,0,13,16,7,4
2024-08-01,7,65,15,15,0,10,9,5,6
2024-08-01,7,89,16,16,0,11,9,5,7
2024-08-01,7,90,28,28,0,15,16,13,12
2024-08-01,7,92,16,16,0,9,13,7,3
2024-08-01,7,93,20,18,2,14,13,4,5
2024-08-01,7,94,20,20,0,15,14,5,6
2024-08-01,7,95,15,15,0,10,9,5,6
2024-08-01,7,97,16,16,0,12,11,4,5
2024-08-01,7,98,20,20,0,12,13,8,7
2024-08-01,7,100,20,20,0,7,10,13,10
2024-09-01,2,2,39,39,0,34,33,5,6
2024-09-01,2,6,30,30,0,25,22,5,8
2024-09-01,2,7,114,113,1,76,81,37,32
2024-09-01,2,8,30,30,0,17,18,13,12
2024-09-01,2,10,127,119,8,86,90,33,29
2024-09-01,2,15,73,72,1,48,50,24,22
2024-09-01,2,16,39,39,0,30,32,9,7
2024-09-01,2,17,99,99,0,73,77,26,22
2024-09-01,2,18,30,30,0,28,27,2,3
2024-09-01,2,19,31,31,0,28,24,3,7
2024-09-01,2,23,26,26,0,24,24,2,2
2024-09-01,2,24,26,26,0,18,17,8,9
2024-09-01,2,25,30,30,0,18,18,12,12
2024-09-01,2,26,163,161,2,94,102,67,59
2024-09-01,2,28,55,55,0,48,51,7,4
2024-09-01,2,29,28,28,0,13,21,15,7
2024-09-01,2,30,30,30,0,23,24,7,6
2024-09-01,2,32,194,188,6,143,139,45,49
2024-09-01,2,33,60,60,0,49,51,11,9
2024-09-01,2,36,99,99,0,84,82,15,17
2024-09-01,2,37,119,119,0,76,92,43,27
2024-09-01,2,38,119,119,0,86,96,33,23
2024-09-01,2,41,30,30,0,23,23,7,7
2024-09-01,2,42,16,16,0,13,12,3,4
2024-09-01,2,43,30,30,0,24,22,6,8
2024-09-01,2,47,31,31,0,21,22,10,9
2024-09-01,2,48,30,30,0,19,22,11,8
2024-09-01,2,55,29,29,0,23,24,6,5
2024-09-01,2,56,16,16,0,12,13,4,3
2024-09-01,2,57,218,217,1,149,151,68,66
2024-09-01,2,58,258,255,3,213,215,42,40
2024-09-01,2,60,19,19,0,9,12,10,7
2024-09-01,2,61,26,26,0,18,23,8,3
2024-09-01,2,62,145,145,0,84,89,61,56
2024-09-01,2,63,71,70,1,54,59,16,11
2024-09-01,2,66,26,26,0,10,6,16,20
2024-09-01,2,67,86,86,0,53,55,33,31
2024-09-01,2,68,41,41,0,28,30,13,11
2024-09-01,2,69,30,30,0,16,17,14,13
2024-09-01,2,70,114,113,1,84,82,29,31
2024-09-01,2,72,162,161,1,92,86,69,75
2024-09-01,2,73,120,120,0,84,83,36,37
2024-09-01,2,74,30,30,0,22,23,8,7
2024-09-01,2,75,30,30,0,21,24,9,6
2024-09-01,2,77,218,217,1,145,153,72,64
2024-09-01,2,78,145,145,0,99,96,46,49
2024-09-01,2,79,86,86,0,55,53,31,33
2024-09-01,2,81,60,59,1,44,45,15,14
2024-09-01,2,82,80,79,1,51,48,28,31
2024-09-01,2,83,77,77,0,62,65,15,12
2024-09-01,2,84,435,420,15,293,316,127,104
2024-09-01,2,87,55,55,0,49,46,6,9
2024-09-01,2,88,60,59,1,41,38,18,21
2024-09-01,2,90,30,29,1,19,16,10,13
2024-09-01,2,91,28,28,0,13,12,15,16
2024-09-01,2,96,80,78,2,34,50,44,28
2024-09-01,2,99,55,55,0,30,33,25,22
2024-09-01,2,103,30,30,0,22,21,8,9
2024-09-01,2,105,77,77,0,57,58,20,19
2024-09-01,2,106,86,85,1,64,62,21,23
2024-09-01,2,107,127,119,8,88,88,31,31
2024-09-01,2,110,71,71,0,60,59,11,12
2024-09-01,2,111,194,189,5,132,131,57,58
2024-09-01,2,112,118,118,0,93,94,25,24
2024-09-01,2,117,258,256,2,204,205,52,51
2024-09-01,2,118,19,19,0,18,17,1,2
2024-09-01,2,119,71,70,1,63,57,7,13
2024-09-01,2,120,41,41,0,31,31,10,10
2024-09-01,2,121,438,421,17,329,324,92,97
2024-09-01,2,122,55,55,0,39,41,16,14
2024-09-01,2,124,86,85,1,69,72,16,13
2024-09-01,2,126,60,60,0,48,44,12,16
2024-09-01,3,7,259,253,6,184,196,69,57
2024-09-01,3,8,91,91,0,71,68,20,23
2024-09-01,3,10,243,235,8,189,190,46,45
2024-09-01,3,17,69,69,0,55,54,14,15
2024-09-01,3,18,4,4,0,3,3,1,1
2024-09-01,3,19,14,14,0,8,10,6,4
2024-09-01,3,25,95,94,1,75,81,19,13
2024-09-01,3,26,330,325,5,245,234,80,91
2024-09-01,3,27,46,46,0,40,40,6,6
2024-09-01,3,29,150,149,1,113,121,36,28
2024-09-01,3,32,542,534,8,417,400,117,134
2024-09-01,3,33,26,26,0,21,21,5,5
2024-09-01,3,34,1,1,0,0,1,1,0
2024-09-01,3,36,69,69,0,50,56,19,13
2024-09-01,3,37,30,30,0,12,21,18,9
2024-09-01,3,38,40,40,0,23,23,17,17
2024-09-01,3,41,4,4,0,3,4,1,0
2024-09-01,3,43,10,10,0,7,7,3,3
2024-09-01,3,44,63,62,1,54,50,8,12
2024-09-01,3,47,13,13,0,6,11,7,2
2024-09-01,3,48,30,30,0,17,21,13,9
2024-09-01,3,49,6,6,0,3,4,3,2
2024-09-01,3,57,34,34,0,20,24,14,10
2024-09-01,3,58,91,91,0,71,71,20,20
2024-09-01,3,60,30,30,0,15,17,15,13
2024-09-01,3,62,48,47,1,40,39,7,8
2024-09-01,3,63,74,74,0,57,59,17,15
2024-09-01,3,64,19,19,0,16,18,3,1
2024-09-01,3,65,16,16,0,15,15,1,1
2024-09-01,3,69,94,93,1,70,69,23,24
2024-09-01,3,70,260,255,5,188,176,67,79
2024-09-01,3,72,329,326,3,221,225,105,101
2024-09-01,3,73,30,30,0,25,17,5,13
2024-09-01,3,74,10,10,0,6,7,4,3
2024-09-01,3,75,30,30,0,16,22,14,8
2024-09-01,3,77,34,34,0,27,30,7,4
2024-09-01,3,78,49,49,0,37,38,12,11
2024-09-01,3,82,203,201,2,141,136,60,65
2024-09-01,3,83,33,33,0,29,21,4,12
2024-09-01,3,84,928,864,64,691,654,173,210
2024-09-01,3,86,47,47,0,36,38,11,9
2024-09-01,3,89,17,17,0,16,16,1,1
2024-09-01,3,90,91,91,0,64,59,27,32
2024-09-01,3,91,149,148,1,118,99,30,49
2024-09-01,3,92,1,1,0,1,1,0,0
2024-09-01,3,93,6,6,0,6,6,0,0
2024-09-01,3,94,19,19,0,18,18,1,1
2024-09-01,3,95,16,16,0,15,15,1,1
2024-09-01,3,96,204,201,3,136,148,65,53
2024-09-01,3,97,17,17,0,15,16,2,1
2024-09-01,3,99,195,194,1,122,140,72,54
2024-09-01,3,105,33,33,0,15,18,18,15
2024-09-01,3,106,55,55,0,37,40,18,15
2024-09-01,3,107,244,237,7,193,194,44,43
2024-09-01,3,111,544,535,9,396,378,139,157
2024-09-01,3,112,40,40,0,28,27,12,13
2024-09-01,3,113,63,62,1,56,52,6,10
2024-09-01,3,117,91,91,0,65,76,26,15
2024-09-01,3,118,30,30,0,23,18,7,12
2024-09-01,3,119,75,75,0,59,59,16,16
2024-09-01,3,121,932,877,55,695,631,182,246
2024-09-01,3,122,195,194,1,137,132,57,62
2024-09-01,3,124,56,56,0,34,35,22,21
2024-09-01,3,126,25,25,0,20,19,5,6
2024-09-01,4,1,51,51,0,43,44,8,7
2024-09-01,4,2,145,142,3,116,111,26,31
2024-09-01,4,4,94,94,0,78,79,16,15
2024-09-01,4,7,13,13,0,8,9,5,4
2024-09-01,4,9,137,134,3,123,125,11,9
2024-09-01,4,11,102,100,2,71,71,29,29
2024-09-01,4,12,51,51,0,43,40,8,11
2024-09-01,4,15,55,49,6,40,41,9,8
2024-09-01,4,16,145,143,2,92,102,51,41
2024-09-01,4,17,99,97,2,43,42,54,55
2024-09-01,4,18,144,136,8,95,95,41,41
2024-09-01,4,19,37,35,2,24,23,11,12
2024-09-01,4,20,130,119,11,99,96,20,23
2024-09-01,4,21,133,126,7,96,90,30,36
2024-09-01,4,22,28,28,0,16,14,12,14
2024-09-01,4,23,18,17,1,14,13,3,4
2024-09-01,4,25,30,23,7,11,10,12,13
2024-09-01,4,26,80,74,6,35,23,39,51
2024-09-01,4,27,4,4,0,4,4,0,0
2024-09-01,4,28,80,76,4,55,53,21,23
2024-09-01,4,30,18,18,0,13,15,5,3
2024-09-01,4,31,180,175,5,108,116,67,59
2024-09-01,4,33,151,146,5,78,84,68,62
2024-09-01,4,34,86,86,0,61,60,25,26
2024-09-01,4,36,99,93,6,49,46,44,47
2024-09-01,4,38,15,15,0,11,13,4,2
2024-09-01,4,39,140,138,2,119,120,19,18
2024-09-01,4,40,95,94,1,78,81,16,13
2024-09-01,4,41,143,135,8,93,88,42,47
2024-09-01,4,43,199,188,11,136,132,52,56
2024-09-01,4,44,338,307,31,242,247,65,60
2024-09-01,4,45,108,105,3,79,78,26,27
2024-09-01,4,47,37,35,2,18,12,17,23
2024-09-01,4,49,42,42,0,28,23,14,19
2024-09-01,4,51,116,113,3,93,89,20,24
2024-09-01,4,52,106,103,3,88,85,15,18
2024-09-01,4,53,132,119,13,97,97,22,22
2024-09-01,4,54,133,125,8,100,94,25,31
2024-09-01,4,59,28,28,0,12,10,16,18
2024-09-01,4,61,18,17,1,11,10,6,7
2024-09-01,4,62,51,49,2,26,27,23,22
2024-09-01,4,63,7,7,0,4,4,3,3
2024-09-01,4,64,63,63,0,45,45,18,18
2024-09-01,4,65,130,129,1,98,95,31,34
2024-09-01,4,67,94,84,10,73,71,11,13
2024-09-01,4,68,28,26,2,21,20,5,6
2024-09-01,4,69,32,27,5,14,11,13,16
2024-09-01,4,70,13,13,0,11,11,2,2
2024-09-01,4,72,81,76,5,43,33,33,43
2024-09-01,4,74,198,185,13,140,137,45,48
2024-09-01,4,76,116,114,2,94,95,20,19
2024-09-01,4,78,50,49,1,32,29,17,20
2024-09-01,4,79,95,87,8,66,66,21,21
2024-09-01,4,80,107,106,1,79,72,27,34
2024-09-01,4,81,51,51,0,38,32,13,19
2024-09-01,4,85,107,105,2,71,76,34,29
2024-09-01,4,86,4,4,0,4,2,0,2
2024-09-01,4,87,81,76,5,62,55,14,21
2024-09-01,4,88,51,51,0,47,47,4,4
2024-09-01,4,89,96,95,1,77,66,18,29
2024-09-01,4,92,86,86,0,66,69,20,17
2024-09-01,4,93,42,42,0,32,32,10,10
2024-09-01,4,94,63,63,0,49,47,14,16
2024-09-01,4,95,132,131,1,116,115,15,16
2024-09-01,4,97,96,95,1,80,76,15,19
2024-09-01,4,98,135,135,0,119,120,16,15
2024-09-01,4,100,135,135,0,103,89,32,46
2024-09-01,4,101,137,133,4,123,121,10,12
2024-09-01,4,102,102,101,1,78,72,23,29
2024-09-01,4,103,18,18,0,15,16,3,2
2024-09-01,4,104,184,174,10,131,125,43,49
2024-09-01,4,108,102,101,1,77,73,24,28
2024-09-01,4,110,54,51,3,45,42,6,9
2024-09-01,4,112,15,15,0,12,13,3,2
2024-09-01,4,113,338,313,25,241,237,72,76
2024-09-01,4,114,108,105,3,75,79,30,26
2024-09-01,4,116,106,103,3,82,85,21,18
2024-09-01,4,119,7,6,1,5,4,1,2
2024-09-01,4,120,28,26,2,20,19,6,7
2024-09-01,4,123,103,102,1,85,88,17,14
2024-09-01,4,125,104,101,3,81,84,20,17
2024-09-01,4,126,151,145,6,85,76,60,69
2024-09-01,4,127,140,139,1,122,126,17,13
2024-09-01,4,128,104,101,3,91,92,10,9
2024-09-01,5,9,152,148,4,126,123,22,25
2024-09-01,5,11,81,80,1,74,70,6,10
2024-09-01,5,39,13,12,1,11,10,1,2
2024-09-01,5,45,89,89,0,72,68,17,21
2024-09-01,5,51,39,37,2,33,30,4,7
2024-09-01,5,52,125,124,1,100,90,24,34
2024-09-01,5,76,39,37,2,33,33,4,4
2024-09-01,5,80,102,102,0,93,92,9,10
2024-09-01,5,85,101,101,0,93,90,8,11
2024-09-01,5,101,152,148,4,127,124,21,24
2024-09-01,5,102,51,51,0,36,34,15,17
2024-09-01,5,108,81,80,1,68,68,12,12
2024-09-01,5,114,89,89,0,72,74,17,15
2024-09-01,5,116,128,128,0,87,88,41,40
2024-09-01,5,123,51,51,0,40,40,11,11
2024-09-01,5,125,90,90,0,75,77,15,13
2024-09-01,5,127,13,12,1,11,11,1,1
2024-09-01,5,128,90,90,0,77,74,13,16
2024-09-01,6,1,13,13,0,9,10,4,3
2024-09-01,6,2,127,122,5,86,86,36,36
2024-09-01,6,4,18,18,0,15,16,3,2
2024-09-01,6,6,32,32,0,26,28,6,4
2024-09-01,6,7,257,254,3,182,185,72,69
2024-09-01,6,8,40,39,1,24,26,15,13
2024-09-01,6,10,178,177,1,134,139,43,38
2024-09-01,6,12,13,13,0,8,8,5,5
2024-09-01,6,15,49,47,2,28,28,19,19
2024-09-01,6,16,129,124,5,85,102,39,22
2024-09-01,6,17,153,153,0,109,111,44,42
2024-09-01,6,18,110,108,2,79,83,29,25
2024-09-01,6,19,38,38,0,15,23,23,15
2024-09-01,6,20,26,25,1,16,16,9,9
2024-09-01,6,21,35,35,0,14,18,21,17
2024-09-01,6,22,36,36,0,28,32,8,4
2024-09-01,6,23,43,43,0,32,29,11,14
2024-09-01,6,24,18,18,0,14,13,4,5
2024-09-01,6,25,134,134,0,81,85,53,49
2024-09-01,6,26,426,424,2,299,271,125,153
2024-09-01,6,27,13,13,0,7,7,6,6
2024-09-01,6,28,82,82,0,46,49,36,33
2024-09-01,6,29,125,125,0,69,105,56,20
2024-09-01,6,30,36,36,0,24,28,12,8
2024-09-01,6,31,159,155,4,89,83,66,72
2024-09-01,6,32,471,460,11,359,357,101,103
2024-09-01,6,33,132,132,0,80,89,52,43
2024-09-01,6,34,37,37,0,16,21,21,16
2024-09-01,6,36,153,153,0,102,111,51,42
2024-09-01,6,37,78,78,0,58,60,20,18
2024-09-01,6,38,77,77,0,62,62,15,15
2024-09-01,6,40,16,16,0,16,14,0,2
2024-09-01,6,41,112,110,2,91,90,19,20
2024-09-01,6,42,30,30,0,22,26,8,4
2024-09-01,6,43,120,120,0,94,95,26,25
2024-09-01,6,44,246,233,13,205,205,28,28
2024-09-01,6,47,39,39,0,20,25,19,14
2024-09-01,6,48,30,30,0,17,16,13,14
2024-09-01,6,53,26,25,1,18,18,7,7
2024-09-01,6,54,35,35,0,20,19,15,16
2024-09-01,6,55,32,32,0,23,21,9,11
2024-09-01,6,56,30,30,0,25,27,5,3
2024-09-01,6,57,230,229,1,140,149,89,80
2024-09-01,6,58,297,297,0,223,227,74,70
2024-09-01,6,59,36,36,0,29,30,7,6
2024-09-01,6,60,30,30,0,17,17,13,13
2024-09-01,6,61,43,43,0,25,24,18,19
2024-09-01,6,62,114,114,0,88,92,26,22
2024-09-01,6,63,77,75,2,57,57,18,18
2024-09-01,6,64,77,75,2,55,52,20,23
2024-09-01,6,65,67,66,1,53,49,13,17
2024-09-01,6,66,18,18,0,13,13,5,5
2024-09-01,6,67,89,89,0,68,66,21,23
2024-09-01,6,68,30,30,0,20,18,10,12
2024-09-01,6,69,134,134,0,91,101,43,33
2024-09-01,6,70,255,253,2,180,163,73,90
2024-09-01,6,72,431,430,1,322,303,108,127
2024-09-01,6,73,78,78,0,70,61,8,17
2024-09-01,6,74,120,120,0,94,95,26,25
2024-09-01,6,75,30,30,0,16,21,14,9
2024-09-01,6,77,230,230,0,165,168,65,62
2024-09-01,6,78,114,114,0,80,76,34,38
2024-09-01,6,79,90,89,1,66,63,23,26
2024-09-01,6,81,43,43,0,38,38,5,5
2024-09-01,6,82,214,211,3,160,153,51,58
2024-09-01,6,83,68,68,0,53,57,15,11
2024-09-01,6,84,780,750,30,606,562,144,188
2024-09-01,6,86,13,13,0,7,8,6,5
2024-09-01,6,87,81,81,0,55,52,26,29
2024-09-01,6,88,43,43,0,37,36,6,7
2024-09-01,6,89,44,44,0,37,33,7,11
2024-09-01,6,90,41,41,0,33,29,8,12
2024-09-01,6,91,121,120,1,72,85,48,35
2024-09-01,6,92,37,37,0,21,25,16,12
2024-09-01,6,94,77,75,2,64,61,11,14
2024-09-01,6,95,67,66,1,52,51,14,15
2024-09-01,6,96,225,222,3,162,175,60,47
2024-09-01,6,97,44,44,0,38,37,6,7
2024-09-01,6,98,29,28,1,23,20,5,8
2024-09-01,6,99,153,153,0,93,132,60,21
2024-09-01,6,100,29,28,1,16,16,12,12
2024-09-01,6,103,36,36,0,24,24,12,12
2024-09-01,6,104,158,154,4,87,76,67,78
2024-09-01,6,105,68,68,0,51,52,17,16
2024-09-01,6,106,63,63,0,45,31,18,32
2024-09-01,6,107,178,177,1,143,127,34,50
2024-09-01,6,110,49,47,2,35,31,12,16
2024-09-01,6,111,468,456,12,371,358,85,98
2024-09-01,6,112,77,77,0,60,65,17,12
2024-09-01,6,113,245,232,13,202,208,30,24
2024-09-01,6,117,297,297,0,225,212,72,85
2024-09-01,6,118,30,30,0,27,27,3,3
2024-09-01,6,119,77,76,1,65,63,11,13
2024-09-01,6,120,30,30,0,22,24,8,6
2024-09-01,6,121,769,739,30,584,532,155,207
2024-09-01,6,122,167,167,0,117,122,50,45
2024-09-01,6,124,63,63,0,47,47,16,16
2024-09-01,6,126,132,131,1,87,90,44,41
2024-09-01,7,8,35,35,0,10,18,25,17
2024-09-01,7,34,14,14,0,1,6,13,8
2024-09-01,7,49,18,18,0,6,9,12,9
2024-09-01,7,64,24,22,2,13,13,9,9
2024-09-01,7,65,14,14,0,4,7,10,7
2024-09-01,7,89,11,11,0,8,8,3,3
2024-09-01,7,90,35,35,0,22,15,13,20
2024-09-01,7,92,14,14,0,10,11,4,3
2024-09-01,7,93,18,18,0,8,8,10,10
2024-09-01,7,94,24,22,2,14,13,8,9
2024-09-01,7,95,14,14,0,8,6,6,8
2024-09-01,7,97,11,11,0,9,9,2,2
2024-09-01,7,98,26,26,0,19,16,7,10
2024-09-01,7,100,26,26,0,11,13,15,13
2024-10-01,2,2,38,38,0,34,33,4,5
2024-10-01,2,6,32,32,0,29,29,3,3
2024-10-01,2,7,116,114,2,77,84,37,30
2024-10-01,2,8,31,31,0,18,20,13,11
2024-10-01,2,10,140,137,3,103,101,34,36
2024-10-01,2,15,81,81,0,62,63,19,18
2024-10-01,2,16,39,38,1,24,27,14,11
2024-10-01,2,17,98,98,0,75,82,23,16
2024-10-01,2,18,32,32,0,27,31,5,1
2024-10-01,2,19,29,28,1,24,26,4,2
2024-10-01,2,23,25,25,0,23,22,2,3
2024-10-01,2,24,25,25,0,22,21,3,4
2024-10-01,2,25,31,31,0,18,21,13,10
2024-10-01,2,26,165,161,4,113,116,48,45
2024-10-01,2,28,56,56,0,47,48,9,8
2024-10-01,2,29,26,25,1,9,16,16,9
2024-10-01,2,30,31,31,0,25,26,6,5
2024-10-01,2,32,193,191,2,140,133,51,58
2024-10-01,2,33,60,60,0,41,41,19,19
2024-10-01,2,36,100,100,0,80,76,20,24
2024-10-01,2,37,120,119,1,80,85,39,34
2024-10-01,2,38,114,113,1,80,79,33,34
2024-10-01,2,41,31,31,0,26,25,5,6
2024-10-01,2,42,16,16,0,13,12,3,4
2024-10-01,2,43,30,30,0,20,19,10,11
2024-10-01,2,47,30,29,1,23,23,6,6
2024-10-01,2,48,29,28,1,18,15,10,13
2024-10-01,2,55,31,31,0,26,27,5,4
2024-10-01,2,56,16,16,0,13,15,3,1
2024-10-01,2,57,227,224,3,140,141,84,83
2024-10-01,2,58,275,273,2,221,224,52,49
2024-10-01,2,60,19,19,0,12,13,7,6
2024-10-01,2,61,25,25,0,20,21,5,4
2024-10-01,2,62,158,158,0,90,98,68,60
2024-10-01,2,63,78,78,0,55,58,23,20
2024-10-01,2,66,24,24,0,11,11,13,13
2024-10-01,2,67,89,88,1,38,41,50,47
2024-10-01,2,68,43,43,0,34,33,9,10
2024-10-01,2,69,31,31,0,19,18,12,13
2024-10-01,2,70,117,117,0,85,88,32,29
2024-10-01,2,72,164,161,3,97,96,64,65
2024-10-01,2,73,120,119,1,73,87,46,32
2024-10-01,2,74,31,31,0,25,24,6,7
2024-10-01,2,75,29,29,0,19,22,10,7
2024-10-01,2,77,226,224,2,135,137,89,87
2024-10-01,2,78,158,158,0,116,111,42,47
2024-10-01,2,79,88,88,0,49,48,39,40
2024-10-01,2,81,60,59,1,41,40,18,19
2024-10-01,2,82,82,81,1,57,55,24,26
2024-10-01,2,83,71,71,0,53,49,18,22
2024-10-01,2,84,436,428,8,286,311,142,117
2024-10-01,2,87,56,55,1,46,44,9,11
2024-10-01,2,88,60,59,1,34,40,25,19
2024-10-01,2,90,31,31,0,19,20,12,11
2024-10-01,2,91,27,25,2,11,11,14,14
2024-10-01,2,96,82,80,2,45,50,35,30
2024-10-01,2,99,61,58,3,34,35,24,23
2024-10-01,2,103,31,31,0,24,24,7,7
2024-10-01,2,105,72,72,0,42,48,30,24
2024-10-01,2,106,96,96,0,73,72,23,24
2024-10-01,2,107,140,137,3,101,103,36,34
2024-10-01,2,110,81,81,0,72,71,9,10
2024-10-01,2,111,193,191,2,131,137,60,54
2024-10-01,2,112,115,114,1,87,90,27,24
2024-10-01,2,117,274,273,1,215,222,58,51
2024-10-01,2,118,19,19,0,18,18,1,1
2024-10-01,2,119,78,78,0,62,62,16,16
2024-10-01,2,120,43,43,0,34,38,9,5
2024-10-01,2,121,437,431,6,312,305,119,126
2024-10-01,2,122,61,58,3,38,40,20,18
2024-10-01,2,124,96,96,0,76,78,20,18
2024-10-01,2,126,60,59,1,40,41,19,18
2024-10-01,3,7,265,264,1,203,211,61,53
2024-10-01,3,8,93,93,0,75,76,18,17
2024-10-01,3,10,248,241,7,176,174,65,67
2024-10-01,3,17,59,59,0,47,48,12,11
2024-10-01,3,18,5,5,0,5,4,0,1
2024-10-01,3,19,19,18,1,15,15,3,3
2024-10-01,3,25,54,54,0,36,37,18,17
2024-10-01,3,26,326,321,5,231,228,90,93
2024-10-01,3,27,41,41,0,34,37,7,4
2024-10-01,3,29,161,160,1,116,117,44,43
2024-10-01,3,32,562,552,10,436,405,116,147
2024-10-01,3,33,21,21,0,20,21,1,0
2024-10-01,3,36,59,59,0,44,44,15,15
2024-10-01,3,37,32,32,0,16,22,16,10
2024-10-01,3,38,41,41,0,25,26,16,15
2024-10-01,3,41,4,4,0,4,4,0,0
2024-10-01,3,43,19,19,0,13,14,6,5
2024-10-01,3,44,49,48,1,41,40,7,8
2024-10-01,3,47,20,19,1,17,17,2,2
2024-10-01,3,48,31,31,0,21,26,10,5
2024-10-01,3,49,17,17,0,9,13,8,4
2024-10-01,3,57,36,36,0,19,18,17,18
2024-10-01,3,58,102,102,0,83,83,19,19
2024-10-01,3,60,30,30,0,14,15,16,15
2024-10-01,3,62,42,42,0,32,31,10,11
2024-10-01,3,63,80,80,0,52,54,28,26
2024-10-01,3,64,21,21,0,16,15,5,6
2024-10-01,3,65,12,12,0,11,11,1,1
2024-10-01,3,69,54,54,0,45,43,9,11
2024-10-01,3,70,265,262,3,192,188,70,74
2024-10-01,3,72,331,324,7,241,246,83,78
2024-10-01,3,73,32,32,0,23,24,9,8
2024-10-01,3,74,19,19,0,14,13,5,6
2024-10-01,3,75,31,31,0,21,24,10,7
2024-10-01,3,77,36,36,0,26,25,10,11
2024-10-01,3,78,41,41,0,29,26,12,15
2024-10-01,3,82,210,209,1,147,131,62,78
2024-10-01,3,83,32,32,0,24,21,8,11
2024-10-01,3,84,949,912,37,718,657,194,255
2024-10-01,3,86,41,41,0,34,32,7,9
2024-10-01,3,89,14,14,0,14,14,0,0
2024-10-01,3,90,93,93,0,70,67,23,26
2024-10-01,3,91,162,162,0,117,113,45,49
2024-10-01,3,93,17,17,0,11,10,6,7
2024-10-01,3,94,21,21,0,21,20,0,1
2024-10-01,3,95,12,12,0,12,12,0,0
2024-10-01,3,96,209,204,5,132,150,72,54
2024-10-01,3,97,14,14,0,14,14,0,0
2024-10-01,3,99,201,200,1,115,114,85,86
2024-10-01,3,105,32,32,0,12,17,20,15
2024-10-01,3,106,58,58,0,46,43,12,15
2024-10-01,3,107,248,244,4,171,175,73,69
2024-10-01,3,111,561,554,7,399,399,155,155
2024-10-01,3,112,42,42,0,31,29,11,13
2024-10-01,3,113,49,48,1,44,42,4,6
2024-10-01,3,117,103,103,0,74,81,29,22
2024-10-01,3,118,30,30,0,20,24,10,6
2024-10-01,3,119,80,80,0,58,57,22,23
2024-10-01,3,121,959,922,37,675,672,247,250
2024-10-01,3,122,201,199,2,115,118,84,81
2024-10-01,3,124,57,57,0,29,37,28,20
2024-10-01,3,126,21,21,0,19,20,2,1
2024-10-01,4,1,47,46,1,36,38,10,8
2024-10-01,4,2,149,148,1,112,115,36,33
2024-10-01,4,4,94,92,2,80,78,12,14
2024-10-01,4,6,5,5,0,4,4,1,1
2024-10-01,4,7,13,12,1,9,10,3,2
2024-10-01,4,9,139,136,3,128,129,8,7
2024-10-01,4,11,100,97,3,67,65,30,32
2024-10-01,4,12,47,45,2,37,37,8,8
2024-10-01,4,15,54,53,1,44,41,9,12
2024-10-01,4,16,149,146,3,101,107,45,39
2024-10-01,4,17,110,109,1,59,53,50,56
2024-10-01,4,18,146,143,3,102,106,41,37
2024-10-01,4,19,26,26,0,23,19,3,7
2024-10-01,4,20,135,130,5,107,107,23,23
2024-10-01,4,21,138,132,6,90,87,42,45
2024-10-01,4,22,27,27,0,20,20,7,7
2024-10-01,4,23,16,15,1,11,12,4,3
2024-10-01,4,25,95,93,2,52,58,41,35
2024-10-01,4,26,91,71,20,35,28,36,43
2024-10-01,4,27,20,20,0,16,12,4,8
2024-10-01,4,28,85,82,3,60,57,22,25
2024-10-01,4,30,17,17,0,11,14,6,3
2024-10-01,4,31,183,177,6,125,139,52,38
2024-10-01,4,33,159,152,7,92,98,60,54
2024-10-01,4,34,86,82,4,55,51,27,31
2024-10-01,4,36,109,108,1,59,55,49,53
2024-10-01,4,38,8,8,0,6,6,2,2
2024-10-01,4,39,145,140,5,112,114,28,26
2024-10-01,4,40,93,91,2,78,79,13,12
2024-10-01,4,41,147,144,3,105,106,39,38
2024-10-01,4,43,193,181,12,136,129,45,52
2024-10-01,4,44,379,354,25,274,274,80,80
2024-10-01,4,45,115,105,10,84,82,21,23
2024-10-01,4,47,26,26,0,19,15,7,11
2024-10-01,4,49,22,22,0,15,16,7,6
2024-10-01,4,51,110,106,4,92,90,14,16
2024-10-01,4,52,115,113,2,96,95,17,18
2024-10-01,4,53,135,128,7,107,107,21,21
2024-10-01,4,54,138,132,6,98,96,34,36
2024-10-01,4,55,5,5,0,3,3,2,2
2024-10-01,4,59,27,27,0,17,15,10,12
2024-10-01,4,61,16,15,1,10,11,5,4
2024-10-01,4,62,60,58,2,28,30,30,28
2024-10-01,4,63,5,5,0,4,5,1,0
2024-10-01,4,64,64,58,6,40,40,18,18
2024-10-01,4,65,145,144,1,99,95,45,49
2024-10-01,4,67,79,72,7,54,54,18,18
2024-10-01,4,68,23,23,0,18,20,5,3
2024-10-01,4,69,100,97,3,65,52,32,45
2024-10-01,4,70,13,13,0,12,13,1,0
2024-10-01,4,72,89,73,16,47,36,26,37
2024-10-01,4,74,193,180,13,134,135,46,45
2024-10-01,4,76,110,109,1,89,87,20,22
2024-10-01,4,78,61,60,1,38,35,22,25
2024-10-01,4,79,79,74,5,48,45,26,29
2024-10-01,4,80,95,92,3,70,63,22,29
2024-10-01,4,81,54,53,1,32,28,21,25
2024-10-01,4,85,96,93,3,65,73,28,20
2024-10-01,4,86,20,20,0,13,9,7,11
2024-10-01,4,87,85,83,2,63,60,20,23
2024-10-01,4,88,54,53,1,43,40,10,13
2024-10-01,4,89,112,108,4,76,64,32,44
2024-10-01,4,92,87,84,3,57,56,27,28
2024-10-01,4,93,22,22,0,18,17,4,5
2024-10-01,4,94,64,58,6,41,39,17,19
2024-10-01,4,95,147,146,1,102,102,44,44
2024-10-01,4,97,111,107,4,83,77,24,30
2024-10-01,4,98,145,138,7,109,101,29,37
2024-10-01,4,100,147,134,13,81,79,53,55
2024-10-01,4,101,139,136,3,129,129,7,7
2024-10-01,4,102,115,114,1,91,86,23,28
2024-10-01,4,103,17,17,0,13,14,4,3
2024-10-01,4,104,183,177,6,140,134,37,43
2024-10-01,4,108,100,97,3,72,71,25,26
2024-10-01,4,110,54,53,1,42,43,11,10
2024-10-01,4,112,8,8,0,6,5,2,3
2024-10-01,4,113,379,363,16,278,290,85,73
2024-10-01,4,114,113,107,6,74,84,33,23
2024-10-01,4,116,115,113,2,91,91,22,22
2024-10-01,4,119,5,5,0,4,4,1,1
2024-10-01,4,120,23,23,0,20,18,3,5
2024-10-01,4,123,115,114,1,85,85,29,29
2024-10-01,4,125,116,115,1,95,97,20,18
2024-10-01,4,126,158,151,7,99,90,52,61
2024-10-01,4,127,145,136,9,122,120,14,16
2024-10-01,4,128,116,114,2,103,105,11,9
2024-10-01,5,9,153,147,6,116,115,31,32
2024-10-01,5,11,82,82,0,75,74,7,8
2024-10-01,5,39,14,14,0,9,9,5,5
2024-10-01,5,45,91,90,1,72,65,18,25
2024-10-01,5,51,52,52,0,46,45,6,7
2024-10-01,5,52,132,131,1,104,96,27,35
2024-10-01,5,76,52,52,0,47,47,5,5
2024-10-01,5,80,107,106,1,88,86,18,20
2024-10-01,5,85,107,106,1,87,80,19,26
2024-10-01,5,101,153,147,6,116,117,31,30
2024-10-01,5,102,58,58,0,46,39,12,19
2024-10-01,5,108,82,82,0,69,68,13,14
2024-10-01,5,114,91,91,0,77,78,14,13
2024-10-01,5,116,130,129,1,92,98,37,31
2024-10-01,5,123,59,59,0,46,46,13,13
2024-10-01,5,125,89,89,0,75,75,14,14
2024-10-01,5,127,15,15,0,11,9,4,6
2024-10-01,5,128,89,89,0,76,70,13,19
2024-10-01,6,1,13,13,0,11,12,2,1
2024-10-01,6,2,133,133,0,102,108,31,25
2024-10-01,6,4,17,17,0,10,11,7,6
2024-10-01,6,6,32,32,0,25,26,7,6
2024-10-01,6,7,261,259,2,187,195,72,64
2024-10-01,6,8,44,44,0,21,19,23,25
2024-10-01,6,10,181,180,1,122,117,58,63
2024-10-01,6,12,13,13,0,7,7,6,6
2024-10-01,6,15,48,48,0,29,32,19,16
2024-10-01,6,16,133,132,1,92,104,40,28
2024-10-01,6,17,148,148,0,108,113,40,35
2024-10-01,6,18,109,108,1,77,77,31,31
2024-10-01,6,19,31,31,0,22,19,9,12
2024-10-01,6,20,27,27,0,20,20,7,7
2024-10-01,6,21,36,35,1,25,28,10,7
2024-10-01,6,22,37,37,0,26,29,11,8
2024-10-01,6,23,49,49,0,37,37,12,12
2024-10-01,6,24,16,16,0,10,11,6,5
2024-10-01,6,25,139,137,2,80,92,57,45
2024-10-01,6,26,433,429,4,290,274,139,155
2024-10-01,6,27,13,13,0,9,10,4,3
2024-10-01,6,28,85,84,1,41,38,43,46
2024-10-01,6,29,134,133,1,69,97,64,36
2024-10-01,6,30,38,38,0,24,27,14,11
2024-10-01,6,31,166,166,0,93,96,73,70
2024-10-01,6,32,509,502,7,367,343,135,159
2024-10-01,6,33,141,140,1,92,92,48,48
2024-10-01,6,34,41,41,0,24,25,17,16
2024-10-01,6,36,148,148,0,86,86,62,62
2024-10-01,6,37,68,68,0,37,36,31,32
2024-10-01,6,38,88,87,1,74,72,13,15
2024-10-01,6,40,17,17,0,11,13,6,4
2024-10-01,6,41,109,108,1,88,88,20,20
2024-10-01,6,42,31,31,0,26,26,5,5
2024-10-01,6,43,122,121,1,94,95,27,26
2024-10-01,6,44,262,259,3,217,216,42,43
2024-10-01,6,47,33,33,0,19,18,14,15
2024-10-01,6,48,31,31,0,19,16,12,15
2024-10-01,6,53,27,27,0,22,23,5,4
2024-10-01,6,54,36,35,1,27,26,8,9
2024-10-01,6,55,32,32,0,19,24,13,8
2024-10-01,6,56,31,31,0,23,24,8,7
2024-10-01,6,57,261,261,0,150,176,111,85
2024-10-01,6,58,312,310,2,207,214,103,96
2024-10-01,6,59,37,37,0,23,25,14,12
2024-10-01,6,60,29,29,0,14,8,15,21
2024-10-01,6,61,49,49,0,34,34,15,15
2024-10-01,6,62,117,117,0,92,98,25,19
2024-10-01,6,63,79,78,1,56,52,22,26
2024-10-01,6,64,91,88,3,59,59,29,29
2024-10-01,6,65,69,68,1,56,51,12,17
2024-10-01,6,66,16,16,0,11,10,5,6
2024-10-01,6,67,93,93,0,70,71,23,22
2024-10-01,6,68,31,31,0,20,18,11,13
2024-10-01,6,69,139,137,2,98,100,39,37
2024-10-01,6,70,259,259,0,187,177,72,82
2024-10-01,6,72,437,434,3,329,328,105,106
2024-10-01,6,73,68,68,0,59,57,9,11
2024-10-01,6,74,122,122,0,97,97,25,25
2024-10-01,6,75,31,31,0,19,24,12,7
2024-10-01,6,77,262,262,0,189,191,73,71
2024-10-01,6,78,118,117,1,88,84,29,33
2024-10-01,6,79,93,93,0,67,66,26,27
2024-10-01,6,81,43,43,0,36,39,7,4
2024-10-01,6,82,220,218,2,142,149,76,69
2024-10-01,6,83,67,67,0,50,52,17,15
2024-10-01,6,84,793,781,12,611,551,170,230
2024-10-01,6,86,13,13,0,12,10,1,3
2024-10-01,6,87,85,84,1,52,53,32,31
2024-10-01,6,88,43,43,0,38,36,5,7
2024-10-01,6,89,48,48,0,32,28,16,20
2024-10-01,6,90,45,45,0,34,28,11,17
2024-10-01,6,91,133,133,0,85,90,48,43
2024-10-01,6,92,41,41,0,30,28,11,13
2024-10-01,6,94,91,90,1,69,62,21,28
2024-10-01,6,95,69,68,1,57,56,11,12
2024-10-01,6,96,230,229,1,148,149,81,80
2024-10-01,6,97,48,48,0,39,35,9,13
2024-10-01,6,98,43,42,1,36,30,6,12
2024-10-01,6,99,163,161,2,104,129,57,32
2024-10-01,6,100,43,41,2,24,22,17,19
2024-10-01,6,103,38,38,0,24,23,14,15
2024-10-01,6,104,166,166,0,101,87,65,79
2024-10-01,6,105,67,67,0,42,47,25,20
2024-10-01,6,106,67,66,1,36,23,30,43
2024-10-01,6,107,180,180,0,122,122,58,58
2024-10-01,6,110,48,48,0,37,35,11,13
2024-10-01,6,111,499,494,5,379,373,115,121
2024-10-01,6,112,88,87,1,73,80,14,7
2024-10-01,6,113,262,259,3,218,225,41,34
2024-10-01,6,117,311,310,1,228,214,82,96
2024-10-01,6,118,29,29,0,18,22,11,7
2024-10-01,6,119,79,78,1,61,59,17,19
2024-10-01,6,120,31,31,0,22,23,9,8
2024-10-01,6,121,790,778,12,571,549,207,229
2024-10-01,6,122,170,170,0,108,115,62,55
2024-10-01,6,124,67,67,0,47,41,20,26
2024-10-01,6,126,141,139,2,93,98,46,41
2024-10-01,7,8,30,30,0,10,13,20,17
2024-10-01,7,34,13,13,0,6,11,7,2
2024-10-01,7,49,17,17,0,9,11,8,6
2024-10-01,7,64,18,18,0,8,10,10,8
2024-10-01,7,65,16,16,0,7,11,9,5
2024-10-01,7,89,12,11,1,6,8,5,3
2024-10-01,7,90,30,30,0,18,18,12,12
2024-10-01,7,92,13,13,0,11,13,2,0
2024-10-01,7,93,17,17,0,10,9,7,8
2024-10-01,7,94,18,18,0,13,11,5,7
2024-10-01,7,95,16,16,0,9,9,7,7
2024-10-01,7,97,12,11,1,10,11,1,0
2024-10-01,7,98,16,16,0,9,7,7,9
2024-10-01,7,100,16,16,0,4,5,12,11
2024-11-01,2,2,34,34,0,31,28,3,6
2024-11-01,2,6,30,30,0,28,24,2,6
2024-11-01,2,7,90,89,1,47,54,42,35
2024-11-01,2,8,30,30,0,20,19,10,11
2024-11-01,2,10,131,123,8,84,86,39,37
2024-11-01,2,15,78,77,1,57,57,20,20
2024-11-01,2,16,34,34,0,24,26,10,8
2024-11-01,2,17,86,86,0,65,68,21,18
2024-11-01,2,18,30,30,0,18,16,12,14
2024-11-01,2,19,18,17,1,13,13,4,4
2024-11-01,2,23,22,22,0,18,18,4,4
2024-11-01,2,24,22,22,0,9,11,13,11
2024-11-01,2,25,30,30,0,13,12,17,18
2024-11-01,2,26,120,117,3,82,84,35,33
2024-11-01,2,28,54,52,2,34,34,18,18
2024-11-01,2,29,26,26,0,13,10,13,16
2024-11-01,2,30,30,30,0,20,18,10,12
2024-11-01,2,32,209,196,13,117,118,79,78
2024-11-01,2,33,52,52,0,37,38,15,14
2024-11-01,2,36,86,86,0,70,70,16,16
2024-11-01,2,37,91,90,1,49,52,41,38
2024-11-01,2,38,82,80,2,55,61,25,19
2024-11-01,2,41,30,30,0,13,12,17,18
2024-11-01,2,42,13,13,0,10,10,3,3
2024-11-01,2,43,30,30,0,22,23,8,7
2024-11-01,2,47,18,17,1,12,12,5,5
2024-11-01,2,48,23,22,1,11,17,11,5
2024-11-01,2,55,30,30,0,26,26,4,4
2024-11-01,2,56,13,13,0,10,12,3,1
2024-11-01,2,57,190,186,4,125,132,61,54
2024-11-01,2,58,227,219,8,144,148,75,71
2024-11-01,2,60,17,17,0,9,10,8,7
2024-11-01,2,61,22,22,0,14,12,8,10
2024-11-01,2,62,145,141,4,67,65,74,76
2024-11-01,2,63,80,79,1,46,47,33,32
2024-11-01,2,66,22,22,0,7,8,15,14
2024-11-01,2,67,73,73,0,35,37,38,36
2024-11-01,2,68,40,39,1,32,32,7,7
2024-11-01,2,69,30,30,0,12,11,18,19
2024-11-01,2,70,90,89,1,56,54,33,35
2024-11-01,2,72,120,117,3,64,64,53,53
2024-11-01,2,73,91,89,2,57,56,32,33
2024-11-01,2,74,30,30,0,25,26,5,4
2024-11-01,2,75,23,22,1,19,16,3,6
2024-11-01,2,77,189,185,4,110,110,75,75
2024-11-01,2,78,144,141,3,86,85,55,56
2024-11-01,2,79,73,73,0,37,42,36,31
2024-11-01,2,81,56,55,1,38,43,17,12
2024-11-01,2,82,78,75,3,48,53,27,22
2024-11-01,2,83,78,77,1,47,45,30,32
2024-11-01,2,84,392,372,20,240,246,132,126
2024-11-01,2,87,55,53,2,33,38,20,15
2024-11-01,2,88,57,55,2,39,44,16,11
2024-11-01,2,90,30,30,0,26,22,4,8
2024-11-01,2,91,28,26,2,7,7,19,19
2024-11-01,2,96,80,74,6,43,49,31,25
2024-11-01,2,99,56,56,0,33,39,23,17
2024-11-01,2,103,30,30,0,18,20,12,10
2024-11-01,2,105,78,77,1,36,47,41,30
2024-11-01,2,106,110,106,4,77,79,29,27
2024-11-01,2,107,131,122,9,82,81,40,41
2024-11-01,2,110,78,77,1,62,66,15,11
2024-11-01,2,111,205,196,9,113,116,83,80
2024-11-01,2,112,82,81,1,66,65,15,16
2024-11-01,2,117,229,220,9,160,166,60,54
2024-11-01,2,118,17,17,0,13,13,4,4
2024-11-01,2,119,80,79,1,61,60,18,19
2024-11-01,2,120,40,39,1,34,34,5,5
2024-11-01,2,121,391,373,18,241,251,132,122
2024-11-01,2,122,56,56,0,41,37,15,19
2024-11-01,2,124,109,106,3,80,84,26,22
2024-11-01,2,126,53,53,0,39,39,14,14
2024-11-01,3,7,258,253,5,172,184,81,69
2024-11-01,3,8,89,89,0,69,66,20,23
2024-11-01,3,10,240,229,11,143,146,86,83
2024-11-01,3,17,16,16,0,13,14,3,2
2024-11-01,3,19,29,29,0,21,24,8,5
2024-11-01,3,25,96,96,0,60,61,36,35
2024-11-01,3,26,363,355,8,214,201,141,154
2024-11-01,3,29,162,161,1,107,84,54,77
2024-11-01,3,32,506,492,14,307,289,185,203
2024-11-01,3,33,20,20,0,15,17,5,3
2024-11-01,3,36,16,16,0,14,15,2,1
2024-11-01,3,37,30,30,0,16,15,14,15
2024-11-01,3,38,35,34,1,20,17,14,17
2024-11-01,3,43,53,52,1,28,35,24,17
2024-11-01,3,44,27,26,1,17,16,9,10
2024-11-01,3,47,30,30,0,23,18,7,12
2024-11-01,3,48,30,30,0,24,27,6,3
2024-11-01,3,49,30,30,0,20,20,10,10
2024-11-01,3,57,36,36,0,18,23,18,13
2024-11-01,3,58,90,89,1,50,53,39,36
2024-11-01,3,60,29,28,1,15,15,13,13
2024-11-01,3,62,31,30,1,14,16,16,14
2024-11-01,3,63,52,51,1,34,35,17,16
2024-11-01,3,64,12,12,0,10,10,2,2
2024-11-01,3,69,97,96,1,70,70,26,26
2024-11-01,3,70,259,256,3,154,168,102,88
2024-11-01,3,72,366,357,9,209,225,148,132
2024-11-01,3,73,30,30,0,23,21,7,9
2024-11-01,3,74,57,56,1,38,39,18,17
2024-11-01,3,75,30,30,0,19,22,11,8
2024-11-01,3,77,35,35,0,24,25,11,10
2024-11-01,3,78,32,31,1,12,19,19,12
2024-11-01,3,82,200,197,3,115,115,82,82
2024-11-01,3,83,29,29,0,19,22,10,7
2024-11-01,3,84,876,817,59,529,476,288,341
2024-11-01,3,89,8,8,0,7,7,1,1
2024-11-01,3,90,89,89,0,70,68,19,21
2024-11-01,3,91,160,159,1,99,116,60,43
2024-11-01,3,93,30,30,0,23,24,7,6
2024-11-01,3,94,12,12,0,12,12,0,0
2024-11-01,3,96,200,196,4,115,129,81,67
2024-11-01,3,97,8,8,0,7,7,1,1
2024-11-01,3,99,194,192,2,101,113,91,79
2024-11-01,3,105,30,29,1,14,18,15,11
2024-11-01,3,106,56,56,0,32,37,24,19
2024-11-01,3,107,239,226,13,136,129,90,97
2024-11-01,3,111,509,496,13,270,252,226,244
2024-11-01,3,112,35,34,1,19,23,15,11
2024-11-01,3,113,24,23,1,14,14,9,9
2024-11-01,3,117,89,88,1,46,48,42,40
2024-11-01,3,118,30,29,1,13,17,16,12
2024-11-01,3,119,53,51,2,29,37,22,14
2024-11-01,3,121,884,824,60,447,448,377,376
2024-11-01,3,122,196,193,3,92,66,101,127
2024-11-01,3,124,55,54,1,27,26,27,28
2024-11-01,3,126,20,19,1,15,15,4,4
2024-11-01,4,1,39,38,1,27,27,11,11
2024-11-01,4,2,171,170,1,129,132,41,38
2024-11-01,4,4,91,91,0,74,69,17,22
2024-11-01,4,7,1,1,0,1,1,0,0
2024-11-01,4,9,115,114,1,104,104,10,10
2024-11-01,4,11,99,97,2,64,69,33,28
2024-11-01,4,12,39,38,1,25,25,13,13
2024-11-01,4,15,45,41,4,31,29,10,12
2024-11-01,4,16,171,168,3,107,112,61,56
2024-11-01,4,17,148,145,3,75,82,70,63
2024-11-01,4,18,151,145,6,96,97,49,48
2024-11-01,4,20,113,108,5,82,86,26,22
2024-11-01,4,21,125,119,6,80,86,39,33
2024-11-01,4,22,26,26,0,14,20,12,6
2024-11-01,4,23,18,18,0,12,12,6,6
2024-11-01,4,25,19,19,0,12,11,7,8
2024-11-01,4,26,21,20,1,2,1,18,19
2024-11-01,4,27,83,82,1,54,53,28,29
2024-11-01,4,28,81,80,1,59,58,21,22
2024-11-01,4,30,16,15,1,10,12,5,3
2024-11-01,4,31,173,169,4,124,127,45,42
2024-11-01,4,33,144,143,1,97,90,46,53
2024-11-01,4,34,72,72,0,39,32,33,40
2024-11-01,4,36,148,145,3,82,73,63,72
2024-11-01,4,39,123,122,1,99,98,23,24
2024-11-01,4,40,90,90,0,72,76,18,14
2024-11-01,4,41,150,142,8,89,95,53,47
2024-11-01,4,43,138,126,12,60,54,66,72
2024-11-01,4,44,418,401,17,285,285,116,116
2024-11-01,4,45,109,104,5,71,72,33,32
2024-11-01,4,49,2,2,0,2,2,0,0
2024-11-01,4,51,99,95,4,79,81,16,14
2024-11-01,4,52,112,104,8,81,84,23,20
2024-11-01,4,53,112,107,5,89,88,18,19
2024-11-01,4,54,126,120,6,97,92,23,28
2024-11-01,4,59,26,26,0,19,19,7,7
2024-11-01,4,61,18,18,0,4,6,14,12
2024-11-01,4,62,84,77,7,39,38,38,39
2024-11-01,4,63,32,27,5,10,11,17,16
2024-11-01,4,64,60,55,5,39,40,16,15
2024-11-01,4,65,152,148,4,100,84,48,64
2024-11-01,4,67,56,54,2,25,26,29,28
2024-11-01,4,68,30,28,2,16,19,12,9
2024-11-01,4,69,23,23,0,17,17,6,6
2024-11-01,4,70,1,1,0,1,1,0,0
2024-11-01,4,72,21,20,1,9,6,11,14
2024-11-01,4,74,139,128,11,56,49,72,79
2024-11-01,4,76,98,95,3,80,80,15,15
2024-11-01,4,78,83,76,7,30,31,46,45
2024-11-01,4,79,57,54,3,23,21,31,33
2024-11-01,4,80,98,96,2,85,82,11,14
2024-11-01,4,81,51,50,1,21,26,29,24
2024-11-01,4,85,98,96,2,84,84,12,12
2024-11-01,4,86,83,82,1,50,46,32,36
2024-11-01,4,87,81,80,1,62,54,18,26
2024-11-01,4,88,51,50,1,41,35,9,15
2024-11-01,4,89,104,104,0,65,58,39,46
2024-11-01,4,92,72,72,0,47,43,25,29
2024-11-01,4,93,2,2,0,2,2,0,0
2024-11-01,4,94,60,55,5,40,41,15,14
2024-11-01,4,95,154,152,2,117,106,35,46
2024-11-01,4,97,104,104,0,80,75,24,29
2024-11-01,4,98,129,128,1,101,98,27,30
2024-11-01,4,100,130,127,3,83,82,44,45
2024-11-01,4,101,115,115,0,106,105,9,10
2024-11-01,4,102,111,104,7,83,79,21,25
2024-11-01,4,103,17,15,2,12,13,3,2
2024-11-01,4,104,175,169,6,120,109,49,60
2024-11-01,4,108,99,97,2,69,71,28,26
2024-11-01,4,110,45,44,1,30,32,14,12
2024-11-01,4,113,417,401,16,300,302,101,99
2024-11-01,4,114,111,107,4,64,74,43,33
2024-11-01,4,116,112,104,8,76,77,28,27
2024-11-01,4,119,32,27,5,10,13,17,14
2024-11-01,4,120,30,27,3,10,10,17,17
2024-11-01,4,123,111,106,5,73,79,33,27
2024-11-01,4,125,109,104,5,84,75,20,29
2024-11-01,4,126,144,142,2,112,109,30,33
2024-11-01,4,127,124,120,4,108,108,12,12
2024-11-01,4,128,109,103,6,87,89,16,14
2024-11-01,5,9,146,139,7,110,106,29,33
2024-11-01,5,11,69,68,1,50,47,18,21
2024-11-01,5,39,12,11,1,11,11,0,0
2024-11-01,5,45,76,76,0,44,41,32,35
2024-11-01,5,51,50,49,1,41,38,8,11
2024-11-01,5,52,126,123,3,80,75,43,48
2024-11-01,5,76,49,49,0,42,42,7,7
2024-11-01,5,80,98,98,0,81,77,17,21
2024-11-01,5,85,99,98,1,78,72,20,26
2024-11-01,5,101,147,139,8,110,108,29,31
2024-11-01,5,102,78,76,2,55,55,21,21
2024-11-01,5,108,69,68,1,48,48,20,20
2024-11-01,5,114,75,75,0,47,49,28,26
2024-11-01,5,116,125,122,3,76,78,46,44
2024-11-01,5,123,77,75,2,57,55,18,20
2024-11-01,5,125,85,84,1,68,69,16,15
2024-11-01,5,127,12,11,1,10,10,1,1
2024-11-01,5,128,85,84,1,69,62,15,22
2024-11-01,6,1,13,13,0,8,9,5,4
2024-11-01,6,2,127,126,1,80,90,46,36
2024-11-01,6,4,17,17,0,9,9,8,8
2024-11-01,6,6,32,31,1,28,29,3,2
2024-11-01,6,7,281,276,5,177,182,99,94
2024-11-01,6,8,59,59,0,28,25,31,34
2024-11-01,6,10,167,164,3,99,105,65,59
2024-11-01,6,12,13,13,0,4,5,9,8
2024-11-01,6,15,52,51,1,34,36,17,15
2024-11-01,6,16,127,126,1,72,75,54,51
2024-11-01,6,17,142,142,0,76,81,66,61
2024-11-01,6,18,109,109,0,67,64,42,45
2024-11-01,6,19,30,29,1,21,20,8,9
2024-11-01,6,20,25,25,0,16,17,9,8
2024-11-01,6,21,35,34,1,22,21,12,13
2024-11-01,6,22,31,31,0,20,21,11,10
2024-11-01,6,23,52,52,0,28,32,24,20
2024-11-01,6,24,18,18,0,10,10,8,8
2024-11-01,6,25,134,133,1,86,101,47,32
2024-11-01,6,26,433,424,9,248,221,176,203
2024-11-01,6,27,13,13,0,9,9,4,4
2024-11-01,6,28,80,78,2,31,31,47,47
2024-11-01,6,29,133,131,2,55,36,76,95
2024-11-01,6,30,32,32,0,20,18,12,14
2024-11-01,6,31,154,153,1,100,92,53,61
2024-11-01,6,32,478,467,11,251,231,216,236
2024-11-01,6,33,140,136,4,74,76,62,60
2024-11-01,6,34,29,29,0,16,13,13,16
2024-11-01,6,36,142,142,0,80,81,62,61
2024-11-01,6,37,63,63,0,49,48,14,15
2024-11-01,6,38,75,75,0,53,54,22,21
2024-11-01,6,40,17,17,0,11,13,6,4
2024-11-01,6,41,109,109,0,75,75,34,34
2024-11-01,6,42,30,30,0,23,24,7,6
2024-11-01,6,43,125,125,0,90,98,35,27
2024-11-01,6,44,246,239,7,196,194,43,45
2024-11-01,6,47,30,29,1,9,12,20,17
2024-11-01,6,48,26,24,2,13,15,11,9
2024-11-01,6,53,25,25,0,19,18,6,7
2024-11-01,6,54,35,34,1,25,21,9,13
2024-11-01,6,55,32,31,1,25,23,6,8
2024-11-01,6,56,30,30,0,25,26,5,4
2024-11-01,6,57,261,257,4,150,165,107,92
2024-11-01,6,58,304,295,9,166,178,129,117
2024-11-01,6,59,31,31,0,16,18,15,13
2024-11-01,6,60,24,24,0,11,8,13,16
2024-11-01,6,61,52,52,0,31,31,21,21
2024-11-01,6,62,117,117,0,93,93,24,24
2024-11-01,6,63,76,75,1,56,54,19,21
2024-11-01,6,64,79,79,0,57,51,22,28
2024-11-01,6,65,51,49,2,42,39,7,10
2024-11-01,6,66,18,18,0,6,9,12,9
2024-11-01,6,67,91,89,2,63,66,26,23
2024-11-01,6,68,30,30,0,10,10,20,20
2024-11-01,6,69,134,133,1,104,102,29,31
2024-11-01,6,70,281,277,4,180,147,97,130
2024-11-01,6,72,442,430,12,286,238,144,192
2024-11-01,6,73,63,63,0,58,61,5,2
2024-11-01,6,74,125,125,0,82,87,43,38
2024-11-01,6,75,25,24,1,17,16,7,8
2024-11-01,6,77,259,257,2,161,166,96,91
2024-11-01,6,78,119,117,2,84,86,33,31
2024-11-01,6,79,91,89,2,60,61,29,28
2024-11-01,6,81,43,43,0,29,30,14,13
2024-11-01,6,82,220,219,1,135,124,84,95
2024-11-01,6,83,81,81,0,60,61,21,20
2024-11-01,6,84,780,751,29,492,437,259,314
2024-11-01,6,86,13,13,0,8,9,5,4
2024-11-01,6,87,81,79,2,43,44,36,35
2024-11-01,6,88,43,43,0,29,28,14,15
2024-11-01,6,89,38,38,0,25,17,13,21
2024-11-01,6,90,59,59,0,44,38,15,21
2024-11-01,6,91,133,132,1,69,65,63,67
2024-11-01,6,92,29,29,0,18,18,11,11
2024-11-01,6,94,79,79,0,63,58,16,21
2024-11-01,6,95,51,50,1,43,42,7,8
2024-11-01,6,96,234,232,2,157,155,75,77
2024-11-01,6,97,38,38,0,29,27,9,11
2024-11-01,6,98,44,43,1,31,34,12,9
2024-11-01,6,99,160,158,2,105,118,53,40
2024-11-01,6,100,44,43,1,28,27,15,16
2024-11-01,6,103,32,32,0,14,14,18,18
2024-11-01,6,104,155,154,1,103,88,51,66
2024-11-01,6,105,81,81,0,55,56,26,25
2024-11-01,6,106,61,61,0,35,30,26,31
2024-11-01,6,107,167,165,2,101,99,64,66
2024-11-01,6,110,52,51,1,34,33,17,18
2024-11-01,6,111,470,458,12,293,294,165,164
2024-11-01,6,112,75,75,0,57,58,18,17
2024-11-01,6,113,246,239,7,192,195,47,44
2024-11-01,6,117,305,297,8,184,169,113,128
2024-11-01,6,118,24,24,0,14,12,10,12
2024-11-01,6,119,76,75,1,57,59,18,16
2024-11-01,6,120,30,30,0,14,13,16,17
2024-11-01,6,121,775,746,29,461,461,285,285
2024-11-01,6,122,172,170,2,100,90,70,80
2024-11-01,6,124,60,60,0,41,35,19,25
2024-11-01,6,126,140,136,4,90,91,46,45
2024-11-01,7,8,14,14,0,3,3,11,11
2024-11-01,7,34,21,21,0,6,8,15,13
2024-11-01,7,49,18,18,0,12,12,6,6
2024-11-01,7,64,22,21,1,15,15,6,6
2024-11-01,7,65,24,23,1,14,14,9,9
2024-11-01,7,89,16,16,0,11,9,5,7
2024-11-01,7,90,14,14,0,8,7,6,7
2024-11-01,7,92,21,21,0,11,17,10,4
2024-11-01,7,93,18,18,0,13,14,5,4
2024-11-01,7,94,22,21,1,17,16,4,5
2024-11-01,7,95,24,23,1,14,16,9,7
2024-11-01,7,97,16,16,0,15,14,1,2
2024-11-01,7,98,14,14,0,9,10,5,4
2024-11-01,7,100,14,14,0,6,8,8,6
2024-12-01,2,2,36,36,0,24,27,12,9
2024-12-01,2,6,31,31,0,27,27,4,4
2024-12-01,2,7,124,124,0,71,80,53,44
2024-12-01,2,8,31,31,0,20,18,11,13
2024-12-01,2,10,148,141,7,96,95,45,46
2024-12-01,2,15,88,88,0,75,75,13,13
2024-12-01,2,16,36,36,0,20,24,16,12
2024-12-01,2,17,98,98,0,65,68,33,30
2024-12-01,2,18,31,31,0,15,17,16,14
2024-12-01,2,19,27,27,0,15,18,12,9
2024-12-01,2,23,39,39,0,30,29,9,10
2024-12-01,2,24,31,29,2,23,22,6,7
2024-12-01,2,25,31,31,0,13,13,18,18
2024-12-01,2,26,163,158,5,104,113,54,45
2024-12-01,2,28,56,56,0,32,31,24,25
2024-12-01,2,29,33,31,2,13,17,18,14
2024-12-01,2,30,42,39,3,21,22,18,17
2024-12-01,2,32,234,228,6,140,140,88,88
2024-12-01,2,33,60,60,0,21,28,39,32
2024-12-01,2,36,98,98,0,72,73,26,25
2024-12-01,2,37,92,92,0,62,66,30,26
2024-12-01,2,38,107,106,1,80,83,26,23
2024-12-01,2,41,31,31,0,13,16,18,15
2024-12-01,2,42,17,17,0,15,16,2,1
2024-12-01,2,43,31,31,0,27,27,4,4
2024-12-01,2,47,26,26,0,13,13,13,13
2024-12-01,2,48,28,27,1,15,17,12,10
2024-12-01,2,55,31,31,0,28,28,3,3
2024-12-01,2,56,17,17,0,14,15,3,2
2024-12-01,2,57,249,245,4,200,209,45,36
2024-12-01,2,58,258,251,7,200,205,51,46
2024-12-01,2,60,18,18,0,16,13,2,5
2024-12-01,2,61,37,37,0,22,26,15,11
2024-12-01,2,62,191,191,0,115,121,76,70
2024-12-01,2,63,108,108,0,57,60,51,48
2024-12-01,2,66,31,29,2,18,18,11,11
2024-12-01,2,67,111,111,0,71,83,40,28
2024-12-01,2,68,58,57,1,47,49,10,8
2024-12-01,2,69,31,31,0,13,12,18,19
2024-12-01,2,70,124,124,0,81,79,43,45
2024-12-01,2,72,164,159,5,95,107,64,52
2024-12-01,2,73,95,95,0,71,69,24,26
2024-12-01,2,74,31,31,0,24,28,7,3
2024-12-01,2,75,28,27,1,23,18,4,9
2024-12-01,2,77,248,244,4,180,196,64,48
2024-12-01,2,78,189,189,0,136,140,53,49
2024-12-01,2,79,110,110,0,74,78,36,32
2024-12-01,2,81,61,61,0,42,46,19,15
2024-12-01,2,82,87,86,1,64,53,22,33
2024-12-01,2,83,83,83,0,59,60,24,23
2024-12-01,2,84,473,463,10,338,358,125,105
2024-12-01,2,87,56,56,0,30,36,26,20
2024-12-01,2,88,61,61,0,39,48,22,13
2024-12-01,2,90,31,31,0,23,21,8,10
2024-12-01,2,91,34,31,3,11,10,20,21
2024-12-01,2,96,87,86,1,49,69,37,17
2024-12-01,2,99,63,62,1,30,47,32,15
2024-12-01,2,103,42,39,3,17,16,22,23
2024-12-01,2,105,84,83,1,53,57,30,26
2024-12-01,2,106,118,116,2,84,90,32,26
2024-12-01,2,107,149,141,8,90,95,51,46
2024-12-01,2,110,88,88,0,74,71,14,17
2024-12-01,2,111,232,228,4,142,153,86,75
2024-12-01,2,112,105,105,0,75,76,30,29
2024-12-01,2,117,258,252,6,200,204,52,48
2024-12-01,2,118,18,18,0,16,16,2,2
2024-12-01,2,119,108,108,0,71,75,37,33
2024-12-01,2,120,59,58,1,50,50,8,8
2024-12-01,2,121,473,464,9,335,349,129,115
2024-12-01,2,122,62,62,0,40,36,22,26
2024-12-01,2,124,118,117,1,94,89,23,28
2024-12-01,2,126,60,60,0,29,30,31,30
2024-12-01,3,7,250,243,7,192,202,51,41
2024-12-01,3,8,91,90,1,77,77,13,13
2024-12-01,3,10,240,233,7,159,181,74,52
2024-12-01,3,17,15,15,0,12,13,3,2
2024-12-01,3,19,35,35,0,31,32,4,3
2024-12-01,3,25,95,95,0,68,66,27,29
2024-12-01,3,26,343,330,13,232,231,98,99
2024-12-01,3,29,161,159,2,119,118,40,41
2024-12-01,3,32,486,482,4,360,344,122,138
2024-12-01,3,33,11,11,0,9,8,2,3
2024-12-01,3,36,15,15,0,11,12,4,3
2024-12-01,3,37,31,31,0,29,28,2,3
2024-12-01,3,38,45,44,1,34,34,10,10
2024-12-01,3,43,18,17,1,9,12,8,5
2024-12-01,3,44,61,59,2,49,49,10,10
2024-12-01,3,45,27,27,0,19,18,8,9
2024-12-01,3,47,35,33,2,24,21,9,12
2024-12-01,3,48,31,31,0,25,29,6,2
2024-12-01,3,49,31,31,0,26,27,5,4
2024-12-01,3,57,54,54,0,31,36,23,18
2024-12-01,3,58,106,105,1,83,78,22,27
2024-12-01,3,60,31,31,0,14,17,17,14
2024-12-01,3,62,20,19,1,11,13,8,6
2024-12-01,3,64,13,11,2,6,9,5,2
2024-12-01,3,69,94,94,0,61,60,33,34
2024-12-01,3,70,251,244,7,176,186,68,58
2024-12-01,3,72,345,332,13,227,246,105,86
2024-12-01,3,73,31,31,0,29,29,2,2
2024-12-01,3,74,20,18,2,10,9,8,9
2024-12-01,3,75,31,31,0,25,27,6,4
2024-12-01,3,77,53,53,0,36,37,17,16
2024-12-01,3,78,20,19,1,15,16,4,3
2024-12-01,3,82,205,200,5,139,119,61,81
2024-12-01,3,83,42,42,0,32,34,10,8
2024-12-01,3,84,739,696,43,513,488,183,208
2024-12-01,3,89,11,11,0,10,11,1,0
2024-12-01,3,90,91,91,0,71,74,20,17
2024-12-01,3,91,161,160,1,126,136,34,24
2024-12-01,3,93,31,31,0,27,27,4,4
2024-12-01,3,94,13,11,2,9,9,2,2
2024-12-01,3,96,205,199,6,119,149,80,50
2024-12-01,3,97,11,11,0,11,11,0,0
2024-12-01,3,99,201,197,4,127,151,70,46
2024-12-01,3,105,42,42,0,29,32,13,10
2024-12-01,3,106,58,58,0,45,41,13,17
2024-12-01,3,107,240,236,4,178,169,58,67
2024-12-01,3,111,490,481,9,309,315,172,166
2024-12-01,3,112,45,44,1,32,35,12,9
2024-12-01,3,113,62,60,2,50,48,10,12
2024-12-01,3,114,27,27,0,20,19,7,8
2024-12-01,3,117,106,105,1,73,83,32,22
2024-12-01,3,118,30,30,0,17,18,13,12
2024-12-01,3,121,739,698,41,481,505,217,193
2024-12-01,3,122,203,200,3,113,100,87,100
2024-12-01,3,124,60,60,0,40,38,20,22
2024-12-01,3,126,11,11,0,9,9,2,2
2024-12-01,4,1,33,33,0,26,26,7,7
2024-12-01,4,2,166,165,1,119,127,46,38
2024-12-01,4,4,78,77,1,60,59,17,18
2024-12-01,4,6,10,10,0,8,8,2,2
2024-12-01,4,7,5,3,2,3,3,0,0
2024-12-01,4,9,112,111,1,96,95,15,16
2024-12-01,4,11,96,95,1,67,66,28,29
2024-12-01,4,12,33,33,0,26,26,7,7
2024-12-01,4,15,39,39,0,25,27,14,12
2024-12-01,4,16,166,163,3,107,100,56,63
2024-12-01,4,17,148,147,1,88,87,59,60
2024-12-01,4,18,141,140,1,96,96,44,44
2024-12-01,4,20,99,95,4,75,77,20,18
2024-12-01,4,21,115,114,1,80,81,34,33
2024-12-01,4,22,34,33,1,22,21,11,12
2024-12-01,4,23,32,32,0,21,19,11,13
2024-12-01,4,24,10,10,0,6,6,4,4
2024-12-01,4,25,14,14,0,6,6,8,8
2024-12-01,4,26,18,13,5,4,4,9,9
2024-12-01,4,27,78,76,2,48,45,28,31
2024-12-01,4,28,77,75,2,54,52,21,23
2024-12-01,4,30,18,17,1,13,12,4,5
2024-12-01,4,31,168,166,2,110,110,56,56
2024-12-01,4,33,145,145,0,83,79,62,66
2024-12-01,4,34,75,75,0,32,36,43,39
2024-12-01,4,36,150,145,5,80,82,65,63
2024-12-01,4,39,119,116,3,94,95,22,21
2024-12-01,4,40,79,78,1,63,63,15,15
2024-12-01,4,41,141,138,3,97,96,41,42
2024-12-01,4,43,145,134,11,83,84,51,50
2024-12-01,4,44,248,244,4,174,172,70,72
2024-12-01,4,45,69,65,4,48,46,17,19
2024-12-01,4,49,2,2,0,1,1,1,1
2024-12-01,4,51,104,100,4,86,84,14,16
2024-12-01,4,52,106,103,3,86,86,17,17
2024-12-01,4,53,99,95,4,79,78,16,17
2024-12-01,4,54,115,114,1,88,79,26,35
2024-12-01,4,55,10,10,0,8,8,2,2
2024-12-01,4,59,35,33,2,23,23,10,10
2024-12-01,4,61,32,31,1,10,11,21,20
2024-12-01,4,62,97,91,6,56,54,35,37
2024-12-01,4,63,86,80,6,38,38,42,42
2024-12-01,4,64,57,51,6,33,35,18,16
2024-12-01,4,65,135,131,4,101,95,30,36
2024-12-01,4,66,10,10,0,5,7,5,3
2024-12-01,4,67,69,64,5,30,32,34,32
2024-12-01,4,68,32,31,1,24,26,7,5
2024-12-01,4,69,21,19,2,11,9,8,10
2024-12-01,4,70,5,3,2,3,3,0,0
2024-12-01,4,72,19,14,5,8,8,6,6
2024-12-01,4,74,139,129,10,75,70,54,59
2024-12-01,4,76,103,100,3,81,83,19,17
2024-12-01,4,78,96,91,5,48,49,43,42
2024-12-01,4,79,70,65,5,39,34,26,31
2024-12-01,4,80,98,96,2,78,76,18,20
2024-12-01,4,81,41,40,1,19,23,21,17
2024-12-01,4,85,98,96,2,84,88,12,8
2024-12-01,4,86,78,76,2,47,41,29,35
2024-12-01,4,87,77,75,2,59,55,16,20
2024-12-01,4,88,41,40,1,33,29,7,11
2024-12-01,4,89,105,100,5,72,75,28,25
2024-12-01,4,92,76,76,0,53,45,23,31
2024-12-01,4,93,2,2,0,1,1,1,1
2024-12-01,4,94,57,51,6,35,34,16,17
2024-12-01,4,95,136,132,4,105,101,27,31
2024-12-01,4,97,105,101,4,81,80,20,21
2024-12-01,4,98,130,128,2,113,103,15,25
2024-12-01,4,100,130,126,4,91,86,35,40
2024-12-01,4,101,113,111,2,97,98,14,13
2024-12-01,4,102,110,109,1,93,91,16,18
2024-12-01,4,103,18,17,1,13,12,4,5
2024-12-01,4,104,165,160,5,111,98,49,62
2024-12-01,4,108,95,94,1,66,70,28,24
2024-12-01,4,110,40,40,0,31,27,9,13
2024-12-01,4,113,248,244,4,180,185,64,59
2024-12-01,4,114,69,68,1,47,50,21,18
2024-12-01,4,116,106,104,2,81,83,23,21
2024-12-01,4,119,86,80,6,35,40,45,40
2024-12-01,4,120,32,31,1,8,8,23,23
2024-12-01,4,123,109,108,1,84,92,24,16
2024-12-01,4,125,106,103,3,84,84,19,19
2024-12-01,4,126,143,143,0,88,81,55,62
2024-12-01,4,127,118,115,3,93,90,22,25
2024-12-01,4,128,106,102,4,90,87,12,15
2024-12-01,5,9,150,140,10,109,107,31,33
2024-12-01,5,11,62,62,0,47,41,15,21
2024-12-01,5,39,14,14,0,12,12,2,2
2024-12-01,5,45,84,84,0,56,56,28,28
2024-12-01,5,51,50,46,4,42,42,4,4
2024-12-01,5,52,92,89,3,67,64,22,25
2024-12-01,5,76,50,47,3,43,43,4,4
2024-12-01,5,80,92,92,0,85,82,7,10
2024-12-01,5,85,92,92,0,86,87,6,5
2024-12-01,5,101,149,139,10,108,107,31,32
2024-12-01,5,102,66,64,2,45,40,19,24
2024-12-01,5,108,61,61,0,40,39,21,22
2024-12-01,5,114,83,83,0,57,62,26,21
2024-12-01,5,116,87,85,2,52,61,33,24
2024-12-01,5,123,67,65,2,41,41,24,24
2024-12-01,5,125,66,65,1,53,54,12,11
2024-12-01,5,127,15,15,0,12,12,3,3
2024-12-01,5,128,65,65,0,52,50,13,15
2024-12-01,6,1,13,13,0,7,9,6,4
2024-12-01,6,2,136,136,0,100,107,36,29
2024-12-01,6,4,19,18,1,11,11,7,7
2024-12-01,6,6,45,45,0,44,44,1,1
2024-12-01,6,7,260,259,1,191,203,68,56
2024-12-01,6,8,64,64,0,34,37,30,27
2024-12-01,6,10,174,173,1,120,135,53,38
2024-12-01,6,12,13,13,0,3,3,10,10
2024-12-01,6,15,50,50,0,37,38,13,12
2024-12-01,6,16,136,136,0,106,108,30,28
2024-12-01,6,17,146,146,0,99,99,47,47
2024-12-01,6,18,101,101,0,77,71,24,30
2024-12-01,6,19,31,31,0,26,29,5,2
2024-12-01,6,20,27,27,0,17,19,10,8
2024-12-01,6,21,36,36,0,24,27,12,9
2024-12-01,6,22,49,49,0,44,42,5,7
2024-12-01,6,23,57,57,0,37,35,20,22
2024-12-01,6,24,23,23,0,12,15,11,8
2024-12-01,6,25,137,137,0,89,102,48,35
2024-12-01,6,26,426,423,3,296,283,127,140
2024-12-01,6,27,13,13,0,7,8,6,5
2024-12-01,6,28,78,78,0,39,40,39,38
2024-12-01,6,29,141,141,0,78,78,63,63
2024-12-01,6,30,43,40,3,33,31,7,9
2024-12-01,6,31,149,149,0,97,99,52,50
2024-12-01,6,32,451,446,5,318,309,128,137
2024-12-01,6,33,144,144,0,95,91,49,53
2024-12-01,6,34,22,22,0,13,11,9,11
2024-12-01,6,36,146,146,0,91,110,55,36
2024-12-01,6,37,78,78,0,61,64,17,14
2024-12-01,6,38,99,97,2,82,83,15,14
2024-12-01,6,40,19,18,1,12,13,6,5
2024-12-01,6,41,101,101,0,73,85,28,16
2024-12-01,6,42,31,31,0,29,30,2,1
2024-12-01,6,43,117,117,0,102,104,15,13
2024-12-01,6,44,203,200,3,165,166,35,34
2024-12-01,6,47,31,31,0,21,21,10,10
2024-12-01,6,48,27,27,0,15,17,12,10
2024-12-01,6,53,27,27,0,22,20,5,7
2024-12-01,6,54,36,36,0,31,29,5,7
2024-12-01,6,55,45,45,0,42,43,3,2
2024-12-01,6,56,31,31,0,28,28,3,3
2024-12-01,6,57,335,333,2,247,267,86,66
2024-12-01,6,58,341,336,5,247,254,89,82
2024-12-01,6,59,47,47,0,37,39,10,8
2024-12-01,6,60,32,31,1,19,16,12,15
2024-12-01,6,61,57,57,0,28,34,29,23
2024-12-01,6,62,131,131,0,105,112,26,19
2024-12-01,6,63,80,80,0,59,60,21,20
2024-12-01,6,64,66,66,0,51,44,15,22
2024-12-01,6,65,51,51,0,44,43,7,8
2024-12-01,6,66,23,23,0,13,16,10,7
2024-12-01,6,67,93,93,0,82,84,11,9
2024-12-01,6,68,31,31,0,19,20,12,11
2024-12-01,6,69,137,136,1,101,99,35,37
2024-12-01,6,70,259,259,0,203,171,56,88
2024-12-01,6,72,431,427,4,357,344,70,83
2024-12-01,6,73,78,78,0,65,70,13,8
2024-12-01,6,74,117,117,0,99,101,18,16
2024-12-01,6,75,27,27,0,20,22,7,5
2024-12-01,6,77,335,333,2,263,284,70,49
2024-12-01,6,78,132,131,1,96,105,35,26
2024-12-01,6,79,94,93,1,81,84,12,9
2024-12-01,6,81,41,41,0,33,35,8,6
2024-12-01,6,82,243,243,0,188,167,55,76
2024-12-01,6,83,102,102,0,93,95,9,7
2024-12-01,6,84,729,720,9,566,522,154,198
2024-12-01,6,86,13,13,0,9,7,4,6
2024-12-01,6,87,78,78,0,51,48,27,30
2024-12-01,6,88,41,41,0,35,35,6,6
2024-12-01,6,89,39,39,0,30,28,9,11
2024-12-01,6,90,64,64,0,53,47,11,17
2024-12-01,6,91,141,141,0,80,79,61,62
2024-12-01,6,92,22,22,0,18,16,4,6
2024-12-01,6,94,66,66,0,54,50,12,16
2024-12-01,6,95,51,51,0,41,41,10,10
2024-12-01,6,96,252,252,0,174,208,78,44
2024-12-01,6,97,39,39,0,33,32,6,7
2024-12-01,6,98,40,40,0,33,35,7,5
2024-12-01,6,99,173,173,0,126,145,47,28
2024-12-01,6,100,40,39,1,23,21,16,18
2024-12-01,6,103,43,40,3,26,30,14,10
2024-12-01,6,104,148,148,0,102,89,46,59
2024-12-01,6,105,102,102,0,94,93,8,9
2024-12-01,6,106,65,65,0,44,43,21,22
2024-12-01,6,107,174,172,2,124,121,48,51
2024-12-01,6,110,50,50,0,40,38,10,12
2024-12-01,6,111,441,436,5,332,334,104,102
2024-12-01,6,112,98,97,1,85,82,12,15
2024-12-01,6,113,204,201,3,170,175,31,26
2024-12-01,6,117,338,336,2,254,245,82,91
2024-12-01,6,118,31,31,0,24,19,7,12
2024-12-01,6,119,80,80,0,65,63,15,17
2024-12-01,6,120,31,31,0,27,23,4,8
2024-12-01,6,121,723,713,10,528,542,185,171
2024-12-01,6,122,190,190,0,135,136,55,54
2024-12-01,6,124,65,65,0,46,45,19,20
2024-12-01,6,126,144,143,1,96,94,47,49
2024-12-01,7,8,19,19,0,6,6,13,13
2024-12-01,7,34,24,24,0,3,11,21,13
2024-12-01,7,49,24,24,0,19,20,5,4
2024-12-01,7,64,32,31,1,18,21,13,10
2024-12-01,7,65,26,25,1,17,18,8,7
2024-12-01,7,89,18,18,0,12,12,6,6
2024-12-01,7,90,19,19,0,11,12,8,7
2024-12-01,7,92,24,24,0,15,20,9,4
2024-12-01,7,93,24,24,0,14,16,10,8
2024-12-01,7,94,32,31,1,25,23,6,8
2024-12-01,7,95,26,26,0,18,20,8,6
2024-12-01,7,97,18,18,0,16,15,2,3
2024-12-01,7,98,15,15,0,11,12,4,3
2024-12-01,7,100,15,15,0,7,8,8,7
2025-01-01,2,2,39,39,0,19,19,20,20
2025-01-01,2,6,31,31,0,30,28,1,3
2025-01-01,2,7,150,148,2,98,103,50,45
2025-01-01,2,8,31,31,0,14,21,17,10
2025-01-01,2,10,151,141,10,107,99,34,42
2025-01-01,2,15,91,91,0,76,76,15,15
2025-01-01,2,16,38,38,0,18,22,20,16
2025-01-01,2,17,100,100,0,51,52,49,48
2025-01-01,2,18,30,30,0,17,17,13,13
2025-01-01,2,19,25,25,0,15,16,10,9
2025-01-01,2,23,44,43,1,37,34,6,9
2025-01-01,2,24,30,30,0,17,16,13,14
2025-01-01,2,25,32,31,1,12,14,19,17
2025-01-01,2,26,209,205,4,130,145,75,60
2025-01-01,2,28,62,60,2,42,41,18,19
2025-01-01,2,29,30,30,0,13,19,17,11
2025-01-01,2,30,45,44,1,32,29,12,15
2025-01-01,2,32,237,223,14,138,139,85,84
2025-01-01,2,33,61,61,0,27,27,34,34
2025-01-01,2,36,100,100,0,62,66,38,34
2025-01-01,2,37,93,91,2,63,68,28,23
2025-01-01,2,38,115,114,1,78,80,36,34
2025-01-01,2,41,31,30,1,14,18,16,12
2025-01-01,2,42,18,18,0,12,13,6,5
2025-01-01,2,43,32,32,0,22,23,10,9
2025-01-01,2,47,25,25,0,13,14,12,11
2025-01-01,2,48,29,29,0,18,23,11,6
2025-01-01,2,55,31,31,0,26,28,5,3
2025-01-01,2,56,18,18,0,13,12,5,6
2025-01-01,2,57,283,273,10,175,193,98,80
2025-01-01,2,58,275,266,9,187,192,79,74
2025-01-01,2,60,18,18,0,12,12,6,6
2025-01-01,2,61,44,43,1,22,24,21,19
2025-01-01,2,62,237,236,1,136,140,100,96
2025-01-01,2,63,118,118,0,69,75,49,43
2025-01-01,2,66,31,29,2,13,13,16,16
2025-01-01,2,67,166,165,1,100,104,65,61
2025-01-01,2,68,60,58,2,44,45,14,13
2025-01-01,2,69,32,31,1,11,12,20,19
2025-01-01,2,70,150,149,1,96,101,53,48
2025-01-01,2,72,210,206,4,122,124,84,82
2025-01-01,2,73,93,91,2,60,65,31,26
2025-01-01,2,74,32,32,0,23,24,9,8
2025-01-01,2,75,29,29,0,19,26,10,3
2025-01-01,2,77,284,273,11,175,175,98,98
2025-01-01,2,78,237,236,1,165,162,71,74
2025-01-01,2,79,166,165,1,103,105,62,60
2025-01-01,2,81,61,61,0,34,39,27,22
2025-01-01,2,82,90,89,1,63,71,26,18
2025-01-01,2,83,84,84,0,60,57,24,27
2025-01-01,2,84,540,519,21,328,350,191,169
2025-01-01,2,87,64,59,5,37,39,22,20
2025-01-01,2,88,63,60,3,35,35,25,25
2025-01-01,2,90,31,31,0,23,19,8,12
2025-01-01,2,91,30,30,0,14,8,16,22
2025-01-01,2,96,91,89,2,64,67,25,22
2025-01-01,2,99,63,60,3,48,51,12,9
2025-01-01,2,103,45,44,1,26,25,18,19
2025-01-01,2,105,84,84,0,50,55,34,29
2025-01-01,2,106,120,117,3,80,79,37,38
2025-01-01,2,107,152,141,11,97,107,44,34
2025-01-01,2,110,91,91,0,79,78,12,13
2025-01-01,2,111,236,223,13,130,139,93,84
2025-01-01,2,112,115,114,1,82,89,32,25
2025-01-01,2,117,277,268,9,195,200,73,68
2025-01-01,2,118,18,18,0,14,15,4,3
2025-01-01,2,119,118,118,0,88,90,30,28
2025-01-01,2,120,59,58,1,43,44,15,14
2025-01-01,2,121,542,521,21,328,365,193,156
2025-01-01,2,122,61,61,0,41,50,20,11
2025-01-01,2,124,119,117,2,86,84,31,33
2025-01-01,2,126,61,61,0,26,27,35,34
2025-01-01,3,7,244,240,4,174,182,66,58
2025-01-01,3,8,90,87,3,74,75,13,12
2025-01-01,3,10,230,217,13,156,150,61,67
2025-01-01,3,17,13,13,0,12,12,1,1
2025-01-01,3,19,31,31,0,25,27,6,4
2025-01-01,3,25,88,87,1,64,66,23,21
2025-01-01,3,26,298,295,3,214,210,81,85
2025-01-01,3,29,171,170,1,127,125,43,45
2025-01-01,3,32,453,441,12,338,329,103,112
2025-01-01,3,33,4,4,0,3,3,1,1
2025-01-01,3,36,13,13,0,7,8,6,5
2025-01-01,3,37,31,30,1,19,20,11,10
2025-01-01,3,38,44,44,0,32,34,12,10
2025-01-01,3,43,40,37,3,28,33,9,4
2025-01-01,3,44,106,97,9,84,84,13,13
2025-01-01,3,45,54,51,3,43,40,8,11
2025-01-01,3,47,31,31,0,19,18,12,13
2025-01-01,3,48,24,24,0,20,23,4,1
2025-01-01,3,49,31,31,0,28,29,3,2
2025-01-01,3,57,64,64,0,27,36,37,28
2025-01-01,3,58,123,123,0,80,81,43,42
2025-01-01,3,60,31,31,0,18,21,13,10
2025-01-01,3,62,49,49,0,34,35,15,14
2025-01-01,3,63,15,14,1,10,9,4,5
2025-01-01,3,64,13,13,0,13,13,0,0
2025-01-01,3,69,88,87,1,67,67,20,20
2025-01-01,3,70,244,240,4,163,171,77,69
2025-01-01,3,72,294,287,7,206,209,81,78
2025-01-01,3,73,31,30,1,25,24,5,6
2025-01-01,3,74,40,38,2,27,26,11,12
2025-01-01,3,75,24,24,0,17,18,7,6
2025-01-01,3,77,64,64,0,41,40,23,24
2025-01-01,3,78,49,49,0,38,39,11,10
2025-01-01,3,82,210,208,2,131,135,77,73
2025-01-01,3,83,51,51,0,32,32,19,19
2025-01-01,3,84,660,623,37,464,410,159,213
2025-01-01,3,89,8,7,1,6,6,1,1
2025-01-01,3,90,90,87,3,73,72,14,15
2025-01-01,3,91,171,171,0,137,135,34,36
2025-01-01,3,93,31,31,0,20,20,11,11
2025-01-01,3,94,13,13,0,13,12,0,1
2025-01-01,3,96,210,205,5,134,152,71,53
2025-01-01,3,97,8,8,0,7,7,1,1
2025-01-01,3,99,207,203,4,140,134,63,69
2025-01-01,3,105,52,52,0,29,34,23,18
2025-01-01,3,106,62,61,1,38,41,23,20
2025-01-01,3,107,230,216,14,160,160,56,56
2025-01-01,3,111,456,442,14,285,288,157,154
2025-01-01,3,112,44,44,0,32,32,12,12
2025-01-01,3,113,105,97,8,75,79,22,18
2025-01-01,3,114,54,51,3,37,37,14,14
2025-01-01,3,117,123,123,0,91,92,32,31
2025-01-01,3,118,31,31,0,19,27,12,4
2025-01-01,3,119,16,15,1,8,10,7,5
2025-01-01,3,121,659,624,35,421,452,203,172
2025-01-01,3,122,208,206,2,138,138,68,68
2025-01-01,3,124,63,62,1,43,42,19,20
2025-01-01,3,126,4,4,0,2,4,2,0
2025-01-01,4,1,32,31,1,27,27,4,4
2025-01-01,4,2,161,161,0,125,127,36,34
2025-01-01,4,4,64,64,0,53,52,11,12
2025-01-01,4,6,9,9,0,8,8,1,1
2025-01-01,4,9,118,118,0,107,109,11,9
2025-01-01,4,11,97,95,2,76,78,19,17
2025-01-01,4,12,32,30,2,25,26,5,4
2025-01-01,4,15,40,40,0,35,33,5,7
2025-01-01,4,16,160,158,2,117,128,41,30
2025-01-01,4,17,150,149,1,90,72,59,77
2025-01-01,4,18,125,123,2,88,92,35,31
2025-01-01,4,20,104,101,3,82,85,19,16
2025-01-01,4,21,114,111,3,87,88,24,23
2025-01-01,4,22,29,29,0,20,20,9,9
2025-01-01,4,23,24,24,0,11,15,13,9
2025-01-01,4,24,11,11,0,8,8,3,3
2025-01-01,4,25,19,18,1,10,9,8,9
2025-01-01,4,26,64,61,3,38,35,23,26
2025-01-01,4,27,77,77,0,42,47,35,30
2025-01-01,4,28,72,69,3,56,55,13,14
2025-01-01,4,30,18,17,1,12,10,5,7
2025-01-01,4,31,153,149,4,117,117,32,32
2025-01-01,4,33,138,137,1,84,76,53,61
2025-01-01,4,34,75,69,6,39,32,30,37
2025-01-01,4,36,151,150,1,73,80,77,70
2025-01-01,4,39,121,121,0,97,98,24,23
2025-01-01,4,40,64,63,1,53,53,10,10
2025-01-01,4,41,125,123,2,96,92,27,31
2025-01-01,4,43,84,81,3,52,57,29,24
2025-01-01,4,44,104,99,5,77,74,22,25
2025-01-01,4,45,31,31,0,28,28,3,3
2025-01-01,4,51,90,88,2,78,72,10,16
2025-01-01,4,52,105,102,3,85,86,17,16
2025-01-01,4,53,104,101,3,86,85,15,16
2025-01-01,4,54,113,111,2,94,87,17,24
2025-01-01,4,55,9,9,0,7,6,2,3
2025-01-01,4,59,29,29,0,19,19,10,10
2025-01-01,4,61,23,23,0,11,10,12,13
2025-01-01,4,62,70,67,3,42,45,25,22
2025-01-01,4,63,74,71,3,38,43,33,28
2025-01-01,4,64,66,63,3,44,44,19,19
2025-01-01,4,65,161,152,9,119,108,33,44
2025-01-01,4,66,11,11,0,7,7,4,4
2025-01-01,4,67,67,64,3,33,42,31,22
2025-01-01,4,68,31,31,0,19,23,12,8
2025-01-01,4,69,22,22,0,16,14,6,8
2025-01-01,4,72,62,59,3,32,32,27,27
2025-01-01,4,74,84,82,2,50,47,32,35
2025-01-01,4,76,91,91,0,79,76,12,15
2025-01-01,4,78,71,69,2,52,48,17,21
2025-01-01,4,79,66,64,2,45,40,19,24
2025-01-01,4,80,82,81,1,58,54,23,27
2025-01-01,4,81,31,31,0,19,22,12,9
2025-01-01,4,85,82,80,2,58,61,22,19
2025-01-01,4,86,77,77,0,56,46,21,31
2025-01-01,4,87,72,71,1,56,53,15,18
2025-01-01,4,88,31,31,0,25,25,6,6
2025-01-01,4,89,110,109,1,92,85,17,24
2025-01-01,4,92,76,74,2,53,54,21,20
2025-01-01,4,94,65,62,3,46,46,16,16
2025-01-01,4,95,159,152,7,124,120,28,32
2025-01-01,4,97,112,112,0,93,94,19,18
2025-01-01,4,98,133,132,1,107,101,25,31
2025-01-01,4,100,132,129,3,86,82,43,47
2025-01-01,4,101,117,116,1,106,106,10,10
2025-01-01,4,102,101,101,0,85,84,16,17
2025-01-01,4,103,18,17,1,11,9,6,8
2025-01-01,4,104,150,146,4,121,116,25,30
2025-01-01,4,108,98,96,2,81,84,15,12
2025-01-01,4,110,40,40,0,34,36,6,4
2025-01-01,4,113,105,102,3,75,78,27,24
2025-01-01,4,114,32,32,0,26,26,6,6
2025-01-01,4,116,106,103,3,83,83,20,20
2025-01-01,4,119,74,73,1,36,45,37,28
2025-01-01,4,120,31,30,1,13,19,17,11
2025-01-01,4,123,102,101,1,84,84,17,17
2025-01-01,4,125,102,100,2,86,88,14,12
2025-01-01,4,126,136,134,2,96,93,38,41
2025-01-01,4,127,121,120,1,110,110,10,10
2025-01-01,4,128,102,99,3,85,82,14,17
2025-01-01,5,9,144,138,6,122,120,16,18
2025-01-01,5,11,41,41,0,39,34,2,7
2025-01-01,5,39,13,12,1,8,8,4,4
2025-01-01,5,45,74,71,3,53,52,18,19
2025-01-01,5,51,38,34,4,31,31,3,3
2025-01-01,5,52,63,61,2,45,42,16,19
2025-01-01,5,76,37,33,4,30,31,3,2
2025-01-01,5,80,76,76,0,65,64,11,12
2025-01-01,5,85,75,75,0,61,59,14,16
2025-01-01,5,101,143,137,6,123,124,14,13
2025-01-01,5,102,38,32,6,22,20,10,12
2025-01-01,5,108,41,41,0,31,24,10,17
2025-01-01,5,114,74,71,3,56,58,15,13
2025-01-01,5,116,54,53,1,39,40,14,13
2025-01-01,5,123,40,34,6,24,24,10,10
2025-01-01,5,125,42,42,0,31,34,11,8
2025-01-01,5,127,13,12,1,10,10,2,2
2025-01-01,5,128,41,41,0,32,26,9,15
2025-01-01,6,1,14,14,0,11,13,3,1
2025-01-01,6,2,132,132,0,117,117,15,15
2025-01-01,6,4,18,18,0,9,9,9,9
2025-01-01,6,6,46,46,0,46,44,0,2
2025-01-01,6,7,261,260,1,210,216,50,44
2025-01-01,6,8,65,65,0,41,40,24,25
2025-01-01,6,10,161,158,3,128,125,30,33
2025-01-01,6,12,14,14,0,7,7,7,7
2025-01-01,6,15,46,46,0,38,38,8,8
2025-01-01,6,16,132,131,1,108,115,23,16
2025-01-01,6,17,135,135,0,105,101,30,34
2025-01-01,6,18,88,88,0,67,70,21,18
2025-01-01,6,19,31,31,0,22,22,9,9
2025-01-01,6,20,27,27,0,19,19,8,8
2025-01-01,6,21,35,35,0,30,28,5,7
2025-01-01,6,22,39,39,0,35,34,4,5
2025-01-01,6,23,56,56,0,44,41,12,15
2025-01-01,6,24,24,24,0,18,18,6,6
2025-01-01,6,25,134,133,1,95,101,38,32
2025-01-01,6,26,405,404,1,308,307,96,97
2025-01-01,6,27,14,14,0,11,12,3,2
2025-01-01,6,28,60,60,0,36,33,24,27
2025-01-01,6,29,135,135,0,64,81,71,54
2025-01-01,6,30,35,34,1,20,21,14,13
2025-01-01,6,31,135,135,0,88,88,47,47
2025-01-01,6,32,410,404,6,308,292,96,112
2025-01-01,6,33,143,143,0,101,90,42,53
2025-01-01,6,34,17,17,0,8,9,9,8
2025-01-01,6,36,136,135,1,75,96,60,39
2025-01-01,6,37,81,81,0,71,68,10,13
2025-01-01,6,38,88,86,2,68,67,18,19
2025-01-01,6,40,18,18,0,11,13,7,5
2025-01-01,6,41,88,88,0,69,71,19,17
2025-01-01,6,42,31,31,0,28,28,3,3
2025-01-01,6,43,119,117,2,102,103,15,14
2025-01-01,6,44,184,174,10,155,153,19,21
2025-01-01,6,47,32,31,1,17,22,14,9
2025-01-01,6,48,23,23,0,19,17,4,6
2025-01-01,6,53,27,27,0,21,21,6,6
2025-01-01,6,54,36,35,1,32,31,3,4
2025-01-01,6,55,46,46,0,39,41,7,5
2025-01-01,6,56,31,31,0,25,26,6,5
2025-01-01,6,57,334,333,1,224,247,109,86
2025-01-01,6,58,345,341,4,238,246,103,95
2025-01-01,6,59,39,39,0,34,32,5,7
2025-01-01,6,60,31,31,0,13,10,18,21
2025-01-01,6,61,58,56,2,32,37,24,19
2025-01-01,6,62,126,126,0,101,106,25,20
2025-01-01,6,63,80,79,1,64,61,15,18
2025-01-01,6,64,67,67,0,58,53,9,14
2025-01-01,6,65,49,48,1,42,37,6,11
2025-01-01,6,66,24,24,0,14,15,10,9
2025-01-01,6,67,93,93,0,79,85,14,8
2025-01-01,6,68,31,31,0,17,14,14,17
2025-01-01,6,69,134,132,2,103,104,29,28
2025-01-01,6,70,262,262,0,212,197,50,65
2025-01-01,6,72,410,410,0,338,301,72,109
2025-01-01,6,73,81,81,0,71,76,10,5
2025-01-01,6,74,119,119,0,100,101,19,18
2025-01-01,6,75,23,23,0,17,19,6,4
2025-01-01,6,77,334,334,0,275,263,59,71
2025-01-01,6,78,126,126,0,106,105,20,21
2025-01-01,6,79,94,93,1,79,76,14,17
2025-01-01,6,81,41,41,0,36,38,5,3
2025-01-01,6,82,238,236,2,183,184,53,52
2025-01-01,6,83,107,107,0,97,100,10,7
2025-01-01,6,84,694,683,11,574,499,109,184
2025-01-01,6,86,14,14,0,10,10,4,4
2025-01-01,6,87,59,59,0,37,35,22,24
2025-01-01,6,88,41,41,0,37,37,4,4
2025-01-01,6,89,42,42,0,33,28,9,14
2025-01-01,6,90,65,65,0,55,49,10,16
2025-01-01,6,91,141,140,1,92,81,48,59
2025-01-01,6,92,17,17,0,9,10,8,7
2025-01-01,6,94,67,67,0,63,56,4,11
2025-01-01,6,95,49,48,1,43,41,5,7
2025-01-01,6,96,260,260,0,195,198,65,62
2025-01-01,6,97,42,42,0,38,39,4,3
2025-01-01,6,98,42,41,1,31,32,10,9
2025-01-01,6,99,177,177,0,144,143,33,34
2025-01-01,6,100,42,40,2,29,27,11,13
2025-01-01,6,103,35,34,1,15,16,19,18
2025-01-01,6,104,135,134,1,97,78,37,56
2025-01-01,6,105,107,107,0,95,98,12,9
2025-01-01,6,106,62,62,0,43,36,19,26
2025-01-01,6,107,161,160,1,129,137,31,23
2025-01-01,6,110,46,46,0,41,39,5,7
2025-01-01,6,111,402,394,8,309,308,85,86
2025-01-01,6,112,88,88,0,76,78,12,10
2025-01-01,6,113,184,174,10,149,159,25,15
2025-01-01,6,117,344,340,4,273,260,67,80
2025-01-01,6,118,31,31,0,25,21,6,10
2025-01-01,6,119,80,79,1,68,69,11,10
2025-01-01,6,120,31,31,0,25,26,6,5
2025-01-01,6,121,679,670,9,517,527,153,143
2025-01-01,6,122,198,197,1,148,160,49,37
2025-01-01,6,124,62,62,0,52,48,10,14
2025-01-01,6,126,143,143,0,107,104,36,39
2025-01-01,7,8,21,21,0,5,9,16,12
2025-01-01,7,34,26,26,0,13,18,13,8
2025-01-01,7,49,22,21,1,17,17,4,4
2025-01-01,7,64,35,33,2,23,24,10,9
2025-01-01,7,65,29,28,1,22,24,6,4
2025-01-01,7,89,16,16,0,11,11,5,5
2025-01-01,7,90,21,21,0,14,12,7,9
2025-01-01,7,92,26,26,0,16,20,10,6
2025-01-01,7,93,22,21,1,8,8,13,13
2025-01-01,7,94,35,33,2,23,18,10,15
2025-01-01,7,95,29,28,1,23,24,5,4
2025-01-01,7,97,16,16,0,16,13,0,3
2025-01-01,7,98,14,14,0,9,10,5,4
2025-01-01,7,100,14,14,0,6,8,8,6
2025-02-01,2,2,32,32,0,19,23,13,9
2025-02-01,2,6,28,28,0,26,26,2,2
2025-02-01,2,7,127,126,1,99,107,27,19
2025-02-01,2,8,16,16,0,11,10,5,6
2025-02-01,2,10,112,108,4,74,75,34,33
2025-02-01,2,14,17,17,0,16,17,1,0
2025-02-01,2,15,72,72,0,61,60,11,12
2025-02-01,2,16,32,32,0,20,22,12,10
2025-02-01,2,17,73,73,0,43,44,30,29
2025-02-01,2,18,28,28,0,19,18,9,10
2025-02-01,2,19,16,16,0,8,11,8,5
2025-02-01,2,23,28,28,0,23,22,5,6
2025-02-01,2,24,20,20,0,9,12,11,8
2025-02-01,2,25,28,27,1,13,13,14,14
2025-02-01,2,26,112,110,2,80,84,30,26
2025-02-01,2,28,48,47,1,35,36,12,11
2025-02-01,2,29,24,24,0,12,17,12,7
2025-02-01,2,30,29,27,2,20,19,7,8
2025-02-01,2,32,182,176,6,119,111,57,65
2025-02-01,2,33,55,54,1,26,31,28,23
2025-02-01,2,36,73,73,0,49,49,24,24
2025-02-01,2,37,64,63,1,46,50,17,13
2025-02-01,2,38,71,71,0,60,59,11,12
2025-02-01,2,41,28,27,1,17,18,10,9
2025-02-01,2,42,12,12,0,8,9,4,3
2025-02-01,2,43,28,28,0,22,22,6,6
2025-02-01,2,47,16,16,0,12,12,4,4
2025-02-01,2,48,18,16,2,12,14,4,2
2025-02-01,2,55,28,28,0,24,25,4,3
2025-02-01,2,56,12,12,0,10,10,2,2
2025-02-01,2,57,188,185,3,135,144,50,41
2025-02-01,2,58,176,175,1,144,144,31,31
2025-02-01,2,60,16,16,0,13,13,3,3
2025-02-01,2,61,28,28,0,17,15,11,13
2025-02-01,2,62,150,150,0,91,88,59,62
2025-02-01,2,63,80,78,2,57,56,21,22
2025-02-01,2,66,21,21,0,12,9,9,12
2025-02-01,2,67,100,100,0,71,70,29,30
2025-02-01,2,68,28,28,0,22,23,6,5
2025-02-01,2,69,28,27,1,11,13,16,14
2025-02-01,2,70,127,126,1,105,107,21,19
2025-02-01,2,71,17,17,0,15,17,2,0
2025-02-01,2,72,113,111,2,72,74,39,37
2025-02-01,2,73,65,63,2,46,49,17,14
2025-02-01,2,74,28,28,0,24,25,4,3
2025-02-01,2,75,16,15,1,13,13,2,2
2025-02-01,2,77,188,186,2,135,138,51,48
2025-02-01,2,78,150,150,0,112,115,38,35
2025-02-01,2,79,100,100,0,78,81,22,19
2025-02-01,2,81,52,52,0,35,36,17,16
2025-02-01,2,82,69,67,2,62,59,5,8
2025-02-01,2,83,65,65,0,48,50,17,15
2025-02-01,2,84,410,402,8,299,308,103,94
2025-02-01,2,87,50,47,3,36,39,11,8
2025-02-01,2,88,52,52,0,33,37,19,15
2025-02-01,2,90,16,16,0,10,12,6,4
2025-02-01,2,91,25,24,1,14,14,10,10
2025-02-01,2,96,68,64,4,54,58,10,6
2025-02-01,2,99,45,43,2,27,34,16,9
2025-02-01,2,103,30,26,4,15,16,11,10
2025-02-01,2,105,65,65,0,42,48,23,17
2025-02-01,2,106,84,83,1,59,62,24,21
2025-02-01,2,107,112,107,5,68,70,39,37
2025-02-01,2,110,72,72,0,65,63,7,9
2025-02-01,2,111,184,178,6,117,122,61,56
2025-02-01,2,112,72,72,0,58,57,14,15
2025-02-01,2,117,175,172,3,144,150,28,22
2025-02-01,2,118,16,16,0,14,13,2,3
2025-02-01,2,119,79,78,1,65,64,13,14
2025-02-01,2,120,28,28,0,19,23,9,5
2025-02-01,2,121,411,402,9,281,307,121,95
2025-02-01,2,122,45,44,1,32,34,12,10
2025-02-01,2,124,84,83,1,61,64,22,19
2025-02-01,2,126,57,54,3,27,29,27,25
2025-02-01,3,7,230,223,7,186,189,37,34
2025-02-01,3,8,88,87,1,83,79,4,8
2025-02-01,3,10,227,222,5,197,202,25,20
2025-02-01,3,17,25,25,0,23,23,2,2
2025-02-01,3,19,28,28,0,25,28,3,0
2025-02-01,3,25,92,88,4,73,75,15,13
2025-02-01,3,26,309,301,8,244,243,57,58
2025-02-01,3,29,152,150,2,131,127,19,23
2025-02-01,3,32,476,462,14,394,382,68,80
2025-02-01,3,33,24,22,2,19,20,3,2
2025-02-01,3,36,25,25,0,23,23,2,2
2025-02-01,3,37,28,27,1,24,26,3,1
2025-02-01,3,38,32,32,0,28,28,4,4
2025-02-01,3,43,53,52,1,44,49,8,3
2025-02-01,3,44,40,39,1,35,36,4,3
2025-02-01,3,45,47,47,0,41,40,6,7
2025-02-01,3,47,28,28,0,24,18,4,10
2025-02-01,3,48,28,28,0,24,26,4,2
2025-02-01,3,49,28,28,0,28,28,0,0
2025-02-01,3,57,38,37,1,28,30,9,7
2025-02-01,3,58,84,84,0,56,57,28,27
2025-02-01,3,60,29,27,2,20,22,7,5
2025-02-01,3,62,43,42,1,33,34,9,8
2025-02-01,3,63,20,20,0,17,16,3,4
2025-02-01,3,64,12,12,0,10,12,2,0
2025-02-01,3,65,7,7,0,6,5,1,2
2025-02-01,3,69,92,87,5,78,77,9,10
2025-02-01,3,70,230,227,3,188,196,39,31
2025-02-01,3,72,309,296,13,232,238,64,58
2025-02-01,3,73,27,27,0,27,24,0,3
2025-02-01,3,74,53,53,0,43,44,10,9
2025-02-01,3,75,28,28,0,25,25,3,3
2025-02-01,3,77,38,37,1,32,33,5,4
2025-02-01,3,78,43,42,1,38,38,4,4
2025-02-01,3,82,180,179,1,125,122,54,57
2025-02-01,3,83,27,27,0,24,21,3,6
2025-02-01,3,84,788,744,44,609,566,135,178
2025-02-01,3,89,8,8,0,8,8,0,0
2025-02-01,3,90,88,87,1,80,80,7,7
2025-02-01,3,91,152,150,2,129,132,21,18
2025-02-01,3,93,28,28,0,23,23,5,5
2025-02-01,3,94,12,12,0,11,10,1,2
2025-02-01,3,95,7,7,0,6,6,1,1
2025-02-01,3,96,181,179,2,130,142,49,37
2025-02-01,3,97,8,8,0,8,8,0,0
2025-02-01,3,99,188,184,4,139,146,45,38
2025-02-01,3,105,28,28,0,19,18,9,10
2025-02-01,3,106,52,52,0,42,42,10,10
2025-02-01,3,107,228,223,5,193,198,30,25
2025-02-01,3,111,482,466,16,375,378,91,88
2025-02-01,3,112,32,32,0,27,29,5,3
2025-02-01,3,113,40,39,1,35,35,4,4
2025-02-01,3,114,47,47,0,41,41,6,6
2025-02-01,3,117,83,83,0,60,60,23,23
2025-02-01,3,118,27,26,1,21,21,5,5
2025-02-01,3,119,19,19,0,11,15,8,4
2025-02-01,3,121,785,740,45,606,609,134,131
2025-02-01,3,122,188,186,2,138,123,48,63
2025-02-01,3,124,52,52,0,38,40,14,12
2025-02-01,3,126,24,22,2,19,19,3,3
2025-02-01,4,1,32,32,0,27,29,5,3
2025-02-01,4,2,164,161,3,132,132,29,29
2025-02-01,4,4,84,84,0,71,71,13,13
2025-02-01,4,9,94,93,1,80,83,13,10
2025-02-01,4,11,86,84,2,60,66,24,18
2025-02-01,4,12,32,32,0,29,30,3,2
2025-02-01,4,15,36,36,0,28,25,8,11
2025-02-01,4,16,165,162,3,130,133,32,29
2025-02-01,4,17,122,119,3,83,85,36,34
2025-02-01,4,18,144,140,4,118,118,22,22
2025-02-01,4,20,108,106,2,90,97,16,9
2025-02-01,4,21,120,117,3,104,106,13,11
2025-02-01,4,22,20,19,1,16,15,3,4
2025-02-01,4,23,16,16,0,12,13,4,3
2025-02-01,4,25,16,14,2,11,11,3,3
2025-02-01,4,26,54,52,2,41,41,11,11
2025-02-01,4,27,88,88,0,69,71,19,17
2025-02-01,4,28,78,78,0,66,66,12,12
2025-02-01,4,30,16,15,1,10,10,5,5
2025-02-01,4,31,165,163,2,143,134,20,29
2025-02-01,4,32,13,12,1,12,9,0,3
2025-02-01,4,33,132,126,6,107,105,19,21
2025-02-01,4,34,68,66,2,34,31,32,35
2025-02-01,4,36,122,119,3,77,83,42,36
2025-02-01,4,40,84,84,0,69,71,15,13
2025-02-01,4,41,144,137,7,107,106,30,31
2025-02-01,4,43,124,112,12,75,82,37,30
2025-02-01,4,44,370,339,31,257,257,82,82
2025-02-01,4,45,27,25,2,23,23,2,2
2025-02-01,4,51,88,86,2,71,70,15,16
2025-02-01,4,52,99,97,2,78,79,19,18
2025-02-01,4,53,108,106,2,98,98,8,8
2025-02-01,4,54,120,117,3,108,106,9,11
2025-02-01,4,59,20,19,1,16,16,3,3
2025-02-01,4,61,16,16,0,9,10,7,6
2025-02-01,4,62,66,63,3,45,46,18,17
2025-02-01,4,63,60,54,6,41,43,13,11
2025-02-01,4,64,60,57,3,39,42,18,15
2025-02-01,4,65,142,136,6,103,95,33,41
2025-02-01,4,67,54,53,1,40,40,13,13
2025-02-01,4,68,28,27,1,21,24,6,3
2025-02-01,4,69,20,17,3,14,12,3,5
2025-02-01,4,72,54,52,2,40,42,12,10
2025-02-01,4,74,124,116,8,85,84,31,32
2025-02-01,4,76,88,87,1,74,71,13,16
2025-02-01,4,78,66,63,3,49,50,14,13
2025-02-01,4,79,54,53,1,38,39,15,14
2025-02-01,4,80,74,73,1,49,48,24,25
2025-02-01,4,81,48,47,1,28,28,19,19
2025-02-01,4,85,74,72,2,53,51,19,21
2025-02-01,4,86,88,86,2,81,76,5,10
2025-02-01,4,87,78,78,0,69,67,9,11
2025-02-01,4,88,48,48,0,43,41,5,7
2025-02-01,4,89,101,96,5,65,65,31,31
2025-02-01,4,92,67,64,3,45,36,19,28
2025-02-01,4,94,60,57,3,40,39,17,18
2025-02-01,4,95,144,138,6,112,101,26,37
2025-02-01,4,97,98,97,1,83,81,14,16
2025-02-01,4,98,134,118,16,97,89,21,29
2025-02-01,4,100,132,114,18,63,65,51,49
2025-02-01,4,101,95,94,1,86,88,8,6
2025-02-01,4,102,96,91,5,77,73,14,18
2025-02-01,4,103,16,15,1,9,9,6,6
2025-02-01,4,104,165,160,5,140,142,20,18
2025-02-01,4,108,86,85,1,58,62,27,23
2025-02-01,4,110,36,36,0,31,30,5,6
2025-02-01,4,111,13,12,1,7,7,5,5
2025-02-01,4,113,370,344,26,264,262,80,82
2025-02-01,4,114,28,26,2,21,22,5,4
2025-02-01,4,116,99,97,2,77,81,20,16
2025-02-01,4,119,60,55,5,40,46,15,9
2025-02-01,4,120,28,28,0,14,17,14,11
2025-02-01,4,123,95,91,4,65,68,26,23
2025-02-01,4,125,98,96,2,86,88,10,8
2025-02-01,4,126,132,126,6,114,113,12,13
2025-02-01,4,128,98,94,4,84,88,10,6
2025-02-01,5,9,141,138,3,116,115,22,23
2025-02-01,5,11,64,63,1,51,49,12,14
2025-02-01,5,45,71,70,1,55,50,15,20
2025-02-01,5,51,40,39,1,35,34,4,5
2025-02-01,5,52,94,88,6,72,71,16,17
2025-02-01,5,76,40,39,1,36,36,3,3
2025-02-01,5,80,96,95,1,80,79,15,16
2025-02-01,5,85,96,95,1,80,74,15,21
2025-02-01,5,101,141,137,4,115,116,22,21
2025-02-01,5,102,49,46,3,37,36,9,10
2025-02-01,5,108,63,62,1,49,50,13,12
2025-02-01,5,114,73,72,1,57,60,15,12
2025-02-01,5,116,92,87,5,67,71,20,16
2025-02-01,5,123,47,44,3,34,36,10,8
2025-02-01,5,125,77,76,1,56,59,20,17
2025-02-01,5,128,75,73,2,54,49,19,24
2025-02-01,6,1,12,12,0,10,10,2,2
2025-02-01,6,2,109,109,0,99,101,10,8
2025-02-01,6,4,16,16,0,13,13,3,3
2025-02-01,6,6,28,28,0,24,26,4,2
2025-02-01,6,7,243,242,1,192,197,50,45
2025-02-01,6,8,64,64,0,47,46,17,18
2025-02-01,6,10,146,145,1,120,124,25,21
2025-02-01,6,12,12,12,0,8,8,4,4
2025-02-01,6,14,12,12,0,11,11,1,1
2025-02-01,6,15,36,36,0,29,31,7,5
2025-02-01,6,16,109,109,0,90,99,19,10
2025-02-01,6,17,125,124,1,95,104,29,20
2025-02-01,6,18,98,94,4,68,73,26,21
2025-02-01,6,19,28,28,0,25,26,3,2
2025-02-01,6,20,24,24,0,21,22,3,2
2025-02-01,6,21,32,32,0,30,29,2,3
2025-02-01,6,22,29,28,1,22,21,6,7
2025-02-01,6,23,36,36,0,26,28,10,8
2025-02-01,6,24,16,16,0,13,13,3,3
2025-02-01,6,25,116,112,4,79,91,33,21
2025-02-01,6,26,362,358,4,281,269,77,89
2025-02-01,6,27,12,12,0,10,11,2,1
2025-02-01,6,28,72,72,0,53,53,19,19
2025-02-01,6,29,120,118,2,93,94,25,24
2025-02-01,6,30,30,28,2,26,26,2,2
2025-02-01,6,31,143,143,0,111,100,32,43
2025-02-01,6,32,427,417,10,351,330,66,87
2025-02-01,6,33,121,118,3,93,85,25,33
2025-02-01,6,34,35,35,0,28,27,7,8
2025-02-01,6,36,126,126,0,92,100,34,26
2025-02-01,6,37,39,38,1,37,36,1,2
2025-02-01,6,38,56,56,0,46,47,10,9
2025-02-01,6,40,16,16,0,14,14,2,2
2025-02-01,6,41,98,94,4,77,79,17,15
2025-02-01,6,42,28,28,0,26,26,2,2
2025-02-01,6,43,116,111,5,104,104,7,7
2025-02-01,6,44,230,222,8,187,191,35,31
2025-02-01,6,47,29,28,1,24,23,4,5
2025-02-01,6,48,16,16,0,12,10,4,6
2025-02-01,6,53,24,24,0,23,22,1,2
2025-02-01,6,54,32,32,0,32,31,0,1
2025-02-01,6,55,28,28,0,23,23,5,5
2025-02-01,6,56,28,28,0,26,27,2,1
2025-02-01,6,57,230,228,2,188,191,40,37
2025-02-01,6,58,263,260,3,213,211,47,49
2025-02-01,6,59,28,27,1,21,21,6,6
2025-02-01,6,60,29,28,1,15,15,13,13
2025-02-01,6,61,36,36,0,28,27,8,9
2025-02-01,6,62,112,112,0,95,97,17,15
2025-02-01,6,63,73,72,1,59,56,13,16
2025-02-01,6,64,75,72,3,50,46,22,26
2025-02-01,6,65,59,57,2,46,40,11,17
2025-02-01,6,66,16,16,0,12,13,4,3
2025-02-01,6,67,84,84,0,70,74,14,10
2025-02-01,6,68,28,28,0,17,18,11,10
2025-02-01,6,69,116,111,5,86,87,25,24
2025-02-01,6,70,243,243,0,207,185,36,58
2025-02-01,6,71,12,12,0,9,11,3,1
2025-02-01,6,72,373,367,6,313,300,54,67
2025-02-01,6,73,39,39,0,37,38,2,1
2025-02-01,6,74,116,112,4,103,104,9,8
2025-02-01,6,75,15,15,0,13,13,2,2
2025-02-01,6,77,230,230,0,201,199,29,31
2025-02-01,6,78,112,112,0,98,98,14,14
2025-02-01,6,79,84,84,0,74,75,10,9
2025-02-01,6,81,40,40,0,31,36,9,4
2025-02-01,6,82,194,194,0,159,152,35,42
2025-02-01,6,83,67,67,0,61,60,6,7
2025-02-01,6,84,686,668,18,565,518,103,150
2025-02-01,6,86,12,12,0,10,9,2,3
2025-02-01,6,87,72,72,0,57,55,15,17
2025-02-01,6,88,40,40,0,37,36,3,4
2025-02-01,6,89,40,40,0,28,25,12,15
2025-02-01,6,90,64,64,0,51,47,13,17
2025-02-01,6,91,117,116,1,86,85,30,31
2025-02-01,6,92,35,35,0,29,30,6,5
2025-02-01,6,94,75,72,3,60,50,12,22
2025-02-01,6,95,59,57,2,51,48,6,9
2025-02-01,6,96,206,205,1,167,166,38,39
2025-02-01,6,97,40,40,0,38,37,2,3
2025-02-01,6,98,45,41,4,33,31,8,10
2025-02-01,6,99,160,160,0,133,139,27,21
2025-02-01,6,100,45,41,4,21,17,20,24
2025-02-01,6,103,30,28,2,22,23,6,5
2025-02-01,6,104,143,143,0,117,107,26,36
2025-02-01,6,105,67,67,0,61,63,6,4
2025-02-01,6,106,56,56,0,47,41,9,15
2025-02-01,6,107,146,146,0,119,121,27,25
2025-02-01,6,110,36,36,0,30,29,6,7
2025-02-01,6,111,420,411,9,352,352,59,59
2025-02-01,6,112,56,56,0,52,51,4,5
2025-02-01,6,113,230,222,8,186,196,36,26
2025-02-01,6,117,263,260,3,229,225,31,35
2025-02-01,6,118,28,28,0,24,20,4,8
2025-02-01,6,119,73,72,1,66,63,6,9
2025-02-01,6,120,28,28,0,21,24,7,4
2025-02-01,6,121,681,663,18,547,568,116,95
2025-02-01,6,122,172,172,0,145,145,27,27
2025-02-01,6,124,56,56,0,49,48,7,8
2025-02-01,6,126,121,117,4,95,91,22,26
2025-02-01,7,8,4,4,0,3,2,1,2
2025-02-01,7,34,13,13,0,9,11,4,2
2025-02-01,7,49,13,13,0,8,9,5,4
2025-02-01,7,64,21,20,1,13,12,7,8
2025-02-01,7,65,13,12,1,10,10,2,2
2025-02-01,7,89,12,12,0,8,7,4,5
2025-02-01,7,90,4,4,0,3,3,1,1
2025-02-01,7,92,13,13,0,10,11,3,2
2025-02-01,7,93,13,13,0,10,8,3,5
2025-02-01,7,94,21,20,1,15,14,5,6
2025-02-01,7,95,13,12,1,10,11,2,1
2025-02-01,7,97,12,12,0,10,10,2,2
2025-02-01,7,98,11,10,1,9,9,1,1
2025-02-01,7,100,11,10,1,7,7,3,3
2025-03-01,2,2,36,33,3,25,27,8,6
2025-03-01,2,6,31,28,3,26,24,2,4
2025-03-01,2,7,143,143,0,127,126,16,17
2025-03-01,2,8,20,20,0,9,15,11,5
2025-03-01,2,10,126,125,1,106,103,19,22
2025-03-01,2,14,19,19,0,16,17,3,2
2025-03-01,2,15,81,68,13,62,60,6,8
2025-03-01,2,16,36,34,2,24,26,10,8
2025-03-01,2,17,82,75,7,58,58,17,17
2025-03-01,2,18,31,28,3,15,16,13,12
2025-03-01,2,19,18,17,1,14,15,3,2
2025-03-01,2,23,31,28,3,25,24,3,4
2025-03-01,2,24,23,20,3,13,13,7,7
2025-03-01,2,25,31,28,3,13,12,15,16
2025-03-01,2,26,130,120,10,94,98,26,22
2025-03-01,2,28,54,48,6,30,30,18,18
2025-03-01,2,29,27,22,5,13,16,9,6
2025-03-01,2,30,31,27,4,22,21,5,6
2025-03-01,2,32,203,182,21,129,123,53,59
2025-03-01,2,33,62,56,6,37,37,19,19
2025-03-01,2,36,82,75,7,66,62,9,13
2025-03-01,2,37,76,76,0,69,69,7,7
2025-03-01,2,38,95,92,3,75,81,17,11
2025-03-01,2,41,31,28,3,16,14,12,14
2025-03-01,2,42,14,12,2,12,12,0,0
2025-03-01,2,43,31,31,0,28,26,3,5
2025-03-01,2,47,18,17,1,14,13,3,4
2025-03-01,2,48,17,17,0,11,15,6,2
2025-03-01,2,55,31,28,3,24,26,4,2
2025-03-01,2,56,14,12,2,12,12,0,0
2025-03-01,2,57,211,183,28,145,152,38,31
2025-03-01,2,58,209,183,26,150,149,33,34
2025-03-01,2,60,18,18,0,14,15,4,3
2025-03-01,2,61,31,28,3,22,21,6,7
2025-03-01,2,62,167,166,1,127,130,39,36
2025-03-01,2,63,88,87,1,70,73,17,14
2025-03-01,2,66,23,19,4,7,6,12,13
2025-03-01,2,67,112,111,1,80,82,31,29
2025-03-01,2,68,54,54,0,46,46,8,8
2025-03-01,2,69,31,28,3,13,11,15,17
2025-03-01,2,70,144,144,0,119,122,25,22
2025-03-01,2,71,19,19,0,18,18,1,1
2025-03-01,2,72,131,121,10,88,89,33,32
2025-03-01,2,73,76,76,0,70,68,6,8
2025-03-01,2,74,31,31,0,28,29,3,2
2025-03-01,2,75,18,18,0,16,15,2,3
2025-03-01,2,77,210,182,28,141,140,41,42
2025-03-01,2,78,166,166,0,140,137,26,29
2025-03-01,2,79,110,110,0,84,84,26,26
2025-03-01,2,81,58,58,0,45,45,13,13
2025-03-01,2,82,76,76,0,61,68,15,8
2025-03-01,2,83,71,69,2,53,50,16,19
2025-03-01,2,84,472,470,2,368,383,102,87
2025-03-01,2,87,54,48,6,30,33,18,15
2025-03-01,2,88,59,58,1,45,49,13,9
2025-03-01,2,90,20,20,0,18,14,2,6
2025-03-01,2,91,27,22,5,13,14,9,8
2025-03-01,2,96,77,77,0,60,62,17,15
2025-03-01,2,99,56,52,4,40,39,12,13
2025-03-01,2,103,31,27,4,19,19,8,8
2025-03-01,2,105,71,68,3,47,54,21,14
2025-03-01,2,106,93,89,4,65,67,24,22
2025-03-01,2,107,126,125,1,94,111,31,14
2025-03-01,2,110,81,69,12,65,65,4,4
2025-03-01,2,111,203,182,21,137,134,45,48
2025-03-01,2,112,93,92,1,73,72,19,20
2025-03-01,2,117,208,183,25,155,154,28,29
2025-03-01,2,118,18,18,0,15,14,3,4
2025-03-01,2,119,86,86,0,76,77,10,9
2025-03-01,2,120,54,54,0,45,47,9,7
2025-03-01,2,121,474,471,3,372,394,99,77
2025-03-01,2,122,53,53,0,41,45,12,8
2025-03-01,2,124,92,89,3,69,70,20,19
2025-03-01,2,126,64,56,8,33,35,23,21
2025-03-01,3,7,252,252,0,211,209,41,43
2025-03-01,3,8,97,97,0,85,88,12,9
2025-03-01,3,10,241,239,2,194,185,45,54
2025-03-01,3,17,29,26,3,21,20,5,6
2025-03-01,3,19,40,36,4,33,35,3,1
2025-03-01,3,25,99,90,9,70,75,20,15
2025-03-01,3,26,354,318,36,244,245,74,73
2025-03-01,3,29,167,152,15,110,120,42,32
2025-03-01,3,32,530,470,60,372,373,98,97
2025-03-01,3,33,26,26,0,26,26,0,0
2025-03-01,3,36,29,26,3,21,22,5,4
2025-03-01,3,37,31,31,0,25,28,6,3
2025-03-01,3,38,33,33,0,26,26,7,7
2025-03-01,3,43,57,56,1,51,52,5,4
2025-03-01,3,44,36,36,0,36,35,0,1
2025-03-01,3,45,49,46,3,41,42,5,4
2025-03-01,3,47,39,35,4,30,23,5,12
2025-03-01,3,48,32,32,0,30,31,2,1
2025-03-01,3,49,31,31,0,31,30,0,1
2025-03-01,3,57,33,30,3,22,23,8,7
2025-03-01,3,58,95,85,10,65,65,20,20
2025-03-01,3,60,31,31,0,24,24,7,7
2025-03-01,3,62,35,34,1,31,29,3,5
2025-03-01,3,64,13,13,0,12,13,1,0
2025-03-01,3,65,5,5,0,5,4,0,1
2025-03-01,3,69,99,89,10,74,72,15,17
2025-03-01,3,70,251,251,0,209,213,42,38
2025-03-01,3,72,352,315,37,247,253,68,62
2025-03-01,3,73,31,31,0,27,26,4,5
2025-03-01,3,74,56,56,0,46,46,10,10
2025-03-01,3,75,32,32,0,25,30,7,2
2025-03-01,3,77,33,30,3,24,23,6,7
2025-03-01,3,78,34,34,0,27,30,7,4
2025-03-01,3,82,197,196,1,146,159,50,37
2025-03-01,3,83,31,30,1,26,27,4,3
2025-03-01,3,84,857,831,26,703,645,128,186
2025-03-01,3,89,8,8,0,7,8,1,0
2025-03-01,3,90,97,97,0,88,83,9,14
2025-03-01,3,91,167,149,18,130,123,19,26
2025-03-01,3,93,30,30,0,28,27,2,3
2025-03-01,3,94,13,13,0,13,12,0,1
2025-03-01,3,95,5,5,0,5,5,0,0
2025-03-01,3,96,197,195,2,166,155,29,40
2025-03-01,3,97,8,8,0,8,8,0,0
2025-03-01,3,99,199,198,1,155,141,43,57
2025-03-01,3,105,31,30,1,23,25,7,5
2025-03-01,3,106,57,54,3,36,37,18,17
2025-03-01,3,107,241,240,1,190,203,50,37
2025-03-01,3,111,530,476,54,379,360,97,116
2025-03-01,3,112,33,33,0,22,25,11,8
2025-03-01,3,113,36,36,0,31,32,5,4
2025-03-01,3,114,49,46,3,39,36,7,10
2025-03-01,3,117,95,85,10,66,72,19,13
2025-03-01,3,118,31,31,0,23,25,8,6
2025-03-01,3,121,853,826,27,675,680,151,146
2025-03-01,3,122,200,199,1,135,157,64,42
2025-03-01,3,124,56,53,3,36,36,17,17
2025-03-01,3,126,26,26,0,25,26,1,0
2025-03-01,4,1,36,36,0,31,30,5,6
2025-03-01,4,2,173,158,15,138,128,20,30
2025-03-01,4,4,94,94,0,83,82,11,12
2025-03-01,4,9,94,91,3,84,86,7,5
2025-03-01,4,11,91,88,3,66,69,22,19
2025-03-01,4,12,36,36,0,33,31,3,5
2025-03-01,4,15,40,33,7,24,20,9,13
2025-03-01,4,16,173,157,16,122,127,35,30
2025-03-01,4,17,135,122,13,94,94,28,28
2025-03-01,4,18,160,138,22,101,106,37,32
2025-03-01,4,20,116,103,13,81,88,22,15
2025-03-01,4,21,130,119,11,89,91,30,28
2025-03-01,4,22,23,20,3,18,18,2,2
2025-03-01,4,23,18,16,2,8,9,8,7
2025-03-01,4,25,19,16,3,14,14,2,2
2025-03-01,4,26,48,43,5,37,36,6,7
2025-03-01,4,27,91,83,8,63,65,20,18
2025-03-01,4,28,84,77,7,60,63,17,14
2025-03-01,4,30,17,15,2,14,13,1,2
2025-03-01,4,31,177,163,14,121,117,42,46
2025-03-01,4,32,1,1,0,1,1,0,0
2025-03-01,4,33,145,131,14,100,100,31,31
2025-03-01,4,34,75,75,0,46,48,29,27
2025-03-01,4,36,135,121,14,99,95,22,26
2025-03-01,4,40,94,94,0,83,85,11,9
2025-03-01,4,41,160,139,21,115,111,24,28
2025-03-01,4,43,140,138,2,109,118,29,20
2025-03-01,4,44,394,377,17,302,278,75,99
2025-03-01,4,45,34,28,6,25,24,3,4
2025-03-01,4,49,9,9,0,7,7,2,2
2025-03-01,4,51,96,96,0,78,75,18,21
2025-03-01,4,52,101,101,0,82,80,19,21
2025-03-01,4,53,116,103,13,89,89,14,14
2025-03-01,4,54,130,118,12,99,98,19,20
2025-03-01,4,59,23,20,3,18,17,2,3
2025-03-01,4,61,18,16,2,7,8,9,8
2025-03-01,4,62,84,83,1,65,71,18,12
2025-03-01,4,63,88,86,2,69,66,17,20
2025-03-01,4,64,62,59,3,41,43,18,16
2025-03-01,4,65,155,151,4,115,106,36,45
2025-03-01,4,67,59,57,2,40,41,17,16
2025-03-01,4,68,31,31,0,28,27,3,4
2025-03-01,4,69,23,20,3,17,16,3,4
2025-03-01,4,72,48,42,6,31,30,11,12
2025-03-01,4,74,140,139,1,111,115,28,24
2025-03-01,4,76,96,96,0,79,74,17,22
2025-03-01,4,78,85,84,1,66,69,18,15
2025-03-01,4,79,59,57,2,45,47,12,10
2025-03-01,4,80,82,82,0,53,55,29,27
2025-03-01,4,81,52,51,1,32,26,19,25
2025-03-01,4,85,81,81,0,59,55,22,26
2025-03-01,4,86,91,83,8,64,62,19,21
2025-03-01,4,87,83,73,10,59,54,14,19
2025-03-01,4,88,53,50,3,44,35,6,15
2025-03-01,4,89,106,105,1,77,80,28,25
2025-03-01,4,92,75,75,0,64,55,11,20
2025-03-01,4,93,9,9,0,8,7,1,2
2025-03-01,4,94,62,59,3,43,40,16,19
2025-03-01,4,95,155,152,3,119,113,33,39
2025-03-01,4,97,106,105,1,89,88,16,17
2025-03-01,4,98,137,137,0,115,111,22,26
2025-03-01,4,100,137,137,0,101,99,36,38
2025-03-01,4,101,93,90,3,83,84,7,6
2025-03-01,4,102,108,107,1,82,81,25,26
2025-03-01,4,103,17,15,2,13,12,2,3
2025-03-01,4,104,177,157,20,118,112,39,45
2025-03-01,4,108,90,90,0,68,70,22,20
2025-03-01,4,110,40,33,7,22,22,11,11
2025-03-01,4,111,1,1,0,1,1,0,0
2025-03-01,4,113,395,381,14,297,298,84,83
2025-03-01,4,114,34,28,6,21,23,7,5
2025-03-01,4,116,101,101,0,76,79,25,22
2025-03-01,4,119,88,86,2,53,66,33,20
2025-03-01,4,120,31,31,0,19,22,12,9
2025-03-01,4,123,107,106,1,69,78,37,28
2025-03-01,4,125,105,105,0,92,95,13,10
2025-03-01,4,126,145,130,15,104,103,26,27
2025-03-01,4,128,105,104,1,94,94,10,10
2025-03-01,5,9,154,151,3,118,116,33,35
2025-03-01,5,11,71,71,0,64,59,7,12
2025-03-01,5,45,81,71,10,53,48,18,23
2025-03-01,5,51,52,49,3,41,41,8,8
2025-03-01,5,52,111,111,0,95,86,16,25
2025-03-01,5,76,51,48,3,41,40,7,8
2025-03-01,5,80,101,100,1,83,83,17,17
2025-03-01,5,85,101,100,1,79,77,21,23
2025-03-01,5,101,154,151,3,124,123,27,28
2025-03-01,5,102,50,50,0,35,33,15,17
2025-03-01,5,108,71,71,0,62,64,9,7
2025-03-01,5,114,78,68,10,58,56,10,12
2025-03-01,5,116,106,106,0,86,89,20,17
2025-03-01,5,123,54,54,0,37,34,17,20
2025-03-01,5,125,90,89,1,78,83,11,6
2025-03-01,5,128,90,90,0,79,70,11,20
2025-03-01,6,1,13,13,0,7,7,6,6
2025-03-01,6,2,131,115,16,106,105,9,10
2025-03-01,6,4,18,17,1,9,10,8,7
2025-03-01,6,6,31,27,4,26,26,1,1
2025-03-01,6,7,284,284,0,226,233,58,51
2025-03-01,6,8,70,70,0,45,56,25,14
2025-03-01,6,10,171,171,0,141,138,30,33
2025-03-01,6,12,13,13,0,3,4,10,9
2025-03-01,6,14,14,14,0,12,13,2,1
2025-03-01,6,15,39,34,5,32,31,2,3
2025-03-01,6,16,131,117,14,97,100,20,17
2025-03-01,6,17,144,130,14,100,106,30,24
2025-03-01,6,18,108,99,9,83,86,16,13
2025-03-01,6,19,31,28,3,18,23,10,5
2025-03-01,6,20,26,25,1,10,14,15,11
2025-03-01,6,21,36,32,4,22,19,10,13
2025-03-01,6,22,31,29,2,24,22,5,7
2025-03-01,6,23,48,43,5,27,32,16,11
2025-03-01,6,24,19,17,2,11,15,6,2
2025-03-01,6,25,139,128,11,88,99,40,29
2025-03-01,6,26,446,402,44,309,311,93,91
2025-03-01,6,27,13,12,1,11,11,1,1
2025-03-01,6,28,84,77,7,40,43,37,34
2025-03-01,6,29,139,126,13,96,104,30,22
2025-03-01,6,30,31,27,4,23,22,4,5
2025-03-01,6,31,161,151,10,98,91,53,60
2025-03-01,6,32,493,440,53,337,329,103,111
2025-03-01,6,33,144,132,12,95,83,37,49
2025-03-01,6,34,44,44,0,31,36,13,8
2025-03-01,6,36,144,130,14,102,106,28,24
2025-03-01,6,37,67,67,0,65,62,2,5
2025-03-01,6,38,70,70,0,60,63,10,7
2025-03-01,6,40,18,17,1,11,13,6,4
2025-03-01,6,41,108,99,9,90,87,9,12
2025-03-01,6,42,31,27,4,25,25,2,2
2025-03-01,6,43,130,130,0,120,120,10,10
2025-03-01,6,44,248,245,3,215,210,30,35
2025-03-01,6,47,31,28,3,19,20,9,8
2025-03-01,6,48,17,16,1,11,11,5,5
2025-03-01,6,49,5,5,0,4,4,1,1
2025-03-01,6,53,26,23,3,15,15,8,8
2025-03-01,6,54,36,32,4,27,20,5,12
2025-03-01,6,55,31,27,4,21,22,6,5
2025-03-01,6,56,31,27,4,26,27,1,0
2025-03-01,6,57,266,227,39,185,197,42,30
2025-03-01,6,58,292,251,41,198,212,53,39
2025-03-01,6,59,31,29,2,19,20,10,9
2025-03-01,6,60,31,31,0,24,22,7,9
2025-03-01,6,61,48,43,5,28,33,15,10
2025-03-01,6,62,124,123,1,107,111,16,12
2025-03-01,6,63,78,78,0,70,67,8,11
2025-03-01,6,64,83,82,1,64,65,18,17
2025-03-01,6,65,72,72,0,60,61,12,11
2025-03-01,6,66,19,17,2,12,13,5,4
2025-03-01,6,67,96,96,0,80,85,16,11
2025-03-01,6,68,31,31,0,19,19,12,12
2025-03-01,6,69,137,126,11,98,102,28,24
2025-03-01,6,70,285,285,0,241,228,44,57
2025-03-01,6,71,14,14,0,12,13,2,1
2025-03-01,6,72,456,410,46,342,314,68,96
2025-03-01,6,73,67,67,0,67,67,0,0
2025-03-01,6,74,130,130,0,118,118,12,12
2025-03-01,6,75,18,18,0,16,15,2,3
2025-03-01,6,77,267,229,38,197,198,32,31
2025-03-01,6,78,124,124,0,108,112,16,12
2025-03-01,6,79,96,96,0,76,80,20,16
2025-03-01,6,81,44,44,0,35,39,9,5
2025-03-01,6,82,225,225,0,173,194,52,31
2025-03-01,6,83,76,71,5,63,60,8,11
2025-03-01,6,84,805,791,14,701,626,90,165
2025-03-01,6,86,13,12,1,12,10,0,2
2025-03-01,6,87,83,76,7,49,41,27,35
2025-03-01,6,88,44,44,0,39,39,5,5
2025-03-01,6,89,47,47,0,38,37,9,10
2025-03-01,6,90,69,69,0,62,52,7,17
2025-03-01,6,91,136,123,13,99,82,24,41
2025-03-01,6,92,44,44,0,35,38,9,6
2025-03-01,6,93,5,5,0,5,3,0,2
2025-03-01,6,94,83,82,1,75,69,7,13
2025-03-01,6,95,72,72,0,65,65,7,7
2025-03-01,6,96,236,236,0,205,177,31,59
2025-03-01,6,97,47,47,0,44,41,3,6
2025-03-01,6,98,53,52,1,45,46,7,6
2025-03-01,6,99,177,176,1,164,155,12,21
2025-03-01,6,100,53,52,1,45,43,7,9
2025-03-01,6,103,31,27,4,17,19,10,8
2025-03-01,6,104,161,150,11,105,92,45,58
2025-03-01,6,105,76,71,5,58,60,13,11
2025-03-01,6,106,62,59,3,48,44,11,15
2025-03-01,6,107,171,171,0,140,144,31,27
2025-03-01,6,110,39,34,5,34,30,0,4
2025-03-01,6,111,484,434,50,348,339,86,95
2025-03-01,6,112,70,70,0,66,62,4,8
2025-03-01,6,113,248,245,3,206,223,39,22
2025-03-01,6,117,292,253,39,218,205,35,48
2025-03-01,6,118,31,31,0,30,28,1,3
2025-03-01,6,119,78,78,0,72,70,6,8
2025-03-01,6,120,31,31,0,24,24,7,7
2025-03-01,6,121,801,789,12,658,662,131,127
2025-03-01,6,122,190,190,0,148,173,42,17
2025-03-01,6,124,62,59,3,50,48,9,11
2025-03-01,6,126,144,130,14,100,95,30,35
2025-03-01,7,8,6,6,0,6,6,0,0
2025-03-01,7,34,8,8,0,5,8,3,0
2025-03-01,7,49,13,13,0,8,10,5,3
2025-03-01,7,64,19,19,0,12,14,7,5
2025-03-01,7,65,6,6,0,5,4,1,2
2025-03-01,7,89,8,8,0,5,6,3,2
2025-03-01,7,90,6,6,0,6,6,0,0
2025-03-01,7,92,8,8,0,7,8,1,0
2025-03-01,7,93,13,13,0,10,11,3,2
2025-03-01,7,94,19,19,0,18,18,1,1
2025-03-01,7,95,6,6,0,5,5,1,1
2025-03-01,7,97,8,8,0,8,8,0,0
2025-03-01,7,98,7,7,0,7,7,0,0
2025-03-01,7,100,7,7,0,4,6,3,1
2025-04-01,2,2,34,34,0,25,26,9,8
2025-04-01,2,6,30,30,0,27,27,3,3
2025-04-01,2,7,156,155,1,131,133,24,22
2025-04-01,2,8,30,30,0,21,25,9,5
2025-04-01,2,10,152,149,3,126,121,23,28
2025-04-01,2,14,21,21,0,18,19,3,2
2025-04-01,2,15,87,86,1,61,62,25,24
2025-04-01,2,16,34,34,0,28,31,6,3
2025-04-01,2,17,115,115,0,100,103,15,12
2025-04-01,2,18,30,30,0,26,28,4,2
2025-04-01,2,19,28,28,0,23,26,5,2
2025-04-01,2,23,29,29,0,27,27,2,2
2025-04-01,2,24,29,29,0,23,23,6,6
2025-04-01,2,25,30,30,0,12,16,18,14
2025-04-01,2,26,194,193,1,124,139,69,54
2025-04-01,2,28,60,60,0,55,55,5,5
2025-04-01,2,29,30,30,0,24,23,6,7
2025-04-01,2,30,33,33,0,28,29,5,4
2025-04-01,2,32,268,266,2,186,201,80,65
2025-04-01,2,33,66,66,0,50,53,16,13
2025-04-01,2,36,115,115,0,104,103,11,12
2025-04-01,2,37,103,101,2,82,89,19,12
2025-04-01,2,38,117,117,0,105,103,12,14
2025-04-01,2,41,30,30,0,23,23,7,7
2025-04-01,2,42,17,17,0,16,16,1,1
2025-04-01,2,43,30,30,0,23,24,7,6
2025-04-01,2,47,29,29,0,26,27,3,2
2025-04-01,2,48,29,28,1,24,24,4,4
2025-04-01,2,55,30,30,0,22,23,8,7
2025-04-01,2,56,17,17,0,17,17,0,0
2025-04-01,2,57,255,248,7,208,210,40,38
2025-04-01,2,58,297,294,3,261,274,33,20
2025-04-01,2,60,17,17,0,12,12,5,5
2025-04-01,2,61,29,29,0,28,28,1,1
2025-04-01,2,62,177,177,0,142,147,35,30
2025-04-01,2,63,87,87,0,74,77,13,10
2025-04-01,2,66,29,29,0,20,21,9,8
2025-04-01,2,67,90,90,0,56,66,34,24
2025-04-01,2,68,49,49,0,37,38,12,11
2025-04-01,2,69,30,30,0,15,15,15,15
2025-04-01,2,70,156,155,1,128,136,27,19
2025-04-01,2,71,21,21,0,19,19,2,2
2025-04-01,2,72,194,193,1,142,136,51,57
2025-04-01,2,73,103,101,2,79,82,22,19
2025-04-01,2,74,30,30,0,24,23,6,7
2025-04-01,2,75,28,28,0,23,25,5,3
2025-04-01,2,77,256,250,6,207,204,43,46
2025-04-01,2,78,177,177,0,155,152,22,25
2025-04-01,2,79,90,90,0,66,61,24,29
2025-04-01,2,81,60,60,0,53,51,7,9
2025-04-01,2,82,89,89,0,70,75,19,14
2025-04-01,2,83,85,85,0,65,64,20,21
2025-04-01,2,84,536,526,10,459,441,67,85
2025-04-01,2,87,60,60,0,53,53,7,7
2025-04-01,2,88,60,59,1,42,44,17,15
2025-04-01,2,90,30,30,0,24,24,6,6
2025-04-01,2,91,30,29,1,20,18,9,11
2025-04-01,2,96,87,87,0,69,72,18,15
2025-04-01,2,99,59,59,0,45,37,14,22
2025-04-01,2,103,33,33,0,26,25,7,8
2025-04-01,2,105,85,85,0,51,60,34,25
2025-04-01,2,106,90,87,3,68,63,19,24
2025-04-01,2,107,151,151,0,113,129,38,22
2025-04-01,2,110,86,86,0,72,70,14,16
2025-04-01,2,111,268,268,0,192,195,76,73
2025-04-01,2,112,117,117,0,92,100,25,17
2025-04-01,2,117,299,297,2,264,265,33,32
2025-04-01,2,118,17,17,0,14,14,3,3
2025-04-01,2,119,87,87,0,73,75,14,12
2025-04-01,2,120,48,48,0,37,37,11,11
2025-04-01,2,121,537,528,9,442,464,86,64
2025-04-01,2,122,59,59,0,37,50,22,9
2025-04-01,2,124,89,87,2,76,76,11,11
2025-04-01,2,126,66,66,0,49,47,17,19
2025-04-01,3,7,227,224,3,190,189,34,35
2025-04-01,3,8,92,92,0,78,80,14,12
2025-04-01,3,10,230,229,1,204,183,25,46
2025-04-01,3,17,20,20,0,17,18,3,2
2025-04-01,3,19,43,43,0,33,36,10,7
2025-04-01,3,25,97,96,1,84,87,12,9
2025-04-01,3,26,284,279,5,239,241,40,38
2025-04-01,3,27,42,42,0,39,40,3,2
2025-04-01,3,29,158,157,1,132,129,25,28
2025-04-01,3,32,500,489,11,406,418,83,71
2025-04-01,3,33,25,25,0,22,22,3,3
2025-04-01,3,36,20,20,0,18,18,2,2
2025-04-01,3,37,38,38,0,31,32,7,6
2025-04-01,3,38,41,40,1,33,34,7,6
2025-04-01,3,43,58,56,2,52,50,4,6
2025-04-01,3,44,44,42,2,41,39,1,3
2025-04-01,3,47,43,43,0,38,37,5,6
2025-04-01,3,48,30,30,0,26,26,4,4
2025-04-01,3,49,26,26,0,22,22,4,4
2025-04-01,3,57,48,47,1,32,31,15,16
2025-04-01,3,58,125,123,2,98,105,25,18
2025-04-01,3,60,30,29,1,23,22,6,7
2025-04-01,3,62,8,8,0,7,8,1,0
2025-04-01,3,64,19,17,2,14,14,3,3
2025-04-01,3,65,4,4,0,3,3,1,1
2025-04-01,3,69,98,97,1,87,85,10,12
2025-04-01,3,70,227,225,2,201,198,24,27
2025-04-01,3,72,288,287,1,245,252,42,35
2025-04-01,3,73,38,38,0,30,33,8,5
2025-04-01,3,74,58,57,1,48,52,9,5
2025-04-01,3,75,30,30,0,26,25,4,5
2025-04-01,3,77,48,48,0,40,40,8,8
2025-04-01,3,78,8,8,0,6,7,2,1
2025-04-01,3,82,206,206,0,156,161,50,45
2025-04-01,3,83,30,30,0,27,29,3,1
2025-04-01,3,84,867,817,50,745,698,72,119
2025-04-01,3,86,42,41,1,39,39,2,2
2025-04-01,3,89,10,10,0,10,10,0,0
2025-04-01,3,90,91,91,0,79,83,12,8
2025-04-01,3,91,157,156,1,134,123,22,33
2025-04-01,3,93,26,26,0,24,23,2,3
2025-04-01,3,94,19,17,2,17,15,0,2
2025-04-01,3,95,4,4,0,4,4,0,0
2025-04-01,3,96,206,206,0,164,156,42,50
2025-04-01,3,97,10,10,0,10,10,0,0
2025-04-01,3,99,198,197,1,156,150,41,47
2025-04-01,3,105,30,30,0,18,23,12,7
2025-04-01,3,106,55,55,0,45,44,10,11
2025-04-01,3,107,230,229,1,193,201,36,28
2025-04-01,3,111,496,485,11,410,393,75,92
2025-04-01,3,112,41,41,0,34,34,7,7
2025-04-01,3,113,44,42,2,41,41,1,1
2025-04-01,3,117,126,126,0,103,104,23,22
2025-04-01,3,118,30,30,0,20,23,10,7
2025-04-01,3,121,873,820,53,698,708,122,112
2025-04-01,3,122,197,197,0,150,146,47,51
2025-04-01,3,124,56,56,0,42,43,14,13
2025-04-01,3,126,24,24,0,22,22,2,2
2025-04-01,4,1,43,43,0,40,36,3,7
2025-04-01,4,2,143,141,2,102,93,39,48
2025-04-01,4,4,88,86,2,80,76,6,10
2025-04-01,4,7,27,27,0,24,20,3,7
2025-04-01,4,9,88,83,5,67,66,16,17
2025-04-01,4,11,78,78,0,56,64,22,14
2025-04-01,4,12,43,43,0,39,40,4,3
2025-04-01,4,15,38,38,0,31,32,7,6
2025-04-01,4,16,143,141,2,93,103,48,38
2025-04-01,4,17,188,184,4,122,140,62,44
2025-04-01,4,18,168,162,6,122,129,40,33
2025-04-01,4,20,107,104,3,90,96,14,8
2025-04-01,4,21,118,115,3,99,99,16,16
2025-04-01,4,22,30,30,0,24,24,6,6
2025-04-01,4,23,16,16,0,11,10,5,6
2025-04-01,4,25,18,16,2,14,14,2,2
2025-04-01,4,26,135,121,14,87,91,34,30
2025-04-01,4,27,21,21,0,18,18,3,3
2025-04-01,4,28,82,81,1,70,72,11,9
2025-04-01,4,30,17,17,0,14,14,3,3
2025-04-01,4,31,158,158,0,129,131,29,27
2025-04-01,4,33,150,144,6,92,98,52,46
2025-04-01,4,34,86,82,4,43,54,39,28
2025-04-01,4,36,188,184,4,143,136,41,48
2025-04-01,4,40,89,86,3,78,76,8,10
2025-04-01,4,41,167,159,8,128,132,31,27
2025-04-01,4,43,146,142,4,106,112,36,30
2025-04-01,4,44,360,325,35,244,227,81,98
2025-04-01,4,45,98,97,1,67,76,30,21
2025-04-01,4,49,12,12,0,12,12,0,0
2025-04-01,4,51,100,98,2,77,85,21,13
2025-04-01,4,52,95,90,5,76,76,14,14
2025-04-01,4,53,106,104,2,99,99,5,5
2025-04-01,4,54,119,114,5,101,99,13,15
2025-04-01,4,59,30,30,0,22,22,8,8
2025-04-01,4,61,16,16,0,8,8,8,8
2025-04-01,4,62,103,102,1,78,77,24,25
2025-04-01,4,63,85,79,6,64,61,15,18
2025-04-01,4,64,58,56,2,49,45,7,11
2025-04-01,4,65,154,154,0,120,115,34,39
2025-04-01,4,67,82,80,2,65,61,15,19
2025-04-01,4,68,30,30,0,19,21,11,9
2025-04-01,4,69,23,21,2,19,19,2,2
2025-04-01,4,70,26,25,1,14,12,11,13
2025-04-01,4,72,133,121,12,102,107,19,14
2025-04-01,4,74,146,139,7,104,108,35,31
2025-04-01,4,76,100,99,1,74,74,25,25
2025-04-01,4,78,103,102,1,69,81,33,21
2025-04-01,4,79,82,81,1,59,54,22,27
2025-04-01,4,80,77,77,0,56,60,21,17
2025-04-01,4,81,52,52,0,37,32,15,20
2025-04-01,4,85,77,77,0,62,59,15,18
2025-04-01,4,86,21,21,0,19,18,2,3
2025-04-01,4,87,83,83,0,69,68,14,15
2025-04-01,4,88,52,52,0,47,47,5,5
2025-04-01,4,89,116,115,1,87,85,28,30
2025-04-01,4,92,86,84,2,61,68,23,16
2025-04-01,4,93,12,12,0,12,12,0,0
2025-04-01,4,94,58,56,2,49,48,7,8
2025-04-01,4,95,154,154,0,126,130,28,24
2025-04-01,4,97,116,116,0,97,100,19,16
2025-04-01,4,98,139,135,4,121,125,14,10
2025-04-01,4,100,139,135,4,109,119,26,16
2025-04-01,4,101,89,83,6,74,76,9,7
2025-04-01,4,102,90,90,0,71,71,19,19
2025-04-01,4,103,17,17,0,14,14,3,3
2025-04-01,4,104,156,152,4,127,126,25,26
2025-04-01,4,108,78,78,0,54,62,24,16
2025-04-01,4,110,38,38,0,32,31,6,7
2025-04-01,4,113,360,335,25,254,244,81,91
2025-04-01,4,114,98,98,0,66,65,32,33
2025-04-01,4,116,95,90,5,69,72,21,18
2025-04-01,4,119,85,79,6,54,60,25,19
2025-04-01,4,120,29,29,0,24,23,5,6
2025-04-01,4,123,91,91,0,69,65,22,26
2025-04-01,4,125,93,93,0,71,78,22,15
2025-04-01,4,126,150,144,6,105,100,39,44
2025-04-01,4,128,94,93,1,76,79,17,14
2025-04-01,5,9,142,137,5,105,98,32,39
2025-04-01,5,11,70,70,0,67,66,3,4
2025-04-01,5,45,82,82,0,69,62,13,20
2025-04-01,5,51,47,47,0,39,37,8,10
2025-04-01,5,52,114,110,4,95,93,15,17
2025-04-01,5,76,47,47,0,42,42,5,5
2025-04-01,5,80,89,88,1,77,77,11,11
2025-04-01,5,85,89,88,1,72,72,16,16
2025-04-01,5,101,142,136,6,99,98,37,38
2025-04-01,5,102,71,71,0,62,59,9,12
2025-04-01,5,108,70,70,0,62,65,8,5
2025-04-01,5,114,82,82,0,53,59,29,23
2025-04-01,5,116,112,109,3,80,82,29,27
2025-04-01,5,123,71,70,1,51,52,19,18
2025-04-01,5,125,73,73,0,53,55,20,18
2025-04-01,5,128,73,73,0,58,54,15,19
2025-04-01,6,1,13,13,0,9,10,4,3
2025-04-01,6,2,130,128,2,111,108,17,20
2025-04-01,6,4,16,16,0,13,12,3,4
2025-04-01,6,6,30,30,0,26,22,4,8
2025-04-01,6,7,287,284,3,239,235,45,49
2025-04-01,6,8,68,68,0,47,57,21,11
2025-04-01,6,10,190,190,0,157,130,33,60
2025-04-01,6,12,13,13,0,3,5,10,8
2025-04-01,6,14,8,8,0,8,8,0,0
2025-04-01,6,15,32,32,0,23,24,9,8
2025-04-01,6,16,130,128,2,104,112,24,16
2025-04-01,6,17,151,151,0,118,134,33,17
2025-04-01,6,18,94,94,0,78,84,16,10
2025-04-01,6,19,30,30,0,24,29,6,1
2025-04-01,6,20,26,26,0,21,21,5,5
2025-04-01,6,21,32,31,1,26,27,5,4
2025-04-01,6,22,39,39,0,34,36,5,3
2025-04-01,6,23,43,43,0,37,38,6,5
2025-04-01,6,24,8,8,0,5,6,3,2
2025-04-01,6,25,129,128,1,102,107,26,21
2025-04-01,6,26,420,413,7,329,329,84,84
2025-04-01,6,27,13,13,0,13,12,0,1
2025-04-01,6,28,82,81,1,48,50,33,31
2025-04-01,6,29,122,122,0,91,105,31,17
2025-04-01,6,30,33,33,0,25,28,8,5
2025-04-01,6,31,148,147,1,100,86,47,61
2025-04-01,6,32,450,449,1,369,363,80,86
2025-04-01,6,33,137,136,1,99,106,37,30
2025-04-01,6,34,43,43,0,35,38,8,5
2025-04-01,6,36,151,151,0,132,130,19,21
2025-04-01,6,37,75,74,1,67,70,7,4
2025-04-01,6,38,82,81,1,75,75,6,6
2025-04-01,6,40,16,16,0,13,14,3,2
2025-04-01,6,41,94,94,0,80,80,14,14
2025-04-01,6,42,30,30,0,27,28,3,2
2025-04-01,6,43,120,120,0,110,112,10,8
2025-04-01,6,44,245,244,1,214,216,30,28
2025-04-01,6,47,30,30,0,23,18,7,12
2025-04-01,6,48,30,30,0,26,25,4,5
2025-04-01,6,49,8,8,0,7,7,1,1
2025-04-01,6,53,26,26,0,23,22,3,4
2025-04-01,6,54,32,31,1,25,25,6,6
2025-04-01,6,55,30,30,0,20,26,10,4
2025-04-01,6,56,30,30,0,28,27,2,3
2025-04-01,6,57,278,272,6,216,234,56,38
2025-04-01,6,58,300,299,1,257,266,42,33
2025-04-01,6,59,39,39,0,35,35,4,4
2025-04-01,6,60,29,29,0,25,25,4,4
2025-04-01,6,61,43,43,0,32,32,11,11
2025-04-01,6,62,128,128,0,115,118,13,10
2025-04-01,6,63,62,62,0,54,54,8,8
2025-04-01,6,64,93,91,2,70,71,21,20
2025-04-01,6,65,86,85,1,79,74,6,11
2025-04-01,6,66,8,8,0,4,6,4,2
2025-04-01,6,67,97,97,0,79,80,18,17
2025-04-01,6,68,30,30,0,26,27,4,3
2025-04-01,6,69,129,128,1,104,114,24,14
2025-04-01,6,70,286,282,4,252,240,30,42
2025-04-01,6,71,8,8,0,8,8,0,0
2025-04-01,6,72,422,416,6,358,335,58,81
2025-04-01,6,73,75,75,0,71,70,4,5
2025-04-01,6,74,120,120,0,110,108,10,12
2025-04-01,6,75,30,30,0,26,28,4,2
2025-04-01,6,77,278,272,6,236,234,36,38
2025-04-01,6,78,128,128,0,119,118,9,10
2025-04-01,6,79,97,97,0,80,84,17,13
2025-04-01,6,81,41,41,0,36,36,5,5
2025-04-01,6,82,215,215,0,177,193,38,22
2025-04-01,6,83,66,66,0,58,59,8,7
2025-04-01,6,84,737,727,10,667,618,60,109
2025-04-01,6,86,13,13,0,11,10,2,3
2025-04-01,6,87,82,81,1,61,58,20,23
2025-04-01,6,88,41,41,0,35,31,6,10
2025-04-01,6,89,51,51,0,45,43,6,8
2025-04-01,6,90,68,68,0,66,63,2,5
2025-04-01,6,91,123,123,0,106,98,17,25
2025-04-01,6,92,43,43,0,37,38,6,5
2025-04-01,6,93,8,8,0,8,7,0,1
2025-04-01,6,94,93,91,2,82,80,9,11
2025-04-01,6,95,85,85,0,82,81,3,4
2025-04-01,6,96,229,229,0,204,207,25,22
2025-04-01,6,97,51,51,0,47,47,4,4
2025-04-01,6,98,59,59,0,56,54,3,5
2025-04-01,6,99,172,172,0,145,157,27,15
2025-04-01,6,100,59,59,0,50,52,9,7
2025-04-01,6,103,33,33,0,24,22,9,11
2025-04-01,6,104,148,143,5,82,75,61,68
2025-04-01,6,105,66,66,0,58,58,8,8
2025-04-01,6,106,68,67,1,56,51,11,16
2025-04-01,6,107,190,190,0,166,164,24,26
2025-04-01,6,110,32,32,0,30,27,2,5
2025-04-01,6,111,447,445,2,389,390,56,55
2025-04-01,6,112,81,81,0,76,78,5,3
2025-04-01,6,113,245,243,2,210,221,33,22
2025-04-01,6,117,300,299,1,254,247,45,52
2025-04-01,6,118,29,29,0,28,26,1,3
2025-04-01,6,119,62,62,0,57,58,5,4
2025-04-01,6,120,30,30,0,26,28,4,2
2025-04-01,6,121,727,719,8,610,608,109,111
2025-04-01,6,122,187,187,0,154,171,33,16
2025-04-01,6,124,68,68,0,58,56,10,12
2025-04-01,6,126,137,136,1,95,97,41,39
2025-04-01,7,8,5,5,0,2,4,3,1
2025-04-01,7,34,9,9,0,2,7,7,2
2025-04-01,7,49,13,13,0,11,11,2,2
2025-04-01,7,64,16,16,0,13,14,3,2
2025-04-01,7,65,3,3,0,1,3,2,0
2025-04-01,7,89,7,7,0,6,6,1,1
2025-04-01,7,90,5,5,0,5,4,0,1
2025-04-01,7,92,9,9,0,6,7,3,2
2025-04-01,7,93,13,13,0,11,11,2,2
2025-04-01,7,94,16,16,0,16,15,0,1
2025-04-01,7,95,3,3,0,3,2,0,1
2025-04-01,7,97,7,7,0,5,6,2,1
2025-04-01,7,98,3,3,0,3,3,0,0
2025-04-01,7,100,3,3,0,3,3,0,0
2025-05-01,2,2,40,40,0,31,29,9,11
2025-05-01,2,6,31,31,0,27,25,4,6
2025-05-01,2,7,133,133,0,111,116,22,17
2025-05-01,2,8,17,17,0,7,10,10,7
2025-05-01,2,10,108,106,2,88,87,18,19
2025-05-01,2,14,18,18,0,14,16,4,2
2025-05-01,2,15,62,62,0,42,47,20,15
2025-05-01,2,16,40,40,0,34,35,6,5
2025-05-01,2,17,90,90,0,82,82,8,8
2025-05-01,2,18,31,31,0,26,28,5,3
2025-05-01,2,19,27,27,0,22,23,5,4
2025-05-01,2,23,22,22,0,20,19,2,3
2025-05-01,2,24,22,22,0,17,17,5,5
2025-05-01,2,25,31,31,0,16,13,15,18
2025-05-01,2,26,160,152,8,96,104,56,48
2025-05-01,2,28,53,52,1,46,48,6,4
2025-05-01,2,29,26,24,2,13,18,11,6
2025-05-01,2,30,31,31,0,22,22,9,9
2025-05-01,2,32,197,193,4,141,141,52,52
2025-05-01,2,33,71,71,0,60,56,11,15
2025-05-01,2,36,90,90,0,76,81,14,9
2025-05-01,2,37,62,62,0,52,55,10,7
2025-05-01,2,38,94,93,1,78,81,15,12
2025-05-01,2,41,31,31,0,25,25,6,6
2025-05-01,2,42,14,14,0,12,13,2,1
2025-05-01,2,43,31,29,2,21,21,8,8
2025-05-01,2,47,26,26,0,21,21,5,5
2025-05-01,2,48,22,22,0,16,20,6,2
2025-05-01,2,55,31,31,0,18,22,13,9
2025-05-01,2,56,14,14,0,11,13,3,1
2025-05-01,2,57,161,161,0,136,142,25,19
2025-05-01,2,58,249,249,0,228,233,21,16
2025-05-01,2,60,14,14,0,11,12,3,2
2025-05-01,2,61,22,22,0,20,20,2,2
2025-05-01,2,62,155,155,0,110,115,45,40
2025-05-01,2,63,62,62,0,53,53,9,9
2025-05-01,2,66,22,22,0,15,14,7,8
2025-05-01,2,67,93,92,1,70,71,22,21
2025-05-01,2,68,31,31,0,22,26,9,5
2025-05-01,2,69,31,29,2,12,15,17,14
2025-05-01,2,70,133,133,0,111,111,22,22
2025-05-01,2,71,18,18,0,16,14,2,4
2025-05-01,2,72,160,152,8,107,93,45,59
2025-05-01,2,73,62,62,0,51,48,11,14
2025-05-01,2,74,31,29,2,22,22,7,7
2025-05-01,2,75,22,22,0,19,17,3,5
2025-05-01,2,77,162,162,0,134,139,28,23
2025-05-01,2,78,155,155,0,134,129,21,26
2025-05-01,2,79,93,93,0,69,71,24,22
2025-05-01,2,81,61,58,3,40,36,18,22
2025-05-01,2,82,76,74,2,63,65,11,9
2025-05-01,2,83,78,78,0,62,58,16,20
2025-05-01,2,84,464,448,16,382,384,66,64
2025-05-01,2,87,54,52,2,42,40,10,12
2025-05-01,2,88,62,59,3,37,38,22,21
2025-05-01,2,90,17,17,0,13,8,4,9
2025-05-01,2,91,26,24,2,15,8,9,16
2025-05-01,2,96,76,74,2,59,59,15,15
2025-05-01,2,99,54,52,2,41,32,11,20
2025-05-01,2,103,31,31,0,22,22,9,9
2025-05-01,2,105,80,78,2,56,60,22,18
2025-05-01,2,106,84,83,1,69,65,14,18
2025-05-01,2,107,108,106,2,76,84,30,22
2025-05-01,2,110,61,61,0,54,50,7,11
2025-05-01,2,111,195,191,4,131,132,60,59
2025-05-01,2,112,93,93,0,81,72,12,21
2025-05-01,2,117,250,250,0,226,224,24,26
2025-05-01,2,118,14,14,0,13,13,1,1
2025-05-01,2,119,62,62,0,55,55,7,7
2025-05-01,2,120,31,31,0,26,27,5,4
2025-05-01,2,121,463,448,15,379,397,69,51
2025-05-01,2,122,53,53,0,36,47,17,6
2025-05-01,2,124,84,84,0,76,76,8,8
2025-05-01,2,126,71,71,0,49,48,22,23
2025-05-01,3,7,230,230,0,205,205,25,25
2025-05-01,3,8,92,92,0,71,80,21,12
2025-05-01,3,10,245,239,6,202,170,37,69
2025-05-01,3,17,25,25,0,25,24,0,1
2025-05-01,3,19,42,42,0,38,32,4,10
2025-05-01,3,25,83,83,0,80,78,3,5
2025-05-01,3,26,274,272,2,242,245,30,27
2025-05-01,3,27,36,36,0,34,31,2,5
2025-05-01,3,29,164,163,1,142,142,21,21
2025-05-01,3,32,552,546,6,489,474,57,72
2025-05-01,3,33,40,40,0,36,35,4,5
2025-05-01,3,36,25,25,0,23,25,2,0
2025-05-01,3,37,35,35,0,29,29,6,6
2025-05-01,3,38,36,36,0,20,26,16,10
2025-05-01,3,43,47,47,0,44,44,3,3
2025-05-01,3,44,48,47,1,43,42,4,5
2025-05-01,3,47,43,42,1,33,38,9,4
2025-05-01,3,48,39,39,0,38,39,1,0
2025-05-01,3,49,17,17,0,14,10,3,7
2025-05-01,3,57,49,48,1,29,35,19,13
2025-05-01,3,58,129,129,0,106,108,23,21
2025-05-01,3,60,31,31,0,21,24,10,7
2025-05-01,3,64,22,21,1,17,17,4,4
2025-05-01,3,65,2,2,0,1,0,1,2
2025-05-01,3,69,84,83,1,76,80,7,3
2025-05-01,3,70,230,230,0,206,205,24,25
2025-05-01,3,72,274,271,3,239,243,32,28
2025-05-01,3,73,35,35,0,32,31,3,4
2025-05-01,3,74,47,47,0,46,45,1,2
2025-05-01,3,75,39,39,0,36,32,3,7
2025-05-01,3,77,49,49,0,41,40,8,9
2025-05-01,3,82,215,214,1,162,177,52,37
2025-05-01,3,83,30,30,0,28,28,2,2
2025-05-01,3,84,947,894,53,808,722,86,172
2025-05-01,3,86,36,36,0,25,25,11,11
2025-05-01,3,89,8,8,0,8,8,0,0
2025-05-01,3,90,93,93,0,81,69,12,24
2025-05-01,3,91,164,162,2,132,99,30,63
2025-05-01,3,93,17,17,0,16,15,1,2
2025-05-01,3,94,22,21,1,19,18,2,3
2025-05-01,3,95,2,2,0,1,2,1,0
2025-05-01,3,96,217,215,2,185,154,30,61
2025-05-01,3,97,8,8,0,8,8,0,0
2025-05-01,3,99,202,202,0,170,119,32,83
2025-05-01,3,105,31,31,0,16,22,15,9
2025-05-01,3,106,58,58,0,40,48,18,10
2025-05-01,3,107,245,242,3,213,210,29,32
2025-05-01,3,111,550,545,5,474,447,71,98
2025-05-01,3,112,36,36,0,20,22,16,14
2025-05-01,3,113,48,47,1,44,45,3,2
2025-05-01,3,117,128,128,0,101,108,27,20
2025-05-01,3,118,31,31,0,27,26,4,5
2025-05-01,3,121,950,898,52,773,785,125,113
2025-05-01,3,122,203,202,1,153,173,49,29
2025-05-01,3,124,56,56,0,41,36,15,20
2025-05-01,3,126,40,40,0,33,35,7,5
2025-05-01,4,1,41,41,0,38,34,3,7
2025-05-01,4,2,151,150,1,121,116,29,34
2025-05-01,4,4,93,91,2,85,84,6,7
2025-05-01,4,7,27,27,0,24,21,3,6
2025-05-01,4,9,93,91,2,82,82,9,9
2025-05-01,4,11,85,81,4,66,62,15,19
2025-05-01,4,12,40,40,0,36,39,4,1
2025-05-01,4,15,38,37,1,23,24,14,13
2025-05-01,4,16,151,149,2,116,122,33,27
2025-05-01,4,17,191,189,2,152,139,37,50
2025-05-01,4,18,175,170,5,147,153,23,17
2025-05-01,4,20,126,122,4,111,111,11,11
2025-05-01,4,21,130,125,5,106,99,19,26
2025-05-01,4,22,31,31,0,25,23,6,8
2025-05-01,4,23,14,13,1,10,10,3,3
2025-05-01,4,25,75,72,3,61,58,11,14
2025-05-01,4,26,162,140,22,109,117,31,23
2025-05-01,4,27,26,26,0,24,20,2,6
2025-05-01,4,28,88,85,3,70,73,15,12
2025-05-01,4,30,18,18,0,16,14,2,4
2025-05-01,4,31,181,179,2,143,144,36,35
2025-05-01,4,33,128,125,3,101,92,24,33
2025-05-01,4,34,88,88,0,45,56,43,32
2025-05-01,4,36,191,187,4,145,147,42,40
2025-05-01,4,40,92,88,4,82,76,6,12
2025-05-01,4,41,175,168,7,147,148,21,20
2025-05-01,4,43,170,160,10,131,136,29,24
2025-05-01,4,44,373,342,31,229,218,113,124
2025-05-01,4,45,106,104,2,68,73,36,31
2025-05-01,4,49,23,22,1,18,19,4,3
2025-05-01,4,51,102,102,0,97,98,5,4
2025-05-01,4,52,99,96,3,75,80,21,16
2025-05-01,4,53,127,121,6,111,113,10,8
2025-05-01,4,54,131,124,7,101,106,23,18
2025-05-01,4,59,31,31,0,24,24,7,7
2025-05-01,4,61,14,13,1,10,8,3,5
2025-05-01,4,62,119,115,4,94,96,21,19
2025-05-01,4,63,88,87,1,60,57,27,30
2025-05-01,4,64,63,63,0,50,49,13,14
2025-05-01,4,65,160,157,3,112,101,45,56
2025-05-01,4,67,80,75,5,67,66,8,9
2025-05-01,4,68,31,31,0,25,26,6,5
2025-05-01,4,69,79,75,4,63,64,12,11
2025-05-01,4,70,26,26,0,25,23,1,3
2025-05-01,4,72,163,140,23,114,115,26,25
2025-05-01,4,74,172,161,11,134,133,27,28
2025-05-01,4,76,101,101,0,89,93,12,8
2025-05-01,4,78,119,117,2,89,97,28,20
2025-05-01,4,79,80,76,4,61,57,15,19
2025-05-01,4,80,74,74,0,60,66,14,8
2025-05-01,4,81,53,49,4,41,38,8,11
2025-05-01,4,85,75,75,0,66,66,9,9
2025-05-01,4,86,26,26,0,22,22,4,4
2025-05-01,4,87,88,84,4,71,71,13,13
2025-05-01,4,88,53,49,4,48,45,1,4
2025-05-01,4,89,114,112,2,94,87,18,25
2025-05-01,4,92,88,88,0,61,68,27,20
2025-05-01,4,93,23,23,0,21,19,2,4
2025-05-01,4,94,63,63,0,51,49,12,14
2025-05-01,4,95,162,160,2,121,127,39,33
2025-05-01,4,97,114,114,0,96,97,18,17
2025-05-01,4,98,148,148,0,131,133,17,15
2025-05-01,4,100,148,143,5,116,111,27,32
2025-05-01,4,101,93,91,2,86,86,5,5
2025-05-01,4,102,99,83,16,62,65,21,18
2025-05-01,4,103,18,18,0,15,15,3,3
2025-05-01,4,104,182,175,7,161,157,14,18
2025-05-01,4,108,84,82,2,58,64,24,18
2025-05-01,4,110,38,37,1,24,22,13,15
2025-05-01,4,113,371,347,24,244,246,103,101
2025-05-01,4,114,105,104,1,69,67,35,37
2025-05-01,4,116,98,95,3,70,76,25,19
2025-05-01,4,119,87,84,3,44,45,40,39
2025-05-01,4,120,31,31,0,29,28,2,3
2025-05-01,4,123,99,84,15,62,55,22,29
2025-05-01,4,125,100,98,2,79,78,19,20
2025-05-01,4,126,128,125,3,103,102,22,23
2025-05-01,4,128,100,99,1,81,81,18,18
2025-05-01,5,9,156,150,6,129,124,21,26
2025-05-01,5,11,82,82,0,74,65,8,17
2025-05-01,5,45,84,84,0,62,54,22,30
2025-05-01,5,51,47,46,1,40,39,6,7
2025-05-01,5,52,133,126,7,98,89,28,37
2025-05-01,5,76,47,46,1,41,40,5,6
2025-05-01,5,80,105,105,0,91,93,14,12
2025-05-01,5,85,106,106,0,92,90,14,16
2025-05-01,5,101,157,151,6,132,131,19,20
2025-05-01,5,102,80,69,11,48,42,21,27
2025-05-01,5,108,82,82,0,65,68,17,14
2025-05-01,5,114,84,84,0,56,60,28,24
2025-05-01,5,116,125,119,6,77,82,42,37
2025-05-01,5,123,79,70,9,41,37,29,33
2025-05-01,5,125,92,90,2,60,64,30,26
2025-05-01,5,128,94,90,4,74,66,16,24
2025-05-01,6,1,13,13,0,9,10,4,3
2025-05-01,6,2,124,123,1,111,107,12,16
2025-05-01,6,4,18,18,0,15,15,3,3
2025-05-01,6,6,31,31,0,27,24,4,7
2025-05-01,6,7,246,245,1,215,211,30,34
2025-05-01,6,8,68,68,0,51,61,17,7
2025-05-01,6,10,177,177,0,148,116,29,61
2025-05-01,6,12,13,13,0,9,9,4,4
2025-05-01,6,14,9,8,1,8,8,0,0
2025-05-01,6,15,31,31,0,24,25,7,6
2025-05-01,6,16,124,123,1,117,119,6,4
2025-05-01,6,17,154,154,0,131,125,23,29
2025-05-01,6,18,103,102,1,91,95,11,7
2025-05-01,6,19,49,49,0,45,38,4,11
2025-05-01,6,20,26,26,0,23,22,3,4
2025-05-01,6,21,35,35,0,33,33,2,2
2025-05-01,6,22,31,31,0,27,28,4,3
2025-05-01,6,23,43,43,0,38,41,5,2
2025-05-01,6,24,9,9,0,8,9,1,0
2025-05-01,6,25,141,141,0,129,118,12,23
2025-05-01,6,26,406,404,2,341,348,63,56
2025-05-01,6,27,13,13,0,9,9,4,4
2025-05-01,6,28,83,80,3,61,63,19,17
2025-05-01,6,29,115,115,0,98,111,17,4
2025-05-01,6,30,35,35,0,27,23,8,12
2025-05-01,6,31,162,162,0,134,120,28,42
2025-05-01,6,32,470,468,2,400,391,68,77
2025-05-01,6,33,141,141,0,117,115,24,26
2025-05-01,6,34,47,47,0,41,45,6,2
2025-05-01,6,36,154,153,1,123,136,30,17
2025-05-01,6,37,62,62,0,49,59,13,3
2025-05-01,6,38,69,69,0,55,58,14,11
2025-05-01,6,40,18,18,0,16,17,2,1
2025-05-01,6,41,103,102,1,98,95,4,7
2025-05-01,6,42,31,31,0,27,27,4,4
2025-05-01,6,43,123,122,1,105,111,17,11
2025-05-01,6,44,256,249,7,225,216,24,33
2025-05-01,6,47,49,49,0,29,42,20,7
2025-05-01,6,48,33,32,1,23,26,9,6
2025-05-01,6,49,6,6,0,5,6,1,0
2025-05-01,6,53,26,26,0,25,25,1,1
2025-05-01,6,54,35,35,0,30,30,5,5
2025-05-01,6,55,31,31,0,21,25,10,6
2025-05-01,6,56,31,31,0,27,26,4,5
2025-05-01,6,57,204,203,1,177,186,26,17
2025-05-01,6,58,294,289,5,243,249,46,40
2025-05-01,6,59,31,31,0,26,29,5,2
2025-05-01,6,60,19,19,0,14,14,5,5
2025-05-01,6,61,43,43,0,38,34,5,9
2025-05-01,6,62,117,117,0,104,110,13,7
2025-05-01,6,63,62,62,0,56,56,6,6
2025-05-01,6,64,94,92,2,58,57,34,35
2025-05-01,6,65,84,82,2,78,70,4,12
2025-05-01,6,66,9,9,0,6,5,3,4
2025-05-01,6,67,89,89,0,76,71,13,18
2025-05-01,6,68,26,26,0,19,16,7,10
2025-05-01,6,69,141,140,1,128,133,12,7
2025-05-01,6,70,244,244,0,216,216,28,28
2025-05-01,6,71,9,9,0,8,8,1,1
2025-05-01,6,72,413,410,3,361,325,49,85
2025-05-01,6,73,62,62,0,59,57,3,5
2025-05-01,6,74,123,123,0,116,114,7,9
2025-05-01,6,75,33,33,0,29,29,4,4
2025-05-01,6,77,204,204,0,180,176,24,28
2025-05-01,6,78,117,117,0,110,107,7,10
2025-05-01,6,79,89,89,0,79,77,10,12
2025-05-01,6,81,40,39,1,36,36,3,3
2025-05-01,6,82,200,200,0,174,192,26,8
2025-05-01,6,83,62,62,0,60,54,2,8
2025-05-01,6,84,763,747,16,689,618,58,129
2025-05-01,6,86,13,13,0,7,8,6,5
2025-05-01,6,87,84,81,3,66,65,15,16
2025-05-01,6,88,40,38,2,35,34,3,4
2025-05-01,6,89,48,48,0,41,35,7,13
2025-05-01,6,90,70,70,0,68,53,2,17
2025-05-01,6,91,116,116,0,103,79,13,37
2025-05-01,6,92,47,47,0,38,44,9,3
2025-05-01,6,93,6,6,0,4,4,2,2
2025-05-01,6,94,94,92,2,85,80,7,12
2025-05-01,6,95,84,84,0,83,81,1,3
2025-05-01,6,96,217,217,0,197,164,20,53
2025-05-01,6,97,48,48,0,45,46,3,2
2025-05-01,6,98,58,57,1,54,55,3,2
2025-05-01,6,99,155,155,0,132,121,23,34
2025-05-01,6,100,58,57,1,49,46,8,11
2025-05-01,6,103,35,35,0,21,27,14,8
2025-05-01,6,104,163,162,1,120,119,42,43
2025-05-01,6,105,62,62,0,53,56,9,6
2025-05-01,6,106,62,62,0,50,47,12,15
2025-05-01,6,107,177,177,0,157,148,20,29
2025-05-01,6,110,31,31,0,27,25,4,6
2025-05-01,6,111,466,463,3,413,385,50,78
2025-05-01,6,112,69,69,0,60,60,9,9
2025-05-01,6,113,256,249,7,220,229,29,20
2025-05-01,6,117,294,289,5,251,238,38,51
2025-05-01,6,118,19,19,0,18,18,1,1
2025-05-01,6,119,62,62,0,60,56,2,6
2025-05-01,6,120,26,26,0,21,22,5,4
2025-05-01,6,121,756,741,15,661,653,80,88
2025-05-01,6,122,167,167,0,131,147,36,20
2025-05-01,6,124,62,62,0,55,49,7,13
2025-05-01,6,126,141,141,0,106,116,35,25
2025-05-01,7,8,6,6,0,3,5,3,1
2025-05-01,7,34,6,6,0,0,3,6,3
2025-05-01,7,49,16,16,0,12,15,4,1
2025-05-01,7,64,16,16,0,3,6,13,10
2025-05-01,7,65,2,2,0,1,2,1,0
2025-05-01,7,89,8,8,0,7,7,1,1
2025-05-01,7,90,6,6,0,5,5,1,1
2025-05-01,7,92,6,6,0,4,3,2,3
2025-05-01,7,93,16,16,0,12,11,4,5
2025-05-01,7,94,16,16,0,8,7,8,9
2025-05-01,7,95,2,2,0,2,2,0,0
2025-05-01,7,97,8,8,0,8,8,0,0
2025-05-01,7,98,3,2,1,1,1,1,1
2025-05-01,7,100,3,2,1,0,1,2,1
2025-06-01,2,2,43,43,0,32,34,11,9
2025-06-01,2,6,30,30,0,22,23,8,7
2025-06-01,2,7,141,139,2,116,115,23,24
2025-06-01,2,8,18,18,0,11,11,7,7
2025-06-01,2,10,120,115,5,101,99,14,16
2025-06-01,2,14,22,22,0,15,20,7,2
2025-06-01,2,15,61,61,0,48,48,13,13
2025-06-01,2,16,42,42,0,31,33,11,9
2025-06-01,2,17,88,88,0,76,73,12,15
2025-06-01,2,18,30,30,0,26,26,4,4
2025-06-01,2,19,27,27,0,21,20,6,7
2025-06-01,2,23,24,24,0,22,21,2,3
2025-06-01,2,24,24,24,0,19,21,5,3
2025-06-01,2,25,30,30,0,12,11,18,19
2025-06-01,2,26,157,156,1,111,116,45,40
2025-06-01,2,28,54,54,0,41,44,13,10
2025-06-01,2,29,26,26,0,17,19,9,7
2025-06-01,2,30,30,30,0,22,18,8,12
2025-06-01,2,32,214,210,4,150,155,60,55
2025-06-01,2,33,69,69,0,55,50,14,19
2025-06-01,2,36,88,88,0,76,78,12,10
2025-06-01,2,37,76,76,0,56,60,20,16
2025-06-01,2,38,105,105,0,84,90,21,15
2025-06-01,2,41,30,30,0,24,24,6,6
2025-06-01,2,42,13,13,0,13,13,0,0
2025-06-01,2,43,30,30,0,24,24,6,6
2025-06-01,2,47,27,27,0,17,20,10,7
2025-06-01,2,48,22,21,1,16,18,5,3
2025-06-01,2,55,30,30,0,19,22,11,8
2025-06-01,2,56,13,13,0,12,13,1,0
2025-06-01,2,57,163,162,1,125,128,37,34
2025-06-01,2,58,254,252,2,229,229,23,23
2025-06-01,2,60,16,16,0,11,10,5,6
2025-06-01,2,61,24,24,0,23,23,1,1
2025-06-01,2,62,121,121,0,87,95,34,26
2025-06-01,2,63,61,61,0,53,51,8,10
2025-06-01,2,66,24,24,0,17,16,7,8
2025-06-01,2,67,91,90,1,53,63,37,27
2025-06-01,2,68,31,31,0,24,23,7,8
2025-06-01,2,69,30,30,0,11,12,19,18
2025-06-01,2,70,141,139,2,106,109,33,30
2025-06-01,2,71,22,22,0,21,17,1,5
2025-06-01,2,72,157,157,0,110,94,47,63
2025-06-01,2,73,75,75,0,50,50,25,25
2025-06-01,2,74,30,30,0,26,25,4,5
2025-06-01,2,75,22,22,0,17,16,5,6
2025-06-01,2,77,164,163,1,117,125,46,38
2025-06-01,2,78,121,121,0,105,102,16,19
2025-06-01,2,79,91,90,1,59,60,31,30
2025-06-01,2,81,60,60,0,39,38,21,22
2025-06-01,2,82,74,73,1,58,63,15,10
2025-06-01,2,83,79,79,0,65,61,14,18
2025-06-01,2,84,445,432,13,338,351,94,81
2025-06-01,2,87,54,54,0,39,42,15,12
2025-06-01,2,88,60,60,0,38,42,22,18
2025-06-01,2,90,17,17,0,9,12,8,5
2025-06-01,2,91,27,25,2,17,17,8,8
2025-06-01,2,96,75,74,1,58,60,16,14
2025-06-01,2,99,52,51,1,33,32,18,19
2025-06-01,2,103,30,30,0,20,22,10,8
2025-06-01,2,105,79,79,0,55,61,24,18
2025-06-01,2,106,83,81,2,65,60,16,21
2025-06-01,2,107,119,114,5,95,99,19,15
2025-06-01,2,110,61,61,0,55,53,6,8
2025-06-01,2,111,213,209,4,159,157,50,52
2025-06-01,2,112,105,105,0,88,83,17,22
2025-06-01,2,117,254,252,2,228,226,24,26
2025-06-01,2,118,16,16,0,15,11,1,5
2025-06-01,2,119,62,62,0,56,57,6,5
2025-06-01,2,120,30,30,0,26,27,4,3
2025-06-01,2,121,446,433,13,360,370,73,63
2025-06-01,2,122,51,51,0,33,40,18,11
2025-06-01,2,124,83,82,1,73,74,9,8
2025-06-01,2,126,70,69,1,44,45,25,24
2025-06-01,3,7,227,225,2,204,208,21,17
2025-06-01,3,8,91,91,0,82,80,9,11
2025-06-01,3,10,231,227,4,193,181,34,46
2025-06-01,3,17,26,26,0,20,19,6,7
2025-06-01,3,19,49,49,0,44,41,5,8
2025-06-01,3,25,80,78,2,63,64,15,14
2025-06-01,3,26,251,247,4,217,224,30,23
2025-06-01,3,27,34,34,0,32,31,2,3
2025-06-01,3,29,156,154,2,140,122,14,32
2025-06-01,3,32,527,509,18,433,425,76,84
2025-06-01,3,33,37,37,0,30,28,7,9
2025-06-01,3,36,26,26,0,19,22,7,4
2025-06-01,3,37,34,34,0,22,27,12,7
2025-06-01,3,38,34,34,0,20,25,14,9
2025-06-01,3,43,46,44,2,40,41,4,3
2025-06-01,3,44,45,41,4,38,35,3,6
2025-06-01,3,47,48,48,0,44,47,4,1
2025-06-01,3,48,45,45,0,37,42,8,3
2025-06-01,3,49,17,16,1,14,11,2,5
2025-06-01,3,57,47,47,0,36,37,11,10
2025-06-01,3,58,124,124,0,106,104,18,20
2025-06-01,3,60,30,30,0,21,23,9,7
2025-06-01,3,64,21,21,0,15,15,6,6
2025-06-01,3,69,80,78,2,69,69,9,9
2025-06-01,3,70,227,226,1,208,203,18,23
2025-06-01,3,72,250,244,6,214,217,30,27
2025-06-01,3,73,34,34,0,30,27,4,7
2025-06-01,3,74,46,44,2,43,42,1,2
2025-06-01,3,75,45,45,0,40,33,5,12
2025-06-01,3,77,47,47,0,40,40,7,7
2025-06-01,3,82,211,209,2,171,158,38,51
2025-06-01,3,83,30,30,0,27,26,3,4
2025-06-01,3,84,909,846,63,747,706,99,140
2025-06-01,3,86,34,34,0,27,28,7,6
2025-06-01,3,89,8,8,0,7,8,1,0
2025-06-01,3,90,91,91,0,72,79,19,12
2025-06-01,3,91,159,157,2,127,129,30,28
2025-06-01,3,93,17,17,0,16,15,1,2
2025-06-01,3,94,21,21,0,19,18,2,3
2025-06-01,3,96,209,206,3,169,166,37,40
2025-06-01,3,97,8,8,0,8,8,0,0
2025-06-01,3,99,196,195,1,154,152,41,43
2025-06-01,3,105,30,30,0,18,20,12,10
2025-06-01,3,106,55,55,0,49,49,6,6
2025-06-01,3,107,231,228,3,192,194,36,34
2025-06-01,3,111,529,510,19,440,404,70,106
2025-06-01,3,112,34,34,0,24,19,10,15
2025-06-01,3,113,45,40,5,37,39,3,1
2025-06-01,3,117,124,124,0,103,108,21,16
2025-06-01,3,118,29,29,0,23,23,6,6
2025-06-01,3,121,911,848,63,726,716,122,132
2025-06-01,3,122,196,195,1,158,138,37,57
2025-06-01,3,124,56,56,0,46,46,10,10
2025-06-01,3,126,36,36,0,23,30,13,6
2025-06-01,4,1,43,43,0,35,32,8,11
2025-06-01,4,2,145,144,1,107,109,37,35
2025-06-01,4,4,87,87,0,77,75,10,12
2025-06-01,4,7,28,25,3,24,23,1,2
2025-06-01,4,9,91,86,5,70,68,16,18
2025-06-01,4,11,81,76,5,55,55,21,21
2025-06-01,4,12,43,43,0,34,36,9,7
2025-06-01,4,15,36,32,4,23,22,9,10
2025-06-01,4,16,145,144,1,116,109,28,35
2025-06-01,4,17,185,185,0,158,139,27,46
2025-06-01,4,18,171,165,6,135,137,30,28
2025-06-01,4,20,122,121,1,107,110,14,11
2025-06-01,4,21,126,121,5,94,87,27,34
2025-06-01,4,22,29,29,0,21,19,8,10
2025-06-01,4,23,13,13,0,11,13,2,0
2025-06-01,4,25,73,70,3,56,49,14,21
2025-06-01,4,26,165,148,17,111,114,37,34
2025-06-01,4,27,25,25,0,19,18,6,7
2025-06-01,4,28,86,86,0,75,77,11,9
2025-06-01,4,30,17,17,0,14,12,3,5
2025-06-01,4,31,172,169,3,135,134,34,35
2025-06-01,4,33,128,126,2,83,76,43,50
2025-06-01,4,34,86,85,1,55,49,30,36
2025-06-01,4,36,185,185,0,152,149,33,36
2025-06-01,4,40,88,88,0,75,71,13,17
2025-06-01,4,41,171,165,6,125,129,40,36
2025-06-01,4,43,165,154,11,117,118,37,36
2025-06-01,4,44,363,307,56,200,191,107,116
2025-06-01,4,45,102,101,1,77,80,24,21
2025-06-01,4,49,33,33,0,29,26,4,7
2025-06-01,4,51,97,92,5,76,79,16,13
2025-06-01,4,52,97,91,6,72,73,19,18
2025-06-01,4,53,123,120,3,109,115,11,5
2025-06-01,4,54,125,119,6,94,98,25,21
2025-06-01,4,59,30,29,1,19,22,10,7
2025-06-01,4,61,13,13,0,11,12,2,1
2025-06-01,4,62,115,114,1,91,95,23,19
2025-06-01,4,63,85,81,4,61,62,20,19
2025-06-01,4,64,59,55,4,39,38,16,17
2025-06-01,4,65,157,157,0,95,87,62,70
2025-06-01,4,67,77,74,3,63,64,11,10
2025-06-01,4,68,30,30,0,21,26,9,4
2025-06-01,4,69,76,73,3,63,60,10,13
2025-06-01,4,70,26,26,0,22,16,4,10
2025-06-01,4,72,165,148,17,108,112,40,36
2025-06-01,4,74,163,152,11,119,117,33,35
2025-06-01,4,76,97,93,4,67,71,26,22
2025-06-01,4,78,115,114,1,90,95,24,19
2025-06-01,4,79,78,76,2,62,52,14,24
2025-06-01,4,80,72,69,3,54,51,15,18
2025-06-01,4,81,51,51,0,35,34,16,17
2025-06-01,4,85,71,67,4,46,50,21,17
2025-06-01,4,86,25,25,0,17,17,8,8
2025-06-01,4,87,86,86,0,76,75,10,11
2025-06-01,4,88,51,51,0,45,45,6,6
2025-06-01,4,89,114,111,3,86,82,25,29
2025-06-01,4,92,86,86,0,62,68,24,18
2025-06-01,4,93,34,34,0,29,28,5,6
2025-06-01,4,94,59,55,4,42,41,13,14
2025-06-01,4,95,157,157,0,108,116,49,41
2025-06-01,4,97,114,113,1,89,88,24,25
2025-06-01,4,98,144,143,1,117,113,26,30
2025-06-01,4,100,144,140,4,99,97,41,43
2025-06-01,4,101,91,86,5,72,75,14,11
2025-06-01,4,102,94,91,3,65,61,26,30
2025-06-01,4,103,17,17,0,11,14,6,3
2025-06-01,4,104,171,164,7,139,141,25,23
2025-06-01,4,108,82,78,4,57,59,21,19
2025-06-01,4,110,36,32,4,26,24,6,8
2025-06-01,4,113,365,312,53,226,216,86,96
2025-06-01,4,114,103,102,1,75,76,27,26
2025-06-01,4,116,98,92,6,70,73,22,19
2025-06-01,4,119,86,82,4,62,57,20,25
2025-06-01,4,120,30,29,1,27,26,2,3
2025-06-01,4,123,93,91,2,66,62,25,29
2025-06-01,4,125,99,94,5,75,74,19,20
2025-06-01,4,126,128,126,2,82,88,44,38
2025-06-01,4,128,98,92,6,66,71,26,21
2025-06-01,5,9,152,143,9,99,95,44,48
2025-06-01,5,11,76,74,2,54,53,20,21
2025-06-01,5,45,79,79,0,67,61,12,18
2025-06-01,5,51,48,43,5,34,33,9,10
2025-06-01,5,52,124,123,1,91,84,32,39
2025-06-01,5,76,50,44,6,35,34,9,10
2025-06-01,5,80,97,97,0,78,74,19,23
2025-06-01,5,85,96,95,1,77,76,18,19
2025-06-01,5,101,150,141,9,101,94,40,47
2025-06-01,5,102,74,73,1,62,55,11,18
2025-06-01,5,108,76,74,2,48,49,26,25
2025-06-01,5,114,80,80,0,61,64,19,16
2025-06-01,5,116,121,120,1,80,90,40,30
2025-06-01,5,123,75,74,1,55,54,19,20
2025-06-01,5,125,82,81,1,66,65,15,16
2025-06-01,5,128,82,81,1,64,61,17,20
2025-06-01,6,1,13,13,0,6,7,7,6
2025-06-01,6,2,117,117,0,88,96,29,21
2025-06-01,6,4,18,18,0,13,14,5,4
2025-06-01,6,6,30,30,0,17,20,13,10
2025-06-01,6,7,240,240,0,193,189,47,51
2025-06-01,6,8,66,66,0,44,48,22,18
2025-06-01,6,10,167,165,2,122,108,43,57
2025-06-01,6,12,13,13,0,5,4,8,9
2025-06-01,6,14,9,9,0,9,9,0,0
2025-06-01,6,15,30,30,0,23,21,7,9
2025-06-01,6,16,117,117,0,97,95,20,22
2025-06-01,6,17,158,158,0,121,110,37,48
2025-06-01,6,18,105,104,1,86,90,18,14
2025-06-01,6,19,47,47,0,34,30,13,17
2025-06-01,6,20,26,26,0,22,21,4,5
2025-06-01,6,21,35,35,0,29,27,6,8
2025-06-01,6,22,34,34,0,30,27,4,7
2025-06-01,6,23,44,44,0,28,38,16,6
2025-06-01,6,24,9,9,0,9,9,0,0
2025-06-01,6,25,137,137,0,111,101,26,36
2025-06-01,6,26,400,398,2,308,305,90,93
2025-06-01,6,27,13,13,0,11,7,2,6
2025-06-01,6,28,82,82,0,61,60,21,22
2025-06-01,6,29,116,115,1,80,85,35,30
2025-06-01,6,30,34,34,0,22,20,12,14
2025-06-01,6,31,159,158,1,116,102,42,56
2025-06-01,6,32,453,446,7,352,337,94,109
2025-06-01,6,33,136,136,0,102,96,34,40
2025-06-01,6,34,41,41,0,31,27,10,14
2025-06-01,6,36,158,158,0,109,136,49,22
2025-06-01,6,37,80,79,1,45,62,34,17
2025-06-01,6,38,75,74,1,59,59,15,15
2025-06-01,6,40,18,18,0,14,14,4,4
2025-06-01,6,41,105,104,1,89,87,15,17
2025-06-01,6,42,30,30,0,22,24,8,6
2025-06-01,6,43,117,117,0,98,100,19,17
2025-06-01,6,44,247,229,18,195,199,34,30
2025-06-01,6,47,47,47,0,20,35,27,12
2025-06-01,6,48,32,31,1,20,24,11,7
2025-06-01,6,49,8,8,0,8,8,0,0
2025-06-01,6,53,26,26,0,23,22,3,4
2025-06-01,6,54,35,35,0,27,27,8,8
2025-06-01,6,55,30,30,0,13,15,17,15
2025-06-01,6,56,30,30,0,22,24,8,6
2025-06-01,6,57,214,213,1,145,166,68,47
2025-06-01,6,58,293,288,5,230,230,58,58
2025-06-01,6,59,34,34,0,26,28,8,6
2025-06-01,6,60,16,16,0,10,12,6,4
2025-06-01,6,61,44,44,0,33,29,11,15
2025-06-01,6,62,123,122,1,101,111,21,11
2025-06-01,6,63,64,64,0,57,57,7,7
2025-06-01,6,64,85,82,3,53,47,29,35
2025-06-01,6,65,82,79,3,65,62,14,17
2025-06-01,6,66,9,9,0,9,7,0,2
2025-06-01,6,67,90,90,0,63,65,27,25
2025-06-01,6,68,24,24,0,19,17,5,7
2025-06-01,6,69,136,135,1,105,120,30,15
2025-06-01,6,70,241,241,0,197,187,44,54
2025-06-01,6,71,9,9,0,8,9,1,0
2025-06-01,6,72,403,400,3,325,290,75,110
2025-06-01,6,73,80,80,0,72,65,8,15
2025-06-01,6,74,117,117,0,101,96,16,21
2025-06-01,6,75,32,32,0,29,29,3,3
2025-06-01,6,77,214,213,1,164,160,49,53
2025-06-01,6,78,122,122,0,100,96,22,26
2025-06-01,6,79,90,90,0,67,67,23,23
2025-06-01,6,81,39,39,0,33,33,6,6
2025-06-01,6,82,197,197,0,147,160,50,37
2025-06-01,6,83,63,63,0,56,55,7,8
2025-06-01,6,84,730,688,42,585,532,103,156
2025-06-01,6,86,13,13,0,6,8,7,5
2025-06-01,6,87,81,81,0,66,64,15,17
2025-06-01,6,88,39,39,0,30,31,9,8
2025-06-01,6,89,46,46,0,32,27,14,19
2025-06-01,6,90,65,65,0,58,54,7,11
2025-06-01,6,91,116,115,1,84,92,31,23
2025-06-01,6,92,41,41,0,28,35,13,6
2025-06-01,6,93,8,8,0,6,7,2,1
2025-06-01,6,94,85,82,3,71,63,11,19
2025-06-01,6,95,82,79,3,68,62,11,17
2025-06-01,6,96,203,203,0,165,175,38,28
2025-06-01,6,97,46,46,0,40,38,6,8
2025-06-01,6,98,58,57,1,52,48,5,9
2025-06-01,6,99,159,157,2,125,142,32,15
2025-06-01,6,100,58,56,2,42,41,14,15
2025-06-01,6,103,34,34,0,17,22,17,12
2025-06-01,6,104,158,156,2,96,96,60,60
2025-06-01,6,105,63,63,0,54,55,9,8
2025-06-01,6,106,65,65,0,50,42,15,23
2025-06-01,6,107,167,165,2,135,123,30,42
2025-06-01,6,110,30,30,0,24,24,6,6
2025-06-01,6,111,447,439,8,374,345,65,94
2025-06-01,6,112,75,75,0,65,68,10,7
2025-06-01,6,113,247,228,19,194,199,34,29
2025-06-01,6,117,293,289,4,232,218,57,71
2025-06-01,6,118,16,16,0,15,14,1,2
2025-06-01,6,119,64,64,0,60,61,4,3
2025-06-01,6,120,24,24,0,21,24,3,0
2025-06-01,6,121,721,678,43,537,529,141,149
2025-06-01,6,122,172,170,2,143,140,27,30
2025-06-01,6,124,65,65,0,57,48,8,17
2025-06-01,6,126,139,138,1,91,106,47,32
2025-06-01,7,8,7,7,0,3,5,4,2
2025-06-01,7,34,11,11,0,1,3,10,8
2025-06-01,7,49,16,16,0,12,13,4,3
2025-06-01,7,64,20,20,0,11,13,9,7
2025-06-01,7,65,3,3,0,2,2,1,1
2025-06-01,7,89,9,9,0,9,6,0,3
2025-06-01,7,90,7,7,0,6,6,1,1
2025-06-01,7,92,11,11,0,5,8,6,3
2025-06-01,7,93,16,16,0,13,15,3,1
2025-06-01,7,94,20,20,0,15,15,5,5
2025-06-01,7,95,3,3,0,2,2,1,1
2025-06-01,7,97,9,9,0,7,7,2,2
2025-06-01,7,98,1,1,0,1,1,0,0
2025-06-01,7,100,1,1,0,1,1,0,0
2025-07-01,2,2,43,43,0,27,33,16,10
2025-07-01,2,6,31,30,1,23,23,7,7
2025-07-01,2,7,164,156,8,116,117,40,39
2025-07-01,2,8,17,16,1,10,9,6,7
2025-07-01,2,10,144,139,5,101,113,38,26
2025-07-01,2,14,22,22,0,16,17,6,5
2025-07-01,2,15,82,80,2,59,56,21,24
2025-07-01,2,16,44,44,0,36,34,8,10
2025-07-01,2,17,93,93,0,85,83,8,10
2025-07-01,2,18,31,31,0,24,25,7,6
2025-07-01,2,19,31,31,0,24,27,7,4
2025-07-01,2,23,27,27,0,25,22,2,5
2025-07-01,2,24,27,27,0,22,22,5,5
2025-07-01,2,25,33,29,4,15,15,14,14
2025-07-01,2,26,208,207,1,121,109,86,98
2025-07-01,2,28,62,62,0,56,54,6,8
2025-07-01,2,29,31,29,2,13,15,16,14
2025-07-01,2,30,31,31,0,25,24,6,7
2025-07-01,2,32,256,241,15,158,157,83,84
2025-07-01,2,33,71,70,1,57,55,13,15
2025-07-01,2,36,92,92,0,85,87,7,5
2025-07-01,2,37,105,104,1,81,83,23,21
2025-07-01,2,38,125,122,3,90,100,32,22
2025-07-01,2,41,30,30,0,22,21,8,9
2025-07-01,2,42,17,17,0,12,12,5,5
2025-07-01,2,43,31,31,0,26,27,5,4
2025-07-01,2,47,31,31,0,24,27,7,4
2025-07-01,2,48,28,28,0,13,19,15,9
2025-07-01,2,55,31,31,0,21,19,10,12
2025-07-01,2,56,17,17,0,16,16,1,1
2025-07-01,2,57,240,234,6,172,162,62,72
2025-07-01,2,58,294,285,9,239,234,46,51
2025-07-01,2,60,17,17,0,11,9,6,8
2025-07-01,2,61,27,27,0,20,23,7,4
2025-07-01,2,62,167,167,0,115,116,52,51
2025-07-01,2,63,82,79,3,63,61,16,18
2025-07-01,2,66,27,27,0,19,12,8,15
2025-07-01,2,67,95,93,2,54,53,39,40
2025-07-01,2,68,51,50,1,27,26,23,24
2025-07-01,2,69,33,29,4,17,16,12,13
2025-07-01,2,70,164,158,6,118,116,40,42
2025-07-01,2,71,22,22,0,18,17,4,5
2025-07-01,2,72,211,209,2,107,114,102,95
2025-07-01,2,73,106,106,0,69,75,37,31
2025-07-01,2,74,32,32,0,29,29,3,3
2025-07-01,2,75,27,27,0,16,16,11,11
2025-07-01,2,77,239,237,2,151,169,86,68
2025-07-01,2,78,167,167,0,125,126,42,41
2025-07-01,2,79,95,93,2,56,51,37,42
2025-07-01,2,81,62,62,0,50,50,12,12
2025-07-01,2,82,89,86,3,45,42,41,44
2025-07-01,2,83,96,96,0,62,71,34,25
2025-07-01,2,84,537,497,40,363,383,134,114
2025-07-01,2,87,61,61,0,52,53,9,8
2025-07-01,2,88,62,61,1,48,47,13,14
2025-07-01,2,90,17,16,1,10,14,6,2
2025-07-01,2,91,31,29,2,8,14,21,15
2025-07-01,2,96,89,86,3,43,62,43,24
2025-07-01,2,99,62,57,5,27,41,30,16
2025-07-01,2,103,31,31,0,25,25,6,6
2025-07-01,2,105,97,96,1,54,48,42,48
2025-07-01,2,106,105,99,6,72,64,27,35
2025-07-01,2,107,144,139,5,106,102,33,37
2025-07-01,2,110,82,80,2,65,64,15,16
2025-07-01,2,111,257,244,13,154,173,90,71
2025-07-01,2,112,124,122,2,87,87,35,35
2025-07-01,2,117,293,285,8,237,240,48,45
2025-07-01,2,118,17,17,0,12,14,5,3
2025-07-01,2,119,83,80,3,69,70,11,10
2025-07-01,2,120,50,48,2,29,29,19,19
2025-07-01,2,121,539,497,42,375,372,122,125
2025-07-01,2,122,59,58,1,32,36,26,22
2025-07-01,2,124,102,99,3,80,82,19,17
2025-07-01,2,126,71,70,1,46,42,24,28
2025-07-01,3,7,240,235,5,187,192,48,43
2025-07-01,3,8,93,93,0,88,73,5,20
2025-07-01,3,10,245,237,8,182,180,55,57
2025-07-01,3,17,27,27,0,22,23,5,4
2025-07-01,3,19,58,58,0,46,45,12,13
2025-07-01,3,25,84,80,4,61,61,19,19
2025-07-01,3,26,214,212,2,169,148,43,64
2025-07-01,3,27,40,40,0,37,30,3,10
2025-07-01,3,29,164,162,2,139,87,23,75
2025-07-01,3,32,544,523,21,416,388,107,135
2025-07-01,3,33,39,39,0,32,33,7,6
2025-07-01,3,36,27,27,0,22,24,5,3
2025-07-01,3,37,38,38,0,30,30,8,8
2025-07-01,3,38,51,51,0,36,36,15,15
2025-07-01,3,43,16,15,1,13,13,2,2
2025-07-01,3,44,50,43,7,37,36,6,7
2025-07-01,3,47,57,57,0,37,45,20,12
2025-07-01,3,48,49,49,0,39,45,10,4
2025-07-01,3,49,19,18,1,13,7,5,11
2025-07-01,3,57,48,48,0,27,25,21,23
2025-07-01,3,58,129,127,2,100,92,27,35
2025-07-01,3,60,31,31,0,20,18,11,13
2025-07-01,3,64,23,21,2,14,17,7,4
2025-07-01,3,69,85,80,5,65,63,15,17
2025-07-01,3,70,240,236,4,191,180,45,56
2025-07-01,3,72,214,205,9,164,177,41,28
2025-07-01,3,73,38,38,0,35,35,3,3
2025-07-01,3,74,16,15,1,13,12,2,3
2025-07-01,3,75,48,48,0,43,35,5,13
2025-07-01,3,77,48,48,0,36,38,12,10
2025-07-01,3,82,217,216,1,164,120,52,96
2025-07-01,3,83,31,31,0,20,23,11,8
2025-07-01,3,84,960,889,71,748,685,141,204
2025-07-01,3,86,40,39,1,21,26,18,13
2025-07-01,3,89,10,10,0,8,8,2,2
2025-07-01,3,90,93,93,0,70,83,23,10
2025-07-01,3,91,164,162,2,119,137,43,25
2025-07-01,3,93,19,19,0,16,12,3,7
2025-07-01,3,94,23,21,2,19,15,2,6
2025-07-01,3,96,218,214,4,150,165,64,49
2025-07-01,3,97,10,10,0,9,9,1,1
2025-07-01,3,99,205,201,4,134,154,67,47
2025-07-01,3,105,31,31,0,8,5,23,26
2025-07-01,3,106,58,58,0,47,48,11,10
2025-07-01,3,107,245,236,9,191,181,45,55
2025-07-01,3,111,544,532,12,422,394,110,138
2025-07-01,3,112,51,51,0,36,33,15,18
2025-07-01,3,113,50,44,6,36,38,8,6
2025-07-01,3,117,129,128,1,94,104,34,24
2025-07-01,3,118,31,31,0,25,25,6,6
2025-07-01,3,121,959,879,80,705,664,174,215
2025-07-01,3,122,205,201,4,136,108,65,93
2025-07-01,3,124,58,58,0,43,43,15,15
2025-07-01,3,126,38,38,0,28,29,10,9
2025-07-01,4,1,45,45,0,38,31,7,14
2025-07-01,4,2,154,150,4,83,107,67,43
2025-07-01,4,4,93,88,5,73,76,15,12
2025-07-01,4,7,31,28,3,26,25,2,3
2025-07-01,4,9,94,92,2,84,78,8,14
2025-07-01,4,11,84,83,1,59,64,24,19
2025-07-01,4,12,45,45,0,36,39,9,6
2025-07-01,4,15,38,37,1,28,28,9,9
2025-07-01,4,16,154,150,4,99,70,51,80
2025-07-01,4,17,194,194,0,127,131,67,63
2025-07-01,4,18,172,165,7,129,120,36,45
2025-07-01,4,20,130,122,8,106,107,16,15
2025-07-01,4,21,132,122,10,88,87,34,35
2025-07-01,4,22,31,31,0,18,20,13,11
2025-07-01,4,23,12,12,0,7,7,5,5
2025-07-01,4,25,77,67,10,49,45,18,22
2025-07-01,4,26,227,210,17,124,96,86,114
2025-07-01,4,27,27,25,2,18,19,7,6
2025-07-01,4,28,89,88,1,71,70,17,18
2025-07-01,4,30,18,18,0,11,11,7,7
2025-07-01,4,31,175,172,3,123,123,49,49
2025-07-01,4,33,130,130,0,89,84,41,46
2025-07-01,4,34,90,89,1,45,39,44,50
2025-07-01,4,36,194,194,0,142,138,52,56
2025-07-01,4,40,94,87,7,74,67,13,20
2025-07-01,4,41,171,159,12,105,118,54,41
2025-07-01,4,43,189,174,15,132,130,42,44
2025-07-01,4,44,379,333,46,237,228,96,105
2025-07-01,4,45,108,101,7,73,78,28,23
2025-07-01,4,49,38,38,0,33,26,5,12
2025-07-01,4,51,103,97,6,81,87,16,10
2025-07-01,4,52,103,94,9,75,80,19,14
2025-07-01,4,53,130,122,8,106,111,16,11
2025-07-01,4,54,132,121,11,90,99,31,22
2025-07-01,4,59,31,31,0,15,14,16,17
2025-07-01,4,61,12,12,0,5,6,7,6
2025-07-01,4,62,120,116,4,85,85,31,31
2025-07-01,4,63,88,83,5,60,54,23,29
2025-07-01,4,64,63,59,4,44,37,15,22
2025-07-01,4,65,170,170,0,116,97,54,73
2025-07-01,4,67,81,75,6,62,61,13,14
2025-07-01,4,68,31,31,0,26,24,5,7
2025-07-01,4,69,81,71,10,51,52,20,19
2025-07-01,4,70,28,26,2,19,10,7,16
2025-07-01,4,72,228,213,15,116,144,97,69
2025-07-01,4,74,190,179,11,137,141,42,38
2025-07-01,4,76,104,99,5,74,74,25,25
2025-07-01,4,78,120,116,4,68,79,48,37
2025-07-01,4,79,80,76,4,58,54,18,22
2025-07-01,4,80,78,76,2,55,55,21,21
2025-07-01,4,81,54,54,0,35,35,19,19
2025-07-01,4,85,79,77,2,54,55,23,22
2025-07-01,4,86,27,25,2,17,15,8,10
2025-07-01,4,87,88,86,2,73,77,13,9
2025-07-01,4,88,54,54,0,49,44,5,10
2025-07-01,4,89,125,123,2,97,92,26,31
2025-07-01,4,92,90,89,1,65,70,24,19
2025-07-01,4,93,38,38,0,33,27,5,11
2025-07-01,4,94,63,59,4,46,45,13,14
2025-07-01,4,95,172,172,0,121,126,51,46
2025-07-01,4,97,125,125,0,93,95,32,30
2025-07-01,4,98,156,154,2,121,123,33,31
2025-07-01,4,100,156,153,3,111,105,42,48
2025-07-01,4,101,94,92,2,84,87,8,5
2025-07-01,4,102,97,92,5,70,73,22,19
2025-07-01,4,103,18,18,0,10,10,8,8
2025-07-01,4,104,175,169,6,123,128,46,41
2025-07-01,4,108,83,83,0,60,68,23,15
2025-07-01,4,110,38,37,1,32,31,5,6
2025-07-01,4,113,379,339,40,255,238,84,101
2025-07-01,4,114,107,102,5,67,76,35,26
2025-07-01,4,116,103,94,9,70,73,24,21
2025-07-01,4,119,89,84,5,47,42,37,42
2025-07-01,4,120,30,29,1,25,24,4,5
2025-07-01,4,123,98,93,5,71,64,22,29
2025-07-01,4,125,103,100,3,83,82,17,18
2025-07-01,4,126,130,129,1,91,87,38,42
2025-07-01,4,128,103,100,3,78,81,22,19
2025-07-01,5,9,159,152,7,119,116,33,36
2025-07-01,5,11,84,84,0,66,64,18,20
2025-07-01,5,45,84,83,1,59,57,24,26
2025-07-01,5,51,54,52,2,46,44,6,8
2025-07-01,5,52,139,136,3,100,93,36,43
2025-07-01,5,76,56,54,2,49,49,5,5
2025-07-01,5,80,108,108,0,94,90,14,18
2025-07-01,5,85,108,108,0,90,85,18,23
2025-07-01,5,101,160,153,7,117,116,36,37
2025-07-01,5,102,82,81,1,70,65,11,16
2025-07-01,5,108,85,85,0,59,61,26,24
2025-07-01,5,114,84,83,1,60,67,23,16
2025-07-01,5,116,131,129,2,80,87,49,42
2025-07-01,5,123,82,81,1,67,65,14,16
2025-07-01,5,125,92,90,2,68,69,22,21
2025-07-01,5,128,95,92,3,72,67,20,25
2025-07-01,6,1,13,13,0,5,4,8,9
2025-07-01,6,2,131,130,1,91,101,39,29
2025-07-01,6,4,17,17,0,8,7,9,10
2025-07-01,6,6,31,31,0,21,23,10,8
2025-07-01,6,7,265,259,6,154,151,105,108
2025-07-01,6,8,65,64,1,40,36,24,28
2025-07-01,6,10,195,188,7,114,119,74,69
2025-07-01,6,12,13,13,0,2,2,11,11
2025-07-01,6,14,11,11,0,11,11,0,0
2025-07-01,6,15,31,30,1,16,16,14,14
2025-07-01,6,16,132,131,1,96,95,35,36
2025-07-01,6,17,164,164,0,113,116,51,48
2025-07-01,6,18,112,112,0,81,75,31,37
2025-07-01,6,19,48,48,0,34,33,14,15
2025-07-01,6,20,27,27,0,20,21,7,6
2025-07-01,6,21,35,35,0,30,30,5,5
2025-07-01,6,22,37,37,0,32,32,5,5
2025-07-01,6,23,43,43,0,19,23,24,20
2025-07-01,6,24,8,8,0,6,6,2,2
2025-07-01,6,25,147,143,4,94,96,49,47
2025-07-01,6,26,440,437,3,287,230,150,207
2025-07-01,6,27,13,13,0,11,10,2,3
2025-07-01,6,28,85,85,0,65,54,20,31
2025-07-01,6,29,135,133,2,75,58,58,75
2025-07-01,6,30,37,37,0,22,27,15,10
2025-07-01,6,31,166,165,1,121,111,44,54
2025-07-01,6,32,467,451,16,295,257,156,194
2025-07-01,6,33,148,148,0,93,97,55,51
2025-07-01,6,34,45,45,0,28,26,17,19
2025-07-01,6,36,164,164,0,110,121,54,43
2025-07-01,6,37,93,93,0,53,60,40,33
2025-07-01,6,38,96,95,1,66,66,29,29
2025-07-01,6,40,17,17,0,10,11,7,6
2025-07-01,6,41,111,111,0,74,72,37,39
2025-07-01,6,42,31,31,0,23,27,8,4
2025-07-01,6,43,120,120,0,87,91,33,29
2025-07-01,6,44,263,247,16,214,213,33,34
2025-07-01,6,47,48,48,0,19,25,29,23
2025-07-01,6,48,39,39,0,17,18,22,21
2025-07-01,6,49,12,12,0,8,6,4,6
2025-07-01,6,53,27,27,0,22,21,5,6
2025-07-01,6,54,35,35,0,33,32,2,3
2025-07-01,6,55,31,31,0,15,16,16,15
2025-07-01,6,56,31,31,0,27,27,4,4
2025-07-01,6,57,264,262,2,164,152,98,110
2025-07-01,6,58,321,314,7,210,201,104,113
2025-07-01,6,59,38,38,0,26,29,12,9
2025-07-01,6,60,28,28,0,12,13,16,15
2025-07-01,6,61,43,43,0,20,21,23,22
2025-07-01,6,62,122,120,2,95,101,25,19
2025-07-01,6,63,62,60,2,46,47,14,13
2025-07-01,6,64,93,88,5,50,48,38,40
2025-07-01,6,65,90,88,2,79,68,9,20
2025-07-01,6,66,8,8,0,5,4,3,4
2025-07-01,6,67,103,102,1,72,69,30,33
2025-07-01,6,68,27,27,0,15,15,12,12
2025-07-01,6,69,147,143,4,103,111,40,32
2025-07-01,6,70,266,260,6,173,154,87,106
2025-07-01,6,71,12,12,0,9,11,3,1
2025-07-01,6,72,443,437,6,300,288,137,149
2025-07-01,6,73,92,92,0,64,65,28,27
2025-07-01,6,74,120,120,0,84,84,36,36
2025-07-01,6,75,40,40,0,26,28,14,12
2025-07-01,6,77,264,262,2,174,181,88,81
2025-07-01,6,78,121,120,1,91,88,29,32
2025-07-01,6,79,104,102,2,73,71,29,31
2025-07-01,6,81,42,42,0,27,28,15,14
2025-07-01,6,82,231,228,3,137,134,91,94
2025-07-01,6,83,73,73,0,56,58,17,15
2025-07-01,6,84,752,709,43,506,470,203,239
2025-07-01,6,86,13,13,0,9,9,4,4
2025-07-01,6,87,85,84,1,68,67,16,17
2025-07-01,6,88,42,42,0,29,23,13,19
2025-07-01,6,89,51,50,1,34,29,16,21
2025-07-01,6,90,66,65,1,47,46,18,19
2025-07-01,6,91,133,133,0,88,107,45,26
2025-07-01,6,92,45,45,0,30,35,15,10
2025-07-01,6,93,12,12,0,7,6,5,6
2025-07-01,6,94,93,88,5,72,65,16,23
2025-07-01,6,95,90,88,2,75,67,13,21
2025-07-01,6,96,244,241,3,160,187,81,54
2025-07-01,6,97,51,50,1,39,39,11,11
2025-07-01,6,98,60,59,1,48,46,11,13
2025-07-01,6,99,184,177,7,112,151,65,26
2025-07-01,6,100,60,59,1,40,36,19,23
2025-07-01,6,103,37,37,0,18,19,19,18
2025-07-01,6,104,166,164,2,105,103,59,61
2025-07-01,6,105,73,73,0,52,48,21,25
2025-07-01,6,106,77,77,0,45,35,32,42
2025-07-01,6,107,196,189,7,144,114,45,75
2025-07-01,6,110,31,30,1,25,23,5,7
2025-07-01,6,111,466,450,16,309,297,141,153
2025-07-01,6,112,94,94,0,68,73,26,21
2025-07-01,6,113,263,246,17,196,206,50,40
2025-07-01,6,117,321,315,6,203,200,112,115
2025-07-01,6,118,27,27,0,23,20,4,7
2025-07-01,6,119,62,60,2,51,49,9,11
2025-07-01,6,120,27,27,0,17,20,10,7
2025-07-01,6,121,746,701,45,469,435,232,266
2025-07-01,6,122,197,191,6,133,114,58,77
2025-07-01,6,124,77,77,0,51,48,26,29
2025-07-01,6,126,144,143,1,90,99,53,44
2025-07-01,7,8,9,9,0,4,4,5,5
2025-07-01,7,34,13,13,0,3,6,10,7
2025-07-01,7,49,17,17,0,13,15,4,2
2025-07-01,7,64,20,20,0,13,13,7,7
2025-07-01,7,65,2,2,0,1,1,1,1
2025-07-01,7,89,9,9,0,9,9,0,0
2025-07-01,7,90,9,9,0,5,7,4,2
2025-07-01,7,92,13,13,0,10,10,3,3
2025-07-01,7,93,17,17,0,15,16,2,1
2025-07-01,7,94,20,20,0,14,13,6,7
2025-07-01,7,95,2,2,0,2,1,0,1
2025-07-01,7,97,9,9,0,9,9,0,0
2025-07-01,7,98,4,4,0,3,3,1,1
2025-07-01,7,100,4,4,0,2,3,2,1
2025-08-01,2,2,44,44,0,34,36,10,8
2025-08-01,2,6,31,31,0,27,28,4,3
2025-08-01,2,7,154,147,7,113,122,34,25
2025-08-01,2,8,18,18,0,12,12,6,6
2025-08-01,2,10,124,114,10,86,88,28,26
2025-08-01,2,14,22,22,0,18,18,4,4
2025-08-01,2,15,62,62,0,41,39,21,23
2025-08-01,2,16,44,44,0,38,34,6,10
2025-08-01,2,17,93,92,1,82,79,10,13
2025-08-01,2,18,31,31,0,28,28,3,3
2025-08-01,2,19,31,31,0,28,28,3,3
2025-08-01,2,23,23,23,0,23,23,0,0
2025-08-01,2,24,23,23,0,20,20,3,3
2025-08-01,2,25,31,30,1,15,16,15,14
2025-08-01,2,26,168,165,3,100,102,65,63
2025-08-01,2,28,62,62,0,55,53,7,9
2025-08-01,2,29,31,30,1,20,18,10,12
2025-08-01,2,30,31,31,0,24,19,7,12
2025-08-01,2,32,195,188,7,137,133,51,55
2025-08-01,2,33,71,70,1,50,51,20,19
2025-08-01,2,36,93,92,1,83,84,9,8
2025-08-01,2,37,93,93,0,74,77,19,16
2025-08-01,2,38,124,124,0,106,107,18,17
2025-08-01,2,41,31,31,0,23,23,8,8
2025-08-01,2,42,18,18,0,14,16,4,2
2025-08-01,2,43,31,31,0,24,25,7,6
2025-08-01,2,47,31,30,1,27,26,3,4
2025-08-01,2,48,22,22,0,16,19,6,3
2025-08-01,2,55,31,31,0,20,20,11,11
2025-08-01,2,56,18,18,0,15,16,3,2
2025-08-01,2,57,168,167,1,125,129,42,38
2025-08-01,2,58,261,259,2,205,215,54,44
2025-08-01,2,60,18,18,0,14,12,4,6
2025-08-01,2,61,23,23,0,23,23,0,0
2025-08-01,2,62,124,124,0,94,95,30,29
2025-08-01,2,63,62,60,2,43,43,17,17
2025-08-01,2,66,23,23,0,17,13,6,10
2025-08-01,2,67,93,93,0,60,62,33,31
2025-08-01,2,68,31,31,0,23,21,8,10
2025-08-01,2,69,31,30,1,17,15,13,15
2025-08-01,2,70,154,149,5,126,124,23,25
2025-08-01,2,71,22,22,0,18,17,4,5
2025-08-01,2,72,170,168,2,95,92,73,76
2025-08-01,2,73,93,93,0,65,72,28,21
2025-08-01,2,74,31,31,0,26,25,5,6
2025-08-01,2,75,23,23,0,15,16,8,7
2025-08-01,2,77,168,167,1,111,125,56,42
2025-08-01,2,78,124,124,0,97,99,27,25
2025-08-01,2,79,93,93,0,58,58,35,35
2025-08-01,2,81,62,61,1,42,44,19,17
2025-08-01,2,82,85,83,2,47,45,36,38
2025-08-01,2,83,70,70,0,51,53,19,17
2025-08-01,2,84,511,479,32,350,344,129,135
2025-08-01,2,87,62,62,0,48,48,14,14
2025-08-01,2,88,62,59,3,40,40,19,19
2025-08-01,2,90,18,18,0,14,15,4,3
2025-08-01,2,91,31,30,1,11,16,19,14
2025-08-01,2,96,85,83,2,53,66,30,17
2025-08-01,2,99,53,50,3,28,37,22,13
2025-08-01,2,103,32,32,0,22,22,10,10
2025-08-01,2,105,71,71,0,47,50,24,21
2025-08-01,2,106,93,92,1,68,66,24,26
2025-08-01,2,107,124,114,10,81,85,33,29
2025-08-01,2,110,62,62,0,50,46,12,16
2025-08-01,2,111,196,189,7,133,129,56,60
2025-08-01,2,112,124,124,0,101,97,23,27
2025-08-01,2,117,261,259,2,203,204,56,55
2025-08-01,2,118,18,18,0,13,14,5,4
2025-08-01,2,119,62,62,0,51,51,11,11
2025-08-01,2,120,31,31,0,25,26,6,5
2025-08-01,2,121,512,477,35,337,355,140,122
2025-08-01,2,122,52,50,2,29,35,21,15
2025-08-01,2,124,92,91,1,79,77,12,14
2025-08-01,2,126,71,69,2,48,47,21,22
2025-08-01,3,7,237,234,3,190,198,44,36
2025-08-01,3,8,92,91,1,77,74,14,17
2025-08-01,3,10,241,234,7,171,156,63,78
2025-08-01,3,17,25,25,0,20,19,5,6
2025-08-01,3,19,57,57,0,51,52,6,5
2025-08-01,3,25,84,84,0,68,71,16,13
2025-08-01,3,26,214,211,3,168,156,43,55
2025-08-01,3,27,40,40,0,39,37,1,3
2025-08-01,3,29,159,158,1,137,92,21,66
2025-08-01,3,32,542,525,17,431,398,94,127
2025-08-01,3,33,36,36,0,29,28,7,8
2025-08-01,3,36,25,25,0,19,21,6,4
2025-08-01,3,37,34,34,0,22,22,12,12
2025-08-01,3,38,42,42,0,28,27,14,15
2025-08-01,3,43,21,21,0,18,19,3,2
2025-08-01,3,44,47,42,5,36,34,6,8
2025-08-01,3,47,57,57,0,47,48,10,9
2025-08-01,3,48,36,36,0,33,33,3,3
2025-08-01,3,49,16,16,0,15,8,1,8
2025-08-01,3,57,50,50,0,21,23,29,27
2025-08-01,3,58,128,128,0,99,90,29,38
2025-08-01,3,60,31,31,0,18,21,13,10
2025-08-01,3,64,23,23,0,13,16,10,7
2025-08-01,3,69,84,84,0,73,75,11,9
2025-08-01,3,70,237,235,2,199,188,36,47
2025-08-01,3,72,215,211,4,173,181,38,30
2025-08-01,3,73,34,34,0,30,28,4,6
2025-08-01,3,74,21,21,0,18,18,3,3
2025-08-01,3,75,36,36,0,33,30,3,6
2025-08-01,3,77,49,49,0,37,39,12,10
2025-08-01,3,82,218,215,3,159,135,56,80
2025-08-01,3,83,31,31,0,21,23,10,8
2025-08-01,3,84,941,863,78,716,606,147,257
2025-08-01,3,86,40,40,0,35,31,5,9
2025-08-01,3,89,8,8,0,7,7,1,1
2025-08-01,3,90,93,92,1,70,82,22,10
2025-08-01,3,91,163,163,0,127,139,36,24
2025-08-01,3,93,16,16,0,12,13,4,3
2025-08-01,3,94,22,22,0,20,19,2,3
2025-08-01,3,96,217,209,8,164,173,45,36
2025-08-01,3,97,8,8,0,8,8,0,0
2025-08-01,3,99,202,196,6,114,135,82,61
2025-08-01,3,105,31,31,0,8,5,23,26
2025-08-01,3,106,57,57,0,42,40,15,17
2025-08-01,3,107,241,235,6,180,170,55,65
2025-08-01,3,111,541,520,21,410,391,110,129
2025-08-01,3,112,42,42,0,25,30,17,12
2025-08-01,3,113,47,41,6,35,36,6,5
2025-08-01,3,117,128,128,0,88,98,40,30
2025-08-01,3,118,31,31,0,22,23,9,8
2025-08-01,3,121,941,866,75,660,667,206,199
2025-08-01,3,122,199,195,4,125,100,70,95
2025-08-01,3,124,57,57,0,41,39,16,18
2025-08-01,3,126,36,36,0,21,24,15,12
2025-08-01,4,1,43,43,0,38,31,5,12
2025-08-01,4,2,150,145,5,98,105,47,40
2025-08-01,4,4,96,95,1,77,79,18,16
2025-08-01,4,7,26,26,0,22,18,4,8
2025-08-01,4,9,101,97,4,91,88,6,9
2025-08-01,4,11,84,80,4,54,59,26,21
2025-08-01,4,12,43,43,0,35,37,8,6
2025-08-01,4,15,38,36,2,22,24,14,12
2025-08-01,4,16,150,146,4,111,88,35,58
2025-08-01,4,17,196,196,0,153,148,43,48
2025-08-01,4,18,176,176,0,144,141,32,35
2025-08-01,4,20,125,121,4,108,112,13,9
2025-08-01,4,21,131,129,2,98,97,31,32
2025-08-01,4,22,31,31,0,22,24,9,7
2025-08-01,4,23,14,14,0,13,13,1,1
2025-08-01,4,25,71,68,3,58,55,10,13
2025-08-01,4,26,224,203,21,147,124,56,79
2025-08-01,4,27,25,24,1,21,19,3,5
2025-08-01,4,28,88,87,1,75,77,12,10
2025-08-01,4,30,18,18,0,14,13,4,5
2025-08-01,4,31,171,170,1,130,126,40,44
2025-08-01,4,33,132,131,1,101,95,30,36
2025-08-01,4,34,88,88,0,59,60,29,28
2025-08-01,4,36,196,196,0,161,157,35,39
2025-08-01,4,40,94,93,1,79,70,14,23
2025-08-01,4,41,176,176,0,136,141,40,35
2025-08-01,4,43,192,189,3,149,149,40,40
2025-08-01,4,44,373,356,17,250,228,106,128
2025-08-01,4,45,105,102,3,62,70,40,32
2025-08-01,4,49,39,38,1,34,28,4,10
2025-08-01,4,51,101,97,4,89,91,8,6
2025-08-01,4,52,97,93,4,68,66,25,27
2025-08-01,4,53,125,121,4,108,114,13,7
2025-08-01,4,54,131,130,1,99,107,31,23
2025-08-01,4,59,31,31,0,19,18,12,13
2025-08-01,4,61,15,14,1,10,10,4,4
2025-08-01,4,62,120,115,5,90,90,25,25
2025-08-01,4,63,88,84,4,60,57,24,27
2025-08-01,4,64,66,64,2,50,48,14,16
2025-08-01,4,65,161,157,4,94,96,63,61
2025-08-01,4,67,84,82,2,72,72,10,10
2025-08-01,4,68,31,31,0,28,26,3,5
2025-08-01,4,69,75,72,3,60,59,12,13
2025-08-01,4,70,26,26,0,20,15,6,11
2025-08-01,4,72,221,201,20,140,159,61,42
2025-08-01,4,74,192,189,3,139,146,50,43
2025-08-01,4,76,101,97,4,80,80,17,17
2025-08-01,4,78,120,115,5,78,93,37,22
2025-08-01,4,79,84,82,2,64,63,18,19
2025-08-01,4,80,73,71,2,61,60,10,11
2025-08-01,4,81,52,50,2,38,37,12,13
2025-08-01,4,85,72,70,2,61,62,9,8
2025-08-01,4,86,25,24,1,18,15,6,9
2025-08-01,4,87,88,87,1,80,79,7,8
2025-08-01,4,88,52,51,1,49,48,2,3
2025-08-01,4,89,114,111,3,89,84,22,27
2025-08-01,4,92,88,88,0,58,68,30,20
2025-08-01,4,93,39,38,1,36,35,2,3
2025-08-01,4,94,66,64,2,56,55,8,9
2025-08-01,4,95,162,162,0,116,117,46,45
2025-08-01,4,97,114,111,3,89,85,22,26
2025-08-01,4,98,147,144,3,114,116,30,28
2025-08-01,4,100,146,141,5,94,99,47,42
2025-08-01,4,101,101,97,4,90,90,7,7
2025-08-01,4,102,97,93,4,70,68,23,25
2025-08-01,4,103,18,18,0,13,14,5,4
2025-08-01,4,104,171,170,1,142,144,28,26
2025-08-01,4,108,84,80,4,57,60,23,20
2025-08-01,4,110,38,36,2,24,21,12,15
2025-08-01,4,113,373,359,14,241,253,118,106
2025-08-01,4,114,106,105,1,60,65,45,40
2025-08-01,4,116,96,92,4,61,65,31,27
2025-08-01,4,119,88,83,5,42,40,41,43
2025-08-01,4,120,31,31,0,29,25,2,6
2025-08-01,4,123,98,93,5,63,56,30,37
2025-08-01,4,125,101,99,2,79,78,20,21
2025-08-01,4,126,133,132,1,100,103,32,29
2025-08-01,4,128,101,98,3,76,77,22,21
2025-08-01,5,9,156,144,12,96,92,48,52
2025-08-01,5,11,84,83,1,63,56,20,27
2025-08-01,5,45,81,81,0,53,49,28,32
2025-08-01,5,51,51,47,4,38,36,9,11
2025-08-01,5,52,133,129,4,94,81,35,48
2025-08-01,5,76,49,45,4,38,38,7,7
2025-08-01,5,80,104,104,0,80,80,24,24
2025-08-01,5,85,105,104,1,81,80,23,24
2025-08-01,5,101,156,142,14,99,99,43,43
2025-08-01,5,102,80,77,3,52,43,25,34
2025-08-01,5,108,83,83,0,55,60,28,23
2025-08-01,5,114,82,82,0,53,57,29,25
2025-08-01,5,116,127,124,3,71,81,53,43
2025-08-01,5,123,79,77,2,47,46,30,31
2025-08-01,5,125,93,93,0,59,64,34,29
2025-08-01,5,128,92,92,0,72,61,20,31
2025-08-01,6,1,13,13,0,7,7,6,6
2025-08-01,6,2,122,119,3,89,97,30,22
2025-08-01,6,4,18,18,0,15,13,3,5
2025-08-01,6,6,31,31,0,18,21,13,10
2025-08-01,6,7,263,260,3,185,189,75,71
2025-08-01,6,8,68,67,1,46,42,21,25
2025-08-01,6,10,191,185,6,121,110,64,75
2025-08-01,6,12,13,13,0,6,3,7,10
2025-08-01,6,14,10,10,0,10,10,0,0
2025-08-01,6,15,31,31,0,17,16,14,15
2025-08-01,6,16,122,119,3,92,91,27,28
2025-08-01,6,17,155,155,0,121,115,34,40
2025-08-01,6,18,107,105,2,75,74,30,31
2025-08-01,6,19,48,48,0,31,32,17,16
2025-08-01,6,20,26,26,0,22,21,4,5
2025-08-01,6,21,35,35,0,32,32,3,3
2025-08-01,6,22,31,31,0,24,23,7,8
2025-08-01,6,23,41,41,0,28,29,13,12
2025-08-01,6,24,10,10,0,7,8,3,2
2025-08-01,6,25,140,140,0,104,102,36,38
2025-08-01,6,26,400,396,4,266,239,130,157
2025-08-01,6,27,15,15,0,13,14,2,1
2025-08-01,6,28,83,83,0,60,60,23,23
2025-08-01,6,29,115,112,3,73,61,39,51
2025-08-01,6,30,35,35,0,19,21,16,14
2025-08-01,6,31,161,161,0,124,108,37,53
2025-08-01,6,32,466,457,9,276,244,181,213
2025-08-01,6,33,140,140,0,96,100,44,40
2025-08-01,6,34,45,45,0,31,38,14,7
2025-08-01,6,36,155,155,0,111,121,44,34
2025-08-01,6,37,65,64,1,40,42,24,22
2025-08-01,6,38,76,76,0,50,48,26,28
2025-08-01,6,40,18,18,0,15,16,3,2
2025-08-01,6,41,107,105,2,82,81,23,24
2025-08-01,6,42,31,31,0,24,25,7,6
2025-08-01,6,43,132,131,1,95,107,36,24
2025-08-01,6,44,250,243,7,203,194,40,49
2025-08-01,6,47,48,48,0,23,28,25,20
2025-08-01,6,48,41,41,0,25,28,16,13
2025-08-01,6,49,7,7,0,5,5,2,2
2025-08-01,6,53,26,26,0,22,24,4,2
2025-08-01,6,54,35,35,0,32,32,3,3
2025-08-01,6,55,31,31,0,15,18,16,13
2025-08-01,6,56,31,31,0,22,24,9,7
2025-08-01,6,57,204,204,0,130,133,74,71
2025-08-01,6,58,280,278,2,192,186,86,92
2025-08-01,6,59,31,31,0,21,24,10,7
2025-08-01,6,60,27,27,0,12,11,15,16
2025-08-01,6,61,40,40,0,26,27,14,13
2025-08-01,6,62,119,119,0,90,102,29,17
2025-08-01,6,63,62,62,0,50,45,12,17
2025-08-01,6,64,92,87,5,40,37,47,50
2025-08-01,6,65,83,80,3,56,57,24,23
2025-08-01,6,66,10,10,0,8,8,2,2
2025-08-01,6,67,88,88,0,63,60,25,28
2025-08-01,6,68,23,23,0,11,10,12,13
2025-08-01,6,69,139,139,0,109,118,30,21
2025-08-01,6,70,263,261,2,187,179,74,82
2025-08-01,6,71,10,10,0,9,10,1,0
2025-08-01,6,72,400,398,2,303,277,95,121
2025-08-01,6,73,64,64,0,55,55,9,9
2025-08-01,6,74,132,131,1,100,101,31,30
2025-08-01,6,75,41,41,0,31,35,10,6
2025-08-01,6,77,204,204,0,146,153,58,51
2025-08-01,6,78,119,119,0,92,93,27,26
2025-08-01,6,79,88,88,0,63,64,25,24
2025-08-01,6,81,40,40,0,30,30,10,10
2025-08-01,6,82,198,198,0,143,136,55,62
2025-08-01,6,83,62,62,0,47,51,15,11
2025-08-01,6,84,747,723,24,564,468,159,255
2025-08-01,6,86,16,15,1,12,14,3,1
2025-08-01,6,87,83,83,0,69,65,14,18
2025-08-01,6,88,40,40,0,31,30,9,10
2025-08-01,6,89,47,47,0,38,33,9,14
2025-08-01,6,90,68,67,1,59,61,8,6
2025-08-01,6,91,116,113,3,72,94,41,19
2025-08-01,6,92,45,45,0,33,36,12,9
2025-08-01,6,93,7,7,0,7,7,0,0
2025-08-01,6,94,92,87,5,75,67,12,20
2025-08-01,6,95,83,80,3,58,55,22,25
2025-08-01,6,96,214,213,1,164,179,49,34
2025-08-01,6,97,47,47,0,42,41,5,6
2025-08-01,6,98,59,58,1,51,51,7,7
2025-08-01,6,99,168,162,6,104,144,58,18
2025-08-01,6,100,59,58,1,44,41,14,17
2025-08-01,6,103,35,35,0,11,13,24,22
2025-08-01,6,104,161,161,0,105,94,56,67
2025-08-01,6,105,62,62,0,35,37,27,25
2025-08-01,6,106,62,62,0,30,18,32,44
2025-08-01,6,107,190,185,5,130,118,55,67
2025-08-01,6,110,31,31,0,22,20,9,11
2025-08-01,6,111,465,455,10,323,303,132,152
2025-08-01,6,112,76,76,0,54,60,22,16
2025-08-01,6,113,250,243,7,189,204,54,39
2025-08-01,6,117,281,279,2,175,172,104,107
2025-08-01,6,118,27,27,0,19,18,8,9
2025-08-01,6,119,62,62,0,50,49,12,13
2025-08-01,6,120,23,23,0,9,14,14,9
2025-08-01,6,121,735,710,25,480,486,230,224
2025-08-01,6,122,181,175,6,116,102,59,73
2025-08-01,6,124,62,62,0,38,34,24,28
2025-08-01,6,126,140,140,0,83,97,57,43
2025-08-01,7,8,7,7,0,4,4,3,3
2025-08-01,7,34,7,7,0,0,2,7,5
2025-08-01,7,49,18,18,0,8,11,10,7
2025-08-01,7,64,15,13,2,4,3,9,10
2025-08-01,7,65,1,1,0,0,0,1,1
2025-08-01,7,89,8,8,0,6,4,2,4
2025-08-01,7,90,7,7,0,6,6,1,1
2025-08-01,7,92,7,7,0,5,5,2,2
2025-08-01,7,93,18,18,0,11,12,7,6
2025-08-01,7,94,15,13,2,6,5,7,8
2025-08-01,7,95,1,1,0,0,0,1,1
2025-08-01,7,97,8,8,0,6,6,2,2
2025-08-01,7,98,1,1,0,0,0,1,1
2025-08-01,7,100,1,1,0,0,0,1,1
2025-09-01,2,2,43,43,0,33,33,10,10
2025-09-01,2,6,30,30,0,28,27,2,3
2025-09-01,2,7,160,159,1,126,132,33,27
2025-09-01,2,8,17,17,0,5,8,12,9
2025-09-01,2,10,133,126,7,103,103,23,23
2025-09-01,2,14,22,22,0,18,20,4,2
2025-09-01,2,15,73,73,0,60,56,13,17
2025-09-01,2,16,43,43,0,35,34,8,9
2025-09-01,2,17,90,90,0,75,77,15,13
2025-09-01,2,18,30,30,0,22,22,8,8
2025-09-01,2,19,30,30,0,29,29,1,1
2025-09-01,2,23,26,26,0,25,24,1,2
2025-09-01,2,24,26,26,0,23,22,3,4
2025-09-01,2,25,30,30,0,17,18,13,12
2025-09-01,2,26,223,218,5,157,147,61,71
2025-09-01,2,28,60,60,0,54,50,6,10
2025-09-01,2,29,30,30,0,24,28,6,2
2025-09-01,2,30,30,30,0,21,23,9,7
2025-09-01,2,32,229,226,3,176,177,50,49
2025-09-01,2,33,69,69,0,56,56,13,13
2025-09-01,2,36,90,90,0,84,83,6,7
2025-09-01,2,37,120,118,2,105,107,13,11
2025-09-01,2,38,120,117,3,102,106,15,11
2025-09-01,2,41,30,30,0,20,21,10,9
2025-09-01,2,42,17,17,0,14,15,3,2
2025-09-01,2,43,30,30,0,24,23,6,7
2025-09-01,2,47,30,28,2,25,24,3,4
2025-09-01,2,48,25,25,0,16,20,9,5
2025-09-01,2,55,30,30,0,18,23,12,7
2025-09-01,2,56,17,17,0,13,14,4,3
2025-09-01,2,57,213,210,3,171,167,39,43
2025-09-01,2,58,271,269,2,243,244,26,25
2025-09-01,2,60,17,17,0,10,9,7,8
2025-09-01,2,61,26,26,0,22,25,4,1
2025-09-01,2,62,159,159,0,110,109,49,50
2025-09-01,2,63,73,73,0,55,62,18,11
2025-09-01,2,66,26,26,0,21,16,5,10
2025-09-01,2,67,90,90,0,64,61,26,29
2025-09-01,2,68,42,42,0,32,31,10,11
2025-09-01,2,69,30,29,1,21,17,8,12
2025-09-01,2,70,160,160,0,128,121,32,39
2025-09-01,2,71,22,22,0,20,19,2,3
2025-09-01,2,72,223,219,4,153,156,66,63
2025-09-01,2,73,120,120,0,97,98,23,22
2025-09-01,2,74,30,30,0,28,29,2,1
2025-09-01,2,75,25,25,0,16,17,9,8
2025-09-01,2,77,214,212,2,160,171,52,41
2025-09-01,2,78,159,159,0,121,118,38,41
2025-09-01,2,79,90,90,0,69,62,21,28
2025-09-01,2,81,60,60,0,46,47,14,13
2025-09-01,2,82,84,83,1,59,50,24,33
2025-09-01,2,83,86,86,0,60,59,26,27
2025-09-01,2,84,510,500,10,379,409,121,91
2025-09-01,2,87,60,60,0,44,47,16,13
2025-09-01,2,88,60,59,1,45,42,14,17
2025-09-01,2,90,17,17,0,8,9,9,8
2025-09-01,2,91,30,30,0,22,21,8,9
2025-09-01,2,96,84,83,1,60,70,23,13
2025-09-01,2,99,56,56,0,32,34,24,22
2025-09-01,2,103,30,30,0,25,24,5,6
2025-09-01,2,105,86,86,0,50,57,36,29
2025-09-01,2,106,95,95,0,68,66,27,29
2025-09-01,2,107,133,127,6,102,102,25,25
2025-09-01,2,110,73,73,0,64,64,9,9
2025-09-01,2,111,229,226,3,180,184,46,42
2025-09-01,2,112,120,118,2,97,100,21,18
2025-09-01,2,117,271,270,1,241,242,29,28
2025-09-01,2,118,17,17,0,15,15,2,2
2025-09-01,2,119,73,73,0,63,62,10,11
2025-09-01,2,120,43,43,0,33,33,10,10
2025-09-01,2,121,510,499,11,399,391,100,108
2025-09-01,2,122,56,56,0,37,38,19,18
2025-09-01,2,124,95,95,0,75,76,20,19
2025-09-01,2,126,69,68,1,49,48,19,20
2025-09-01,3,7,238,236,2,178,192,58,44
2025-09-01,3,8,91,91,0,84,80,7,11
2025-09-01,3,10,232,230,2,179,178,51,52
2025-09-01,3,17,28,28,0,23,23,5,5
2025-09-01,3,19,50,50,0,48,44,2,6
2025-09-01,3,25,80,78,2,68,72,10,6
2025-09-01,3,26,221,217,4,197,175,20,42
2025-09-01,3,27,37,37,0,36,34,1,3
2025-09-01,3,29,158,155,3,140,105,15,50
2025-09-01,3,32,532,523,9,455,426,68,97
2025-09-01,3,33,38,38,0,37,37,1,1
2025-09-01,3,36,28,28,0,22,22,6,6
2025-09-01,3,37,35,35,0,23,25,12,10
2025-09-01,3,38,44,44,0,34,35,10,9
2025-09-01,3,43,22,22,0,18,18,4,4
2025-09-01,3,44,48,47,1,43,42,4,5
2025-09-01,3,47,51,51,0,45,46,6,5
2025-09-01,3,48,34,34,0,32,33,2,1
2025-09-01,3,49,18,18,0,16,13,2,5
2025-09-01,3,57,47,47,0,28,30,19,17
2025-09-01,3,58,124,124,0,98,100,26,24
2025-09-01,3,60,30,30,0,13,17,17,13
2025-09-01,3,64,22,21,1,13,15,8,6
2025-09-01,3,69,80,78,2,71,69,7,9
2025-09-01,3,70,237,235,2,195,163,40,72
2025-09-01,3,72,220,216,4,181,185,35,31
2025-09-01,3,73,35,35,0,30,30,5,5
2025-09-01,3,74,22,22,0,18,18,4,4
2025-09-01,3,75,34,34,0,29,25,5,9
2025-09-01,3,77,47,47,0,39,40,8,7
2025-09-01,3,82,213,209,4,163,127,46,82
2025-09-01,3,83,30,30,0,24,27,6,3
2025-09-01,3,84,937,892,45,770,735,122,157
2025-09-01,3,86,38,38,0,32,28,6,10
2025-09-01,3,89,10,10,0,10,10,0,0
2025-09-01,3,90,92,92,0,78,83,14,9
2025-09-01,3,91,160,160,0,132,131,28,29
2025-09-01,3,93,18,18,0,17,17,1,1
2025-09-01,3,94,22,21,1,19,19,2,2
2025-09-01,3,96,211,207,4,170,164,37,43
2025-09-01,3,97,10,10,0,10,10,0,0
2025-09-01,3,99,199,194,5,129,138,65,56
2025-09-01,3,105,30,30,0,5,4,25,26
2025-09-01,3,106,56,56,0,46,47,10,9
2025-09-01,3,107,233,231,2,197,185,34,46
2025-09-01,3,111,529,524,5,443,442,81,82
2025-09-01,3,112,43,43,0,37,36,6,7
2025-09-01,3,113,48,47,1,45,45,2,2
2025-09-01,3,117,124,124,0,95,105,29,19
2025-09-01,3,118,30,30,0,23,23,7,7
2025-09-01,3,121,939,900,39,749,655,151,245
2025-09-01,3,122,200,198,2,148,117,50,81
2025-09-01,3,124,56,56,0,41,37,15,19
2025-09-01,3,126,37,37,0,32,35,5,2
2025-09-01,4,1,44,43,1,39,37,4,6
2025-09-01,4,2,146,140,6,104,120,36,20
2025-09-01,4,4,95,94,1,90,92,4,2
2025-09-01,4,7,30,30,0,29,29,1,1
2025-09-01,4,9,99,96,3,90,84,6,12
2025-09-01,4,11,82,81,1,60,63,21,18
2025-09-01,4,12,44,43,1,40,40,3,3
2025-09-01,4,15,38,35,3,27,26,8,9
2025-09-01,4,16,146,141,5,110,101,31,40
2025-09-01,4,17,186,183,3,135,139,48,44
2025-09-01,4,18,168,166,2,139,134,27,32
2025-09-01,4,20,127,122,5,111,113,11,9
2025-09-01,4,21,130,128,2,110,107,18,21
2025-09-01,4,22,30,30,0,24,22,6,8
2025-09-01,4,23,12,11,1,10,8,1,3
2025-09-01,4,25,76,69,7,54,54,15,15
2025-09-01,4,26,218,192,26,142,121,50,71
2025-09-01,4,27,27,26,1,22,20,4,6
2025-09-01,4,28,86,85,1,74,76,11,9
2025-09-01,4,30,17,17,0,9,12,8,5
2025-09-01,4,31,169,167,2,140,139,27,28
2025-09-01,4,33,127,124,3,87,91,37,33
2025-09-01,4,34,86,84,2,61,65,23,19
2025-09-01,4,36,186,183,3,142,138,41,45
2025-09-01,4,40,96,95,1,90,85,5,10
2025-09-01,4,41,168,166,2,129,137,37,29
2025-09-01,4,43,190,180,10,149,136,31,44
2025-09-01,4,44,364,342,22,222,227,120,115
2025-09-01,4,45,104,98,6,65,69,33,29
2025-09-01,4,49,33,33,0,30,28,3,5
2025-09-01,4,51,99,96,3,89,88,7,8
2025-09-01,4,52,99,96,3,74,76,22,20
2025-09-01,4,53,126,121,5,116,115,5,6
2025-09-01,4,54,130,127,3,106,112,21,15
2025-09-01,4,59,30,30,0,18,18,12,12
2025-09-01,4,61,12,11,1,8,8,3,3
2025-09-01,4,62,116,111,5,92,95,19,16
2025-09-01,4,63,86,81,5,58,59,23,22
2025-09-01,4,64,60,57,3,49,46,8,11
2025-09-01,4,65,174,170,4,143,129,27,41
2025-09-01,4,67,91,86,5,72,69,14,17
2025-09-01,4,68,30,29,1,27,28,2,1
2025-09-01,4,69,80,73,7,65,64,8,9
2025-09-01,4,70,30,30,0,26,17,4,13
2025-09-01,4,72,219,192,27,135,151,57,41
2025-09-01,4,74,189,184,5,148,150,36,34
2025-09-01,4,76,99,96,3,77,78,19,18
2025-09-01,4,78,116,112,4,71,77,41,35
2025-09-01,4,79,91,86,5,68,65,18,21
2025-09-01,4,80,72,70,2,58,52,12,18
2025-09-01,4,81,52,51,1,33,34,18,17
2025-09-01,4,85,72,69,3,52,52,17,17
2025-09-01,4,86,27,26,1,20,17,6,9
2025-09-01,4,87,86,85,1,76,76,9,9
2025-09-01,4,88,52,51,1,47,42,4,9
2025-09-01,4,89,118,118,0,95,93,23,25
2025-09-01,4,92,86,85,1,67,71,18,14
2025-09-01,4,93,34,34,0,31,29,3,5
2025-09-01,4,94,60,59,1,48,49,11,10
2025-09-01,4,95,173,172,1,143,155,29,17
2025-09-01,4,97,118,118,0,101,101,17,17
2025-09-01,4,98,155,151,4,136,135,15,16
2025-09-01,4,100,155,148,7,116,120,32,28
2025-09-01,4,101,100,96,4,88,88,8,8
2025-09-01,4,102,94,91,3,67,65,24,26
2025-09-01,4,103,17,17,0,11,13,6,4
2025-09-01,4,104,169,162,7,133,131,29,31
2025-09-01,4,108,82,81,1,60,61,21,20
2025-09-01,4,110,38,35,3,25,28,10,7
2025-09-01,4,113,365,345,20,220,223,125,122
2025-09-01,4,114,104,98,6,55,63,43,35
2025-09-01,4,116,100,97,3,66,67,31,30
2025-09-01,4,119,86,81,5,51,40,30,41
2025-09-01,4,120,30,30,0,27,26,3,4
2025-09-01,4,123,94,93,1,65,56,28,37
2025-09-01,4,125,99,96,3,80,83,16,13
2025-09-01,4,126,126,123,3,88,87,35,36
2025-09-01,4,128,99,95,4,83,83,12,12
2025-09-01,5,9,152,144,8,116,109,28,35
2025-09-01,5,11,80,80,0,72,70,8,10
2025-09-01,5,45,81,80,1,68,61,12,19
2025-09-01,5,51,48,46,2,39,38,7,8
2025-09-01,5,52,131,121,10,98,95,23,26
2025-09-01,5,76,48,46,2,39,38,7,8
2025-09-01,5,80,104,103,1,82,74,21,29
2025-09-01,5,85,104,103,1,77,74,26,29
2025-09-01,5,101,152,144,8,115,117,29,27
2025-09-01,5,102,79,75,4,60,50,15,25
2025-09-01,5,108,80,80,0,63,65,17,15
2025-09-01,5,114,80,79,1,57,68,22,11
2025-09-01,5,116,125,117,8,73,80,44,37
2025-09-01,5,123,80,76,4,43,49,33,27
2025-09-01,5,125,92,91,1,69,70,22,21
2025-09-01,5,128,92,91,1,68,64,23,27
2025-09-01,6,1,13,13,0,7,7,6,6
2025-09-01,6,2,126,125,1,109,117,16,8
2025-09-01,6,4,17,17,0,10,11,7,6
2025-09-01,6,6,30,30,0,25,25,5,5
2025-09-01,6,7,271,267,4,204,204,63,63
2025-09-01,6,8,65,64,1,40,49,24,15
2025-09-01,6,10,198,190,8,138,143,52,47
2025-09-01,6,12,13,13,0,4,5,9,8
2025-09-01,6,14,11,11,0,11,11,0,0
2025-09-01,6,15,30,30,0,20,21,10,9
2025-09-01,6,16,126,125,1,116,107,9,18
2025-09-01,6,17,163,163,0,120,124,43,39
2025-09-01,6,18,107,107,0,87,87,20,20
2025-09-01,6,19,33,33,0,25,26,8,7
2025-09-01,6,20,26,26,0,22,22,4,4
2025-09-01,6,21,35,35,0,30,32,5,3
2025-09-01,6,22,34,34,0,32,33,2,1
2025-09-01,6,23,44,44,0,31,32,13,12
2025-09-01,6,24,8,8,0,4,5,4,3
2025-09-01,6,25,138,138,0,104,103,34,35
2025-09-01,6,26,446,438,8,332,287,106,151
2025-09-01,6,27,13,13,0,12,11,1,2
2025-09-01,6,28,82,82,0,61,55,21,27
2025-09-01,6,29,130,129,1,94,92,35,37
2025-09-01,6,30,36,36,0,26,26,10,10
2025-09-01,6,31,160,160,0,130,123,30,37
2025-09-01,6,32,464,452,12,356,335,96,117
2025-09-01,6,33,141,141,0,109,119,32,22
2025-09-01,6,34,43,43,0,31,37,12,6
2025-09-01,6,36,163,163,0,133,138,30,25
2025-09-01,6,37,83,82,1,65,65,17,17
2025-09-01,6,38,83,83,0,69,67,14,16
2025-09-01,6,40,17,17,0,13,13,4,4
2025-09-01,6,41,107,107,0,90,90,17,17
2025-09-01,6,42,30,30,0,24,25,6,5
2025-09-01,6,43,129,129,0,88,94,41,35
2025-09-01,6,44,252,247,5,217,227,30,20
2025-09-01,6,47,36,34,2,23,25,11,9
2025-09-01,6,48,30,30,0,17,19,13,11
2025-09-01,6,49,12,12,0,11,11,1,1
2025-09-01,6,53,26,26,0,23,26,3,0
2025-09-01,6,54,35,35,0,33,32,2,3
2025-09-01,6,55,30,30,0,16,22,14,8
2025-09-01,6,56,30,30,0,21,23,9,7
2025-09-01,6,57,262,262,0,178,190,84,72
2025-09-01,6,58,311,309,2,223,223,86,86
2025-09-01,6,59,34,34,0,32,32,2,2
2025-09-01,6,60,29,29,0,15,15,14,14
2025-09-01,6,61,44,44,0,28,27,16,17
2025-09-01,6,62,123,123,0,103,107,20,16
2025-09-01,6,63,60,60,0,52,49,8,11
2025-09-01,6,64,85,81,4,53,44,28,37
2025-09-01,6,65,84,82,2,70,70,12,12
2025-09-01,6,66,8,8,0,4,5,4,3
2025-09-01,6,67,94,94,0,78,69,16,25
2025-09-01,6,68,26,26,0,13,11,13,15
2025-09-01,6,69,138,138,0,103,111,35,27
2025-09-01,6,70,272,268,4,208,188,60,80
2025-09-01,6,71,11,11,0,10,11,1,0
2025-09-01,6,72,445,436,9,341,332,95,104
2025-09-01,6,73,83,82,1,75,76,7,6
2025-09-01,6,74,129,129,0,99,104,30,25
2025-09-01,6,75,30,30,0,25,21,5,9
2025-09-01,6,77,263,263,0,182,193,81,70
2025-09-01,6,78,123,123,0,96,98,27,25
2025-09-01,6,79,94,94,0,71,73,23,21
2025-09-01,6,81,41,41,0,38,39,3,2
2025-09-01,6,82,230,224,6,156,145,68,79
2025-09-01,6,83,74,74,0,65,69,9,5
2025-09-01,6,84,748,713,35,572,554,141,159
2025-09-01,6,86,13,13,0,12,13,1,0
2025-09-01,6,87,82,81,1,66,67,15,14
2025-09-01,6,88,41,41,0,35,31,6,10
2025-09-01,6,89,49,49,0,41,40,8,9
2025-09-01,6,90,64,64,0,58,52,6,12
2025-09-01,6,91,129,128,1,104,103,24,25
2025-09-01,6,92,43,43,0,35,39,8,4
2025-09-01,6,93,12,12,0,11,11,1,1
2025-09-01,6,94,86,82,4,76,70,6,12
2025-09-01,6,95,84,83,1,70,69,13,14
2025-09-01,6,96,238,233,5,187,187,46,46
2025-09-01,6,97,49,49,0,45,45,4,4
2025-09-01,6,98,59,58,1,52,52,6,6
2025-09-01,6,99,175,174,1,120,150,54,24
2025-09-01,6,100,59,58,1,45,38,13,20
2025-09-01,6,103,36,36,0,22,22,14,14
2025-09-01,6,104,160,160,0,116,106,44,54
2025-09-01,6,105,74,74,0,54,57,20,17
2025-09-01,6,106,67,67,0,42,33,25,34
2025-09-01,6,107,198,190,8,163,145,27,45
2025-09-01,6,110,30,30,0,25,23,5,7
2025-09-01,6,111,458,449,9,353,351,96,98
2025-09-01,6,112,83,83,0,69,74,14,9
2025-09-01,6,113,252,247,5,220,228,27,19
2025-09-01,6,117,311,310,1,239,230,71,80
2025-09-01,6,118,29,29,0,22,22,7,7
2025-09-01,6,119,60,60,0,53,52,7,8
2025-09-01,6,120,26,26,0,16,15,10,11
2025-09-01,6,121,739,703,36,561,509,142,194
2025-09-01,6,122,190,189,1,151,121,38,68
2025-09-01,6,124,67,67,0,50,46,17,21
2025-09-01,6,126,141,141,0,112,113,29,28
2025-09-01,7,8,8,8,0,2,3,6,5
2025-09-01,7,34,9,9,0,0,5,9,4
2025-09-01,7,49,12,12,0,10,10,2,2
2025-09-01,7,64,24,24,0,14,15,10,9
2025-09-01,7,65,4,4,0,3,4,1,0
2025-09-01,7,89,9,9,0,6,5,3,4
2025-09-01,7,90,8,8,0,6,5,2,3
2025-09-01,7,92,9,9,0,5,5,4,4
2025-09-01,7,93,12,12,0,10,11,2,1
2025-09-01,7,94,23,23,0,18,17,5,6
2025-09-01,7,95,4,4,0,4,3,0,1
2025-09-01,7,97,9,9,0,6,6,3,3
2025-09-01,7,98,2,2,0,1,1,1,1
2025-09-01,7,100,2,2,0,1,1,1,1
2025-10-01,2,2,44,44,0,25,29,19,15
2025-10-01,2,6,32,32,0,26,26,6,6
2025-10-01,2,7,157,153,4,118,130,35,23
2025-10-01,2,8,20,20,0,12,13,8,7
2025-10-01,2,10,139,132,7,91,94,41,38
2025-10-01,2,14,21,21,0,15,16,6,5
2025-10-01,2,15,79,79,0,67,61,12,18
2025-10-01,2,16,44,44,0,31,28,13,16
2025-10-01,2,17,92,92,0,69,76,23,16
2025-10-01,2,18,31,31,0,27,24,4,7
2025-10-01,2,19,28,27,1,23,23,4,4
2025-10-01,2,23,30,30,0,27,25,3,5
2025-10-01,2,24,29,29,0,26,27,3,2
2025-10-01,2,25,31,30,1,15,15,15,15
2025-10-01,2,26,202,198,4,121,119,77,79
2025-10-01,2,28,61,60,1,52,52,8,8
2025-10-01,2,29,31,30,1,16,17,14,13
2025-10-01,2,30,34,34,0,29,29,5,5
2025-10-01,2,32,239,227,12,147,141,80,86
2025-10-01,2,33,71,71,0,55,61,16,10
2025-10-01,2,36,92,92,0,76,73,16,19
2025-10-01,2,37,97,96,1,67,75,29,21
2025-10-01,2,38,119,117,2,95,94,22,23
2025-10-01,2,41,31,31,0,21,21,10,10
2025-10-01,2,42,17,17,0,11,12,6,5
2025-10-01,2,43,31,31,0,27,27,4,4
2025-10-01,2,47,28,27,1,23,23,4,4
2025-10-01,2,48,23,23,0,15,18,8,5
2025-10-01,2,55,32,32,0,20,22,12,10
2025-10-01,2,56,18,18,0,16,16,2,2
2025-10-01,2,57,227,222,5,168,168,54,54
2025-10-01,2,58,271,264,7,221,219,43,45
2025-10-01,2,60,14,14,0,9,9,5,5
2025-10-01,2,61,30,30,0,23,25,7,5
2025-10-01,2,62,160,157,3,86,84,71,73
2025-10-01,2,63,78,77,1,47,51,30,26
2025-10-01,2,66,29,29,0,22,20,7,9
2025-10-01,2,67,92,92,0,59,60,33,32
2025-10-01,2,68,47,46,1,34,33,12,13
2025-10-01,2,69,31,30,1,18,15,12,15
2025-10-01,2,70,157,155,2,123,123,32,32
2025-10-01,2,71,21,21,0,17,15,4,6
2025-10-01,2,72,201,197,4,105,112,92,85
2025-10-01,2,73,97,96,1,63,66,33,30
2025-10-01,2,74,31,31,0,27,27,4,4
2025-10-01,2,75,22,22,0,16,18,6,4
2025-10-01,2,77,227,223,4,160,172,63,51
2025-10-01,2,78,160,158,2,105,108,53,50
2025-10-01,2,79,92,92,0,63,58,29,34
2025-10-01,2,81,62,62,0,43,43,19,19
2025-10-01,2,82,83,83,0,56,45,27,38
2025-10-01,2,83,94,94,0,61,63,33,31
2025-10-01,2,84,523,506,17,339,366,167,140
2025-10-01,2,87,62,60,2,42,43,18,17
2025-10-01,2,88,62,62,0,40,41,22,21
2025-10-01,2,90,20,20,0,14,14,6,6
2025-10-01,2,91,31,28,3,8,10,20,18
2025-10-01,2,96,83,82,1,56,68,26,14
2025-10-01,2,99,56,56,0,29,48,27,8
2025-10-01,2,103,34,34,0,27,25,7,9
2025-10-01,2,105,94,94,0,50,59,44,35
2025-10-01,2,106,102,97,5,69,63,28,34
2025-10-01,2,107,141,134,7,103,95,31,39
2025-10-01,2,110,79,79,0,71,70,8,9
2025-10-01,2,111,239,226,13,150,157,76,69
2025-10-01,2,112,119,119,0,93,91,26,28
2025-10-01,2,117,273,266,7,214,217,52,49
2025-10-01,2,118,14,14,0,13,13,1,1
2025-10-01,2,119,78,77,1,62,58,15,19
2025-10-01,2,120,47,46,1,39,38,7,8
2025-10-01,2,121,522,505,17,373,370,132,135
2025-10-01,2,122,56,56,0,39,30,17,26
2025-10-01,2,124,102,99,3,84,84,15,15
2025-10-01,2,126,71,70,1,55,52,15,18
2025-10-01,3,7,254,251,3,180,190,71,61
2025-10-01,3,8,95,95,0,83,80,12,15
2025-10-01,3,10,248,244,4,181,185,63,59
2025-10-01,3,17,18,18,0,10,15,8,3
2025-10-01,3,19,42,42,0,34,35,8,7
2025-10-01,3,25,85,85,0,73,82,12,3
2025-10-01,3,26,242,241,1,206,178,35,63
2025-10-01,3,27,40,40,0,39,40,1,0
2025-10-01,3,29,166,166,0,134,85,32,81
2025-10-01,3,32,592,577,15,454,407,123,170
2025-10-01,3,33,27,27,0,22,24,5,3
2025-10-01,3,36,18,18,0,11,12,7,6
2025-10-01,3,37,36,36,0,29,28,7,8
2025-10-01,3,38,44,44,0,33,36,11,8
2025-10-01,3,43,21,21,0,19,20,2,1
2025-10-01,3,44,39,38,1,30,30,8,8
2025-10-01,3,45,8,8,0,7,7,1,1
2025-10-01,3,47,42,42,0,35,29,7,13
2025-10-01,3,48,31,31,0,29,28,2,3
2025-10-01,3,49,17,17,0,15,13,2,4
2025-10-01,3,57,50,50,0,32,29,18,21
2025-10-01,3,58,130,130,0,90,89,40,41
2025-10-01,3,60,31,31,0,16,16,15,15
2025-10-01,3,63,17,17,0,16,14,1,3
2025-10-01,3,64,11,10,1,8,8,2,2
2025-10-01,3,69,86,85,1,76,73,9,12
2025-10-01,3,70,254,253,1,205,175,48,78
2025-10-01,3,72,240,240,0,188,210,52,30
2025-10-01,3,73,36,36,0,34,33,2,3
2025-10-01,3,74,22,22,0,18,18,4,4
2025-10-01,3,75,31,31,0,24,27,7,4
2025-10-01,3,77,50,50,0,40,39,10,11
2025-10-01,3,82,220,218,2,159,119,59,99
2025-10-01,3,83,32,32,0,22,24,10,8
2025-10-01,3,84,970,927,43,709,662,218,265
2025-10-01,3,86,40,39,1,37,33,2,6
2025-10-01,3,89,5,5,0,3,3,2,2
2025-10-01,3,90,95,95,0,82,88,13,7
2025-10-01,3,91,166,166,0,129,129,37,37
2025-10-01,3,93,17,17,0,14,15,3,2
2025-10-01,3,94,11,10,1,10,10,0,0
2025-10-01,3,96,221,219,2,156,175,63,44
2025-10-01,3,97,5,5,0,5,5,0,0
2025-10-01,3,99,210,206,4,120,133,86,73
2025-10-01,3,105,32,32,0,9,9,23,23
2025-10-01,3,106,58,58,0,41,41,17,17
2025-10-01,3,107,249,247,2,197,166,50,81
2025-10-01,3,111,591,577,14,451,442,126,135
2025-10-01,3,112,45,45,0,36,32,9,13
2025-10-01,3,113,39,38,1,32,29,6,9
2025-10-01,3,114,8,8,0,8,8,0,0
2025-10-01,3,117,130,130,0,90,94,40,36
2025-10-01,3,118,31,31,0,22,25,9,6
2025-10-01,3,119,18,18,0,14,15,4,3
2025-10-01,3,121,970,927,43,698,618,229,309
2025-10-01,3,122,211,210,1,143,92,67,118
2025-10-01,3,124,58,58,0,37,36,21,22
2025-10-01,3,126,27,27,0,23,22,4,5
2025-10-01,4,1,41,39,2,33,31,6,8
2025-10-01,4,2,163,163,0,108,128,55,35
2025-10-01,4,4,99,96,3,78,79,18,17
2025-10-01,4,7,30,30,0,29,24,1,6
2025-10-01,4,9,102,98,4,89,82,9,16
2025-10-01,4,11,87,85,2,64,67,21,18
2025-10-01,4,12,41,39,2,35,35,4,4
2025-10-01,4,15,38,37,1,26,27,11,10
2025-10-01,4,16,162,162,0,120,96,42,66
2025-10-01,4,17,199,199,0,147,164,52,35
2025-10-01,4,18,182,181,1,137,133,44,48
2025-10-01,4,20,127,124,3,96,101,28,23
2025-10-01,4,21,135,131,4,103,105,28,26
2025-10-01,4,22,31,31,0,26,29,5,2
2025-10-01,4,23,15,15,0,14,4,1,11
2025-10-01,4,25,54,54,0,45,39,9,15
2025-10-01,4,26,208,180,28,105,95,75,85
2025-10-01,4,27,25,25,0,22,21,3,4
2025-10-01,4,28,89,89,0,76,73,13,16
2025-10-01,4,30,14,14,0,14,14,0,0
2025-10-01,4,31,179,179,0,136,142,43,37
2025-10-01,4,33,158,157,1,116,122,41,35
2025-10-01,4,34,88,87,1,71,78,16,9
2025-10-01,4,36,199,199,0,169,148,30,51
2025-10-01,4,40,98,95,3,78,74,17,21
2025-10-01,4,41,182,180,2,133,148,47,32
2025-10-01,4,43,193,177,16,118,110,59,67
2025-10-01,4,44,393,365,28,264,280,101,85
2025-10-01,4,45,95,94,1,64,69,30,25
2025-10-01,4,49,31,31,0,22,26,9,5
2025-10-01,4,51,104,96,8,73,77,23,19
2025-10-01,4,52,104,102,2,69,72,33,30
2025-10-01,4,53,127,124,3,101,106,23,18
2025-10-01,4,54,135,130,5,107,107,23,23
2025-10-01,4,59,31,31,0,28,24,3,7
2025-10-01,4,61,14,14,0,5,7,9,7
2025-10-01,4,62,119,113,6,72,66,41,47
2025-10-01,4,63,72,67,5,38,44,29,23
2025-10-01,4,64,75,73,2,55,55,18,18
2025-10-01,4,65,180,178,2,135,137,43,41
2025-10-01,4,67,120,115,5,86,78,29,37
2025-10-01,4,68,31,31,0,24,23,7,8
2025-10-01,4,69,57,57,0,51,48,6,9
2025-10-01,4,70,30,30,0,21,15,9,15
2025-10-01,4,72,208,179,29,93,116,86,63
2025-10-01,4,74,194,183,11,123,132,60,51
2025-10-01,4,76,104,97,7,64,69,33,28
2025-10-01,4,78,119,114,5,51,64,63,50
2025-10-01,4,79,120,115,5,76,69,39,46
2025-10-01,4,80,80,73,7,41,45,32,28
2025-10-01,4,81,54,52,2,18,23,34,29
2025-10-01,4,84,5,4,1,4,4,0,0
2025-10-01,4,85,80,73,7,45,43,28,30
2025-10-01,4,86,25,25,0,21,17,4,8
2025-10-01,4,87,89,89,0,71,70,18,19
2025-10-01,4,88,54,52,2,37,31,15,21
2025-10-01,4,89,126,126,0,116,109,10,17
2025-10-01,4,92,88,88,0,70,78,18,10
2025-10-01,4,93,31,31,0,26,27,5,4
2025-10-01,4,94,75,74,1,65,63,9,11
2025-10-01,4,95,181,180,1,144,145,36,35
2025-10-01,4,97,126,126,0,116,114,10,12
2025-10-01,4,98,150,150,0,128,132,22,18
2025-10-01,4,100,150,148,2,123,125,25,23
2025-10-01,4,101,101,97,4,86,87,11,10
2025-10-01,4,102,102,96,6,71,73,25,23
2025-10-01,4,103,14,14,0,13,13,1,1
2025-10-01,4,104,179,174,5,144,140,30,34
2025-10-01,4,108,88,86,2,62,64,24,22
2025-10-01,4,110,39,39,0,31,29,8,10
2025-10-01,4,113,392,364,28,275,264,89,100
2025-10-01,4,114,98,96,2,61,66,35,30
2025-10-01,4,116,104,103,1,74,74,29,29
2025-10-01,4,119,71,68,3,35,27,33,41
2025-10-01,4,120,31,31,0,25,22,6,9
2025-10-01,4,121,7,7,0,4,3,3,4
2025-10-01,4,123,103,98,5,72,69,26,29
2025-10-01,4,125,103,101,2,82,82,19,19
2025-10-01,4,126,158,156,2,122,117,34,39
2025-10-01,4,128,103,101,2,79,83,22,18
2025-10-01,5,9,160,150,10,95,90,55,60
2025-10-01,5,11,80,79,1,68,66,11,13
2025-10-01,5,45,83,79,4,52,48,27,31
2025-10-01,5,51,54,50,4,40,37,10,13
2025-10-01,5,52,129,125,4,86,85,39,40
2025-10-01,5,76,54,50,4,38,39,12,11
2025-10-01,5,80,108,108,0,86,78,22,30
2025-10-01,5,85,108,108,0,85,83,23,25
2025-10-01,5,101,158,146,12,92,91,54,55
2025-10-01,5,102,81,74,7,52,43,22,31
2025-10-01,5,108,82,81,1,62,63,19,18
2025-10-01,5,114,82,79,3,52,58,27,21
2025-10-01,5,116,120,116,4,74,76,42,40
2025-10-01,5,123,82,76,6,39,40,37,36
2025-10-01,5,125,88,88,0,60,57,28,31
2025-10-01,5,128,90,89,1,62,60,27,29
2025-10-01,6,1,14,14,0,6,8,8,6
2025-10-01,6,2,137,135,2,97,112,38,23
2025-10-01,6,4,18,18,0,9,11,9,7
2025-10-01,6,6,31,31,0,22,23,9,8
2025-10-01,6,7,265,260,5,167,190,93,70
2025-10-01,6,8,65,65,0,40,41,25,24
2025-10-01,6,10,191,189,2,112,118,77,71
2025-10-01,6,12,14,14,0,4,4,10,10
2025-10-01,6,14,11,11,0,10,11,1,0
2025-10-01,6,15,31,31,0,20,23,11,8
2025-10-01,6,16,136,135,1,106,107,29,28
2025-10-01,6,17,151,151,0,107,118,44,33
2025-10-01,6,18,112,111,1,89,87,22,24
2025-10-01,6,19,31,30,1,23,28,7,2
2025-10-01,6,20,27,27,0,26,26,1,1
2025-10-01,6,21,35,35,0,27,30,8,5
2025-10-01,6,22,32,32,0,21,23,11,9
2025-10-01,6,23,49,49,0,30,32,19,17
2025-10-01,6,24,11,11,0,8,6,3,5
2025-10-01,6,25,144,143,1,114,118,29,25
2025-10-01,6,26,436,432,4,284,242,148,190
2025-10-01,6,27,14,14,0,11,11,3,3
2025-10-01,6,28,85,85,0,50,44,35,41
2025-10-01,6,29,128,128,0,74,78,54,50
2025-10-01,6,30,32,32,0,21,19,11,13
2025-10-01,6,31,166,165,1,116,122,49,43
2025-10-01,6,32,509,496,13,344,322,152,174
2025-10-01,6,33,143,141,2,112,127,29,14
2025-10-01,6,34,51,51,0,36,43,15,8
2025-10-01,6,36,151,151,0,112,112,39,39
2025-10-01,6,37,82,82,0,63,59,19,23
2025-10-01,6,38,83,83,0,63,56,20,27
2025-10-01,6,40,18,18,0,12,12,6,6
2025-10-01,6,41,112,111,1,90,93,21,18
2025-10-01,6,42,31,31,0,27,27,4,4
2025-10-01,6,43,131,130,1,107,111,23,19
2025-10-01,6,44,262,243,19,205,206,38,37
2025-10-01,6,47,31,31,0,24,20,7,11
2025-10-01,6,48,26,26,0,16,18,10,8
2025-10-01,6,49,13,13,0,9,10,4,3
2025-10-01,6,53,27,27,0,26,25,1,2
2025-10-01,6,54,35,35,0,32,30,3,5
2025-10-01,6,55,31,31,0,16,14,15,17
2025-10-01,6,56,31,31,0,27,27,4,4
2025-10-01,6,57,275,273,2,173,184,100,89
2025-10-01,6,58,306,303,3,187,195,116,108
2025-10-01,6,59,32,32,0,18,18,14,14
2025-10-01,6,60,34,34,0,21,16,13,18
2025-10-01,6,61,49,49,0,25,29,24,20
2025-10-01,6,62,124,124,0,96,101,28,23
2025-10-01,6,63,66,66,0,56,53,10,13
2025-10-01,6,64,94,92,2,74,66,18,26
2025-10-01,6,65,82,81,1,71,71,10,10
2025-10-01,6,66,11,11,0,3,6,8,5
2025-10-01,6,67,95,95,0,80,79,15,16
2025-10-01,6,68,31,31,0,16,13,15,18
2025-10-01,6,69,143,142,1,118,119,24,23
2025-10-01,6,70,266,264,2,200,174,64,90
2025-10-01,6,71,11,11,0,11,11,0,0
2025-10-01,6,72,441,439,2,315,314,124,125
2025-10-01,6,73,82,82,0,67,71,15,11
2025-10-01,6,74,131,131,0,103,105,28,26
2025-10-01,6,75,26,26,0,18,22,8,4
2025-10-01,6,77,272,270,2,192,208,78,62
2025-10-01,6,78,124,124,0,83,88,41,36
2025-10-01,6,79,95,95,0,70,74,25,21
2025-10-01,6,81,44,44,0,36,36,8,8
2025-10-01,6,82,225,224,1,156,132,68,92
2025-10-01,6,83,77,77,0,59,61,18,16
2025-10-01,6,84,778,753,25,577,527,176,226
2025-10-01,6,86,14,14,0,11,11,3,3
2025-10-01,6,87,85,83,2,60,62,23,21
2025-10-01,6,88,44,44,0,33,30,11,14
2025-10-01,6,89,53,53,0,42,41,11,12
2025-10-01,6,90,66,66,0,48,52,18,14
2025-10-01,6,91,132,132,0,88,84,44,48
2025-10-01,6,92,51,51,0,41,43,10,8
2025-10-01,6,93,13,13,0,10,10,3,3
2025-10-01,6,94,94,92,2,85,84,7,8
2025-10-01,6,95,82,81,1,73,71,8,10
2025-10-01,6,96,239,238,1,151,186,87,52
2025-10-01,6,97,53,53,0,47,44,6,9
2025-10-01,6,98,54,54,0,42,41,12,13
2025-10-01,6,99,179,177,2,133,158,44,19
2025-10-01,6,100,54,54,0,34,40,20,14
2025-10-01,6,103,32,32,0,18,12,14,20
2025-10-01,6,104,166,165,1,124,110,41,55
2025-10-01,6,105,77,77,0,47,48,30,29
2025-10-01,6,106,63,63,0,32,29,31,34
2025-10-01,6,107,190,189,1,134,113,55,76
2025-10-01,6,110,31,31,0,24,24,7,7
2025-10-01,6,111,499,486,13,346,348,140,138
2025-10-01,6,112,83,83,0,66,72,17,11
2025-10-01,6,113,262,244,18,203,204,41,40
2025-10-01,6,117,308,305,3,231,219,74,86
2025-10-01,6,118,34,34,0,30,28,4,6
2025-10-01,6,119,66,66,0,57,57,9,9
2025-10-01,6,120,31,31,0,19,24,12,7
2025-10-01,6,121,773,744,29,534,494,210,250
2025-10-01,6,122,191,188,3,127,111,61,77
2025-10-01,6,124,63,63,0,42,39,21,24
2025-10-01,6,126,142,141,1,117,120,24,21
2025-10-01,7,8,10,10,0,2,3,8,7
2025-10-01,7,34,3,3,0,1,2,2,1
2025-10-01,7,49,10,10,0,7,8,3,2
2025-10-01,7,64,16,15,1,5,7,10,8
2025-10-01,7,65,3,3,0,1,0,2,3
2025-10-01,7,89,5,5,0,4,4,1,1
2025-10-01,7,90,10,10,0,7,9,3,1
2025-10-01,7,92,3,3,0,2,2,1,1
2025-10-01,7,93,10,10,0,8,9,2,1
2025-10-01,7,94,16,15,1,8,8,7,7
2025-10-01,7,95,3,3,0,2,1,1,2
2025-10-01,7,97,5,5,0,4,4,1,1
2025-10-01,7,98,9,9,0,4,3,5,6
2025-10-01,7,100,9,9,0,1,4,8,5
2025-11-01,2,2,38,37,1,23,31,14,6
2025-11-01,2,6,38,37,1,33,35,4,2
2025-11-01,2,7,155,150,5,83,91,67,59
2025-11-01,2,8,30,30,0,25,19,5,11
2025-11-01,2,10,148,133,15,75,85,58,48
2025-11-01,2,14,17,17,0,14,17,3,0
2025-11-01,2,15,83,80,3,69,60,11,20
2025-11-01,2,16,39,38,1,31,22,7,16
2025-11-01,2,17,84,84,0,53,55,31,29
2025-11-01,2,18,29,29,0,24,23,5,6
2025-11-01,2,19,17,17,0,11,9,6,8
2025-11-01,2,23,26,25,1,23,23,2,2
2025-11-01,2,24,22,22,0,20,20,2,2
2025-11-01,2,25,30,30,0,14,14,16,16
2025-11-01,2,26,179,160,19,80,70,80,90
2025-11-01,2,28,56,55,1,39,35,16,20
2025-11-01,2,29,30,30,0,14,6,16,24
2025-11-01,2,30,43,43,0,33,34,10,9
2025-11-01,2,32,222,199,23,120,109,79,90
2025-11-01,2,33,67,62,5,42,42,20,20
2025-11-01,2,36,85,85,0,65,60,20,25
2025-11-01,2,37,73,72,1,38,41,34,31
2025-11-01,2,38,90,90,0,65,66,25,24
2025-11-01,2,41,30,29,1,18,18,11,11
2025-11-01,2,42,13,13,0,9,9,4,4
2025-11-01,2,43,30,30,0,26,26,4,4
2025-11-01,2,47,18,18,0,8,9,10,9
2025-11-01,2,48,18,16,2,1,3,15,13
2025-11-01,2,55,38,37,1,32,30,5,7
2025-11-01,2,56,12,12,0,12,11,0,1
2025-11-01,2,57,211,202,9,145,140,57,62
2025-11-01,2,58,216,204,12,157,147,47,57
2025-11-01,2,61,25,24,1,21,20,3,4
2025-11-01,2,62,160,156,4,90,90,66,66
2025-11-01,2,63,82,78,4,58,60,20,18
2025-11-01,2,66,21,21,0,17,17,4,4
2025-11-01,2,67,86,84,2,49,51,35,33
2025-11-01,2,68,52,49,3,38,37,11,12
2025-11-01,2,69,30,30,0,15,15,15,15
2025-11-01,2,70,155,150,5,83,79,67,71
2025-11-01,2,71,17,17,0,16,14,1,3
2025-11-01,2,72,179,162,17,73,82,89,80
2025-11-01,2,73,72,71,1,29,38,42,33
2025-11-01,2,74,31,31,0,22,25,9,6
2025-11-01,2,75,18,17,1,4,2,13,15
2025-11-01,2,77,210,201,9,124,141,77,60
2025-11-01,2,78,159,155,4,89,94,66,61
2025-11-01,2,79,86,84,2,47,53,37,31
2025-11-01,2,81,55,55,0,42,43,13,12
2025-11-01,2,82,77,76,1,32,22,44,54
2025-11-01,2,83,86,85,1,46,46,39,39
2025-11-01,2,84,499,455,44,258,271,197,184
2025-11-01,2,87,56,55,1,31,31,24,24
2025-11-01,2,88,55,55,0,41,41,14,14
2025-11-01,2,90,30,30,0,17,22,13,8
2025-11-01,2,91,30,26,4,6,13,20,13
2025-11-01,2,96,77,76,1,42,48,34,28
2025-11-01,2,99,56,51,5,18,32,33,19
2025-11-01,2,103,43,42,1,29,26,13,16
2025-11-01,2,105,86,85,1,42,44,43,41
2025-11-01,2,106,103,99,4,64,63,35,36
2025-11-01,2,107,148,134,14,92,78,42,56
2025-11-01,2,110,83,81,2,67,70,14,11
2025-11-01,2,111,222,197,25,111,119,86,78
2025-11-01,2,112,90,90,0,70,71,20,19
2025-11-01,2,117,217,204,13,158,155,46,49
2025-11-01,2,119,82,79,3,59,59,20,20
2025-11-01,2,120,52,50,2,37,41,13,9
2025-11-01,2,121,500,454,46,268,278,186,176
2025-11-01,2,122,56,52,4,35,25,17,27
2025-11-01,2,124,103,100,3,73,72,27,28
2025-11-01,2,126,65,59,6,38,40,21,19
2025-11-01,3,7,253,248,5,172,164,76,84
2025-11-01,3,8,97,97,0,85,76,12,21
2025-11-01,3,10,247,241,6,164,179,77,62
2025-11-01,3,17,16,16,0,14,14,2,2
2025-11-01,3,19,30,29,1,24,21,5,8
2025-11-01,3,25,4,4,0,4,4,0,0
2025-11-01,3,26,232,223,9,178,152,45,71
2025-11-01,3,27,40,40,0,36,35,4,5
2025-11-01,3,29,165,164,1,135,52,29,112
2025-11-01,3,32,570,546,24,412,360,134,186
2025-11-01,3,33,16,16,0,15,15,1,1
2025-11-01,3,36,16,16,0,13,12,3,4
2025-11-01,3,37,30,30,0,24,21,6,9
2025-11-01,3,38,38,38,0,25,21,13,17
2025-11-01,3,43,8,8,0,7,7,1,1
2025-11-01,3,47,30,29,1,21,19,8,10
2025-11-01,3,48,30,28,2,20,21,8,7
2025-11-01,3,49,12,11,1,10,8,1,3
2025-11-01,3,57,57,57,0,42,39,15,18
2025-11-01,3,58,127,127,0,93,77,34,50
2025-11-01,3,60,30,30,0,16,14,14,16
2025-11-01,3,62,7,7,0,4,6,3,1
2025-11-01,3,63,88,84,4,61,57,23,27
2025-11-01,3,64,8,8,0,5,5,3,3
2025-11-01,3,65,7,7,0,6,6,1,1
2025-11-01,3,69,4,4,0,4,4,0,0
2025-11-01,3,70,254,250,4,180,167,70,83
2025-11-01,3,72,232,223,9,163,181,60,42
2025-11-01,3,73,30,30,0,24,25,6,5
2025-11-01,3,74,8,8,0,6,8,2,0
2025-11-01,3,75,30,28,2,18,9,10,19
2025-11-01,3,77,58,58,0,46,44,12,14
2025-11-01,3,78,7,7,0,7,7,0,0
2025-11-01,3,82,201,199,2,138,110,61,89
2025-11-01,3,83,40,40,0,33,33,7,7
2025-11-01,3,84,834,796,38,575,529,221,267
2025-11-01,3,86,40,40,0,30,37,10,3
2025-11-01,3,89,5,5,0,4,4,1,1
2025-11-01,3,90,96,96,0,91,92,5,4
2025-11-01,3,91,166,164,2,114,137,50,27
2025-11-01,3,93,12,11,1,9,10,2,1
2025-11-01,3,94,8,8,0,8,7,0,1
2025-11-01,3,95,7,7,0,5,7,2,0
2025-11-01,3,96,201,198,3,160,144,38,54
2025-11-01,3,97,5,5,0,4,4,1,1
2025-11-01,3,99,210,204,6,116,140,88,64
2025-11-01,3,105,40,39,1,22,18,17,21
2025-11-01,3,106,55,55,0,45,42,10,13
2025-11-01,3,107,245,239,6,184,137,55,102
2025-11-01,3,111,566,543,23,389,387,154,156
2025-11-01,3,112,38,38,0,25,26,13,12
2025-11-01,3,117,129,129,0,82,82,47,47
2025-11-01,3,118,30,30,0,22,24,8,6
2025-11-01,3,119,88,85,3,59,59,26,26
2025-11-01,3,121,836,801,35,580,515,221,286
2025-11-01,3,122,210,207,3,138,77,69,130
2025-11-01,3,124,57,57,0,34,34,23,23
2025-11-01,3,126,16,16,0,14,14,2,2
2025-11-01,4,1,30,28,2,23,21,5,7
2025-11-01,4,2,181,176,5,117,137,59,39
2025-11-01,4,4,110,108,2,85,87,23,21
2025-11-01,4,7,42,39,3,33,30,6,9
2025-11-01,4,9,98,93,5,79,78,14,15
2025-11-01,4,11,98,94,4,62,66,32,28
2025-11-01,4,12,30,28,2,17,16,11,12
2025-11-01,4,15,32,28,4,20,18,8,10
2025-11-01,4,16,181,177,4,120,76,57,101
2025-11-01,4,17,158,156,2,96,108,60,48
2025-11-01,4,18,167,161,6,116,102,45,59
2025-11-01,4,20,119,116,3,93,92,23,24
2025-11-01,4,21,130,123,7,89,91,34,32
2025-11-01,4,22,30,30,0,23,21,7,9
2025-11-01,4,23,18,18,0,15,15,3,3
2025-11-01,4,25,184,176,8,133,129,43,47
2025-11-01,4,26,194,182,12,109,59,73,123
2025-11-01,4,27,15,15,0,13,12,2,3
2025-11-01,4,28,85,84,1,59,51,25,33
2025-11-01,4,31,172,167,5,103,112,64,55
2025-11-01,4,33,161,155,6,103,97,52,58
2025-11-01,4,34,75,75,0,64,68,11,7
2025-11-01,4,36,159,156,3,121,120,35,36
2025-11-01,4,40,110,109,1,80,75,29,34
2025-11-01,4,41,166,156,10,114,112,42,44
2025-11-01,4,43,209,195,14,122,121,73,74
2025-11-01,4,44,416,391,25,254,263,137,128
2025-11-01,4,45,110,100,10,72,66,28,34
2025-11-01,4,49,18,17,1,12,8,5,9
2025-11-01,4,51,98,93,5,70,65,23,28
2025-11-01,4,52,102,100,2,70,72,30,28
2025-11-01,4,53,118,115,3,94,97,21,18
2025-11-01,4,54,130,121,9,92,93,29,28
2025-11-01,4,59,30,30,0,18,17,12,13
2025-11-01,4,61,18,18,0,10,10,8,8
2025-11-01,4,62,108,106,2,77,71,29,35
2025-11-01,4,64,66,61,5,43,45,18,16
2025-11-01,4,65,163,161,2,126,129,35,32
2025-11-01,4,67,107,94,13,61,58,33,36
2025-11-01,4,68,30,30,0,19,17,11,13
2025-11-01,4,69,188,179,9,153,154,26,25
2025-11-01,4,70,42,39,3,21,14,18,25
2025-11-01,4,72,195,183,12,89,96,94,87
2025-11-01,4,74,210,197,13,108,121,89,76
2025-11-01,4,76,97,93,4,50,61,43,32
2025-11-01,4,78,108,106,2,68,72,38,34
2025-11-01,4,79,108,95,13,55,56,40,39
2025-11-01,4,80,90,86,4,49,52,37,34
2025-11-01,4,81,50,49,1,31,34,18,15
2025-11-01,4,84,25,25,0,23,22,2,3
2025-11-01,4,85,90,87,3,64,68,23,19
2025-11-01,4,86,15,15,0,13,13,2,2
2025-11-01,4,87,85,84,1,62,62,22,22
2025-11-01,4,88,50,50,0,36,37,14,13
2025-11-01,4,89,118,115,3,92,89,23,26
2025-11-01,4,92,75,75,0,56,56,19,19
2025-11-01,4,93,18,17,1,14,13,3,4
2025-11-01,4,94,66,62,4,52,50,10,12
2025-11-01,4,95,163,163,0,130,128,33,35
2025-11-01,4,97,118,117,1,105,98,12,19
2025-11-01,4,98,135,133,2,116,113,17,20
2025-11-01,4,100,135,132,3,108,90,24,42
2025-11-01,4,101,98,93,5,83,83,10,10
2025-11-01,4,102,110,106,4,87,82,19,24
2025-11-01,4,104,172,166,6,125,126,41,40
2025-11-01,4,108,98,94,4,63,60,31,34
2025-11-01,4,110,32,27,5,11,13,16,14
2025-11-01,4,113,416,396,20,284,269,112,127
2025-11-01,4,114,110,101,9,67,70,34,31
2025-11-01,4,116,102,100,2,71,73,29,27
2025-11-01,4,120,30,30,0,14,17,16,13
2025-11-01,4,121,25,24,1,13,10,11,14
2025-11-01,4,123,110,106,4,80,85,26,21
2025-11-01,4,125,103,99,4,77,79,22,20
2025-11-01,4,126,161,155,6,109,110,46,45
2025-11-01,4,128,103,98,5,79,78,19,20
2025-11-01,5,9,150,140,10,103,92,37,48
2025-11-01,5,11,79,78,1,68,65,10,13
2025-11-01,5,45,79,79,0,51,45,28,34
2025-11-01,5,51,47,46,1,36,35,10,11
2025-11-01,5,52,126,122,4,85,80,37,42
2025-11-01,5,76,47,46,1,38,36,8,10
2025-11-01,5,80,99,99,0,64,57,35,42
2025-11-01,5,85,99,99,0,60,55,39,44
2025-11-01,5,101,151,141,10,99,96,42,45
2025-11-01,5,102,75,75,0,54,46,21,29
2025-11-01,5,108,79,78,1,60,57,18,21
2025-11-01,5,114,79,79,0,51,55,28,24
2025-11-01,5,116,118,115,3,84,87,31,28
2025-11-01,5,123,76,75,1,51,54,24,21
2025-11-01,5,125,91,89,2,56,57,33,32
2025-11-01,5,128,91,89,2,61,56,28,33
2025-11-01,6,1,12,12,0,1,4,11,8
2025-11-01,6,2,157,153,4,93,111,60,42
2025-11-01,6,4,17,17,0,15,15,2,2
2025-11-01,6,6,30,30,0,28,29,2,1
2025-11-01,6,7,287,284,3,180,183,104,101
2025-11-01,6,8,65,64,1,31,33,33,31
2025-11-01,6,10,175,170,5,93,102,77,68
2025-11-01,6,12,12,12,0,3,4,9,8
2025-11-01,6,14,13,13,0,5,11,8,2
2025-11-01,6,15,31,31,0,21,23,10,8
2025-11-01,6,16,156,154,2,123,93,31,61
2025-11-01,6,17,140,140,0,100,105,40,35
2025-11-01,6,18,107,106,1,78,70,28,36
2025-11-01,6,19,30,29,1,22,21,7,8
2025-11-01,6,20,25,25,0,20,20,5,5
2025-11-01,6,21,34,34,0,24,26,10,8
2025-11-01,6,22,35,35,0,30,31,5,4
2025-11-01,6,23,51,51,0,33,31,18,20
2025-11-01,6,24,18,18,0,12,10,6,8
2025-11-01,6,25,131,130,1,98,103,32,27
2025-11-01,6,26,466,458,8,314,216,144,242
2025-11-01,6,27,12,12,0,9,6,3,6
2025-11-01,6,28,80,80,0,51,48,29,32
2025-11-01,6,29,121,120,1,47,29,73,91
2025-11-01,6,30,35,35,0,28,30,7,5
2025-11-01,6,31,155,154,1,111,110,43,44
2025-11-01,6,32,486,475,11,354,291,121,184
2025-11-01,6,33,140,136,4,115,119,21,17
2025-11-01,6,34,42,41,1,31,32,10,9
2025-11-01,6,36,140,140,0,95,105,45,35
2025-11-01,6,37,69,69,0,43,39,26,30
2025-11-01,6,38,77,77,0,56,53,21,24
2025-11-01,6,40,17,17,0,15,15,2,2
2025-11-01,6,41,107,106,1,74,86,32,20
2025-11-01,6,42,30,30,0,23,24,7,6
2025-11-01,6,43,123,123,0,101,105,22,18
2025-11-01,6,44,241,232,9,200,197,32,35
2025-11-01,6,47,30,29,1,13,15,16,14
2025-11-01,6,48,17,16,1,5,9,11,7
2025-11-01,6,49,9,8,1,4,4,4,4
2025-11-01,6,53,25,25,0,21,21,4,4
2025-11-01,6,54,34,34,0,27,27,7,7
2025-11-01,6,55,30,30,0,27,19,3,11
2025-11-01,6,56,30,30,0,24,25,6,5
2025-11-01,6,57,270,269,1,182,174,87,95
2025-11-01,6,58,300,298,2,197,189,101,109
2025-11-01,6,59,35,35,0,26,27,9,8
2025-11-01,6,60,27,27,0,10,3,17,24
2025-11-01,6,61,51,50,1,23,28,27,22
2025-11-01,6,62,129,128,1,87,94,41,34
2025-11-01,6,63,77,74,3,51,55,23,19
2025-11-01,6,64,87,83,4,46,43,37,40
2025-11-01,6,65,58,58,0,52,52,6,6
2025-11-01,6,66,18,18,0,7,8,11,10
2025-11-01,6,67,90,90,0,63,69,27,21
2025-11-01,6,68,30,30,0,12,14,18,16
2025-11-01,6,69,131,130,1,113,112,17,18
2025-11-01,6,70,287,282,5,207,160,75,122
2025-11-01,6,71,13,13,0,7,9,6,4
2025-11-01,6,72,473,466,7,333,319,133,147
2025-11-01,6,73,68,68,0,47,47,21,21
2025-11-01,6,74,123,123,0,92,98,31,25
2025-11-01,6,75,17,16,1,9,9,7,7
2025-11-01,6,77,270,269,1,185,192,84,77
2025-11-01,6,78,129,128,1,79,86,49,42
2025-11-01,6,79,90,89,1,56,54,33,35
2025-11-01,6,81,44,44,0,31,33,13,11
2025-11-01,6,82,250,247,3,167,133,80,114
2025-11-01,6,83,80,80,0,63,72,17,8
2025-11-01,6,84,764,738,26,536,452,202,286
2025-11-01,6,86,12,12,0,5,10,7,2
2025-11-01,6,87,80,80,0,56,53,24,27
2025-11-01,6,88,44,44,0,33,28,11,16
2025-11-01,6,89,47,47,0,34,25,13,22
2025-11-01,6,90,65,65,0,49,44,16,21
2025-11-01,6,91,120,119,1,50,74,69,45
2025-11-01,6,92,42,41,1,29,32,12,9
2025-11-01,6,93,8,8,0,7,4,1,4
2025-11-01,6,94,87,84,3,66,59,18,25
2025-11-01,6,95,58,58,0,51,50,7,8
2025-11-01,6,96,258,253,5,176,193,77,60
2025-11-01,6,97,47,47,0,40,41,7,6
2025-11-01,6,98,48,48,0,38,36,10,12
2025-11-01,6,99,170,170,0,118,139,52,31
2025-11-01,6,100,48,48,0,27,22,21,26
2025-11-01,6,103,35,35,0,22,20,13,15
2025-11-01,6,104,155,153,2,114,98,39,55
2025-11-01,6,105,80,80,0,65,58,15,22
2025-11-01,6,106,61,60,1,35,24,25,36
2025-11-01,6,107,175,171,4,116,88,55,83
2025-11-01,6,110,31,31,0,24,25,7,6
2025-11-01,6,111,479,468,11,315,304,153,164
2025-11-01,6,112,77,77,0,64,63,13,14
2025-11-01,6,113,240,231,9,183,196,48,35
2025-11-01,6,117,300,298,2,234,217,64,81
2025-11-01,6,118,27,27,0,21,15,6,12
2025-11-01,6,119,76,75,1,60,60,15,15
2025-11-01,6,120,30,30,0,22,22,8,8
2025-11-01,6,121,760,733,27,529,496,204,237
2025-11-01,6,122,182,180,2,119,90,61,90
2025-11-01,6,124,60,60,0,41,40,19,20
2025-11-01,6,126,140,136,4,109,111,27,25
2025-11-01,7,8,8,8,0,1,1,7,7
2025-11-01,7,34,9,9,0,4,5,5,4
2025-11-01,7,49,11,10,1,5,6,5,4
2025-11-01,7,64,11,11,0,8,8,3,3
2025-11-01,7,65,16,16,0,9,9,7,7
2025-11-01,7,89,6,6,0,4,3,2,3
2025-11-01,7,90,8,8,0,5,6,3,2
2025-11-01,7,92,9,9,0,5,6,4,3
2025-11-01,7,93,11,10,1,9,8,1,2
2025-11-01,7,94,11,11,0,8,8,3,3
2025-11-01,7,95,16,16,0,11,11,5,5
2025-11-01,7,97,6,6,0,4,3,2,3
2025-11-01,7,98,10,10,0,6,8,4,2
2025-11-01,7,100,10,10,0,5,6,5,4
2025-12-01,2,2,58,57,1,32,41,25,16
2025-12-01,2,6,40,40,0,37,37,3,3
2025-12-01,2,7,177,173,4,105,108,68,65
2025-12-01,2,8,34,33,1,23,26,10,7
2025-12-01,2,10,165,163,2,118,121,45,42
2025-12-01,2,14,20,20,0,15,16,5,4
2025-12-01,2,15,88,88,0,74,72,14,16
2025-12-01,2,16,58,56,2,33,30,23,26
2025-12-01,2,17,97,97,0,66,66,31,31
2025-12-01,2,18,31,31,0,15,14,16,17
2025-12-01,2,19,25,24,1,15,18,9,6
2025-12-01,2,23,40,40,0,30,29,10,11
2025-12-01,2,24,27,27,0,25,22,2,5
2025-12-01,2,25,31,31,0,14,16,17,15
2025-12-01,2,26,233,224,9,110,110,114,114
2025-12-01,2,28,61,61,0,48,43,13,18
2025-12-01,2,29,31,31,0,11,17,20,14
2025-12-01,2,30,44,44,0,31,30,13,14
2025-12-01,2,32,245,230,15,137,134,93,96
2025-12-01,2,33,71,71,0,45,52,26,19
2025-12-01,2,36,97,97,0,74,75,23,22
2025-12-01,2,37,84,84,0,58,58,26,26
2025-12-01,2,38,112,110,2,80,81,30,29
2025-12-01,2,41,31,30,1,15,17,15,13
2025-12-01,2,42,16,16,0,12,13,4,3
2025-12-01,2,43,31,31,0,18,22,13,9
2025-12-01,2,47,25,24,1,15,14,9,10
2025-12-01,2,48,26,26,0,13,13,13,13
2025-12-01,2,55,40,40,0,37,37,3,3
2025-12-01,2,56,16,16,0,14,14,2,2
2025-12-01,2,57,268,259,9,183,192,76,67
2025-12-01,2,58,255,251,4,185,190,66,61
2025-12-01,2,61,40,40,0,27,31,13,9
2025-12-01,2,62,213,212,1,119,125,93,87
2025-12-01,2,63,125,123,2,83,88,40,35
2025-12-01,2,66,27,27,0,26,25,1,2
2025-12-01,2,67,130,129,1,77,75,52,54
2025-12-01,2,68,57,57,0,46,46,11,11
2025-12-01,2,69,31,31,0,17,17,14,14
2025-12-01,2,70,177,172,5,95,94,77,78
2025-12-01,2,71,20,20,0,16,15,4,5
2025-12-01,2,72,233,224,9,111,110,113,114
2025-12-01,2,73,84,84,0,44,50,40,34
2025-12-01,2,74,31,31,0,19,21,12,10
2025-12-01,2,75,26,26,0,15,15,11,11
2025-12-01,2,77,269,260,9,161,175,99,85
2025-12-01,2,78,212,211,1,126,118,85,93
2025-12-01,2,79,131,130,1,73,69,57,61
2025-12-01,2,81,62,62,0,42,45,20,17
2025-12-01,2,82,88,88,0,50,52,38,36
2025-12-01,2,83,87,87,0,52,54,35,33
2025-12-01,2,84,534,511,23,300,329,211,182
2025-12-01,2,87,61,61,0,39,42,22,19
2025-12-01,2,88,62,61,1,46,46,15,15
2025-12-01,2,90,34,33,1,22,20,11,13
2025-12-01,2,91,31,30,1,16,17,14,13
2025-12-01,2,96,88,86,2,49,54,37,32
2025-12-01,2,99,60,59,1,36,43,23,16
2025-12-01,2,103,44,44,0,28,28,16,16
2025-12-01,2,105,88,86,2,51,53,35,33
2025-12-01,2,106,113,111,2,75,79,36,32
2025-12-01,2,107,165,163,2,121,115,42,48
2025-12-01,2,110,87,87,0,70,72,17,15
2025-12-01,2,111,245,229,16,142,153,87,76
2025-12-01,2,112,112,111,1,80,86,31,25
2025-12-01,2,117,256,252,4,187,189,65,63
2025-12-01,2,119,125,124,1,91,88,33,36
2025-12-01,2,120,57,57,0,47,45,10,12
2025-12-01,2,121,534,508,26,329,346,179,162
2025-12-01,2,122,60,60,0,40,42,20,18
2025-12-01,2,124,113,112,1,78,84,34,28
2025-12-01,2,126,71,71,0,41,46,30,25
2025-12-01,3,7,222,219,3,166,149,53,70
2025-12-01,3,8,101,101,0,92,85,9,16
2025-12-01,3,10,246,241,5,181,191,60,50
2025-12-01,3,17,7,7,0,6,6,1,1
2025-12-01,3,19,36,36,0,30,31,6,5
2025-12-01,3,25,3,3,0,3,3,0,0
2025-12-01,3,26,131,128,3,104,94,24,34
2025-12-01,3,27,28,28,0,24,25,4,3
2025-12-01,3,29,167,167,0,139,119,28,48
2025-12-01,3,32,525,511,14,401,369,110,142
2025-12-01,3,33,9,9,0,9,8,0,1
2025-12-01,3,36,8,8,0,7,8,1,0
2025-12-01,3,37,32,32,0,25,23,7,9
2025-12-01,3,38,47,47,0,36,36,11,11
2025-12-01,3,43,1,1,0,1,1,0,0
2025-12-01,3,47,36,36,0,30,29,6,7
2025-12-01,3,48,33,33,0,29,29,4,4
2025-12-01,3,49,14,14,0,14,10,0,4
2025-12-01,3,57,74,74,0,55,57,19,17
2025-12-01,3,58,140,140,0,122,117,18,23
2025-12-01,3,60,39,39,0,21,25,18,14
2025-12-01,3,62,14,14,0,8,9,6,5
2025-12-01,3,63,89,89,0,67,72,22,17
2025-12-01,3,64,8,8,0,5,5,3,3
2025-12-01,3,65,9,9,0,7,7,2,2
2025-12-01,3,69,3,3,0,3,3,0,0
2025-12-01,3,70,222,220,2,173,168,47,52
2025-12-01,3,72,130,129,1,97,100,32,29
2025-12-01,3,73,33,33,0,28,25,5,8
2025-12-01,3,74,1,1,0,1,1,0,0
2025-12-01,3,75,33,33,0,24,20,9,13
2025-12-01,3,77,74,74,0,59,59,15,15
2025-12-01,3,78,14,14,0,8,9,6,5
2025-12-01,3,82,218,214,4,166,143,48,71
2025-12-01,3,83,51,51,0,44,44,7,7
2025-12-01,3,84,705,687,18,531,520,156,167
2025-12-01,3,86,28,28,0,22,24,6,4
2025-12-01,3,89,6,6,0,6,6,0,0
2025-12-01,3,90,101,101,0,93,91,8,10
2025-12-01,3,91,166,166,0,135,119,31,47
2025-12-01,3,93,14,14,0,14,14,0,0
2025-12-01,3,94,8,8,0,7,7,1,1
2025-12-01,3,95,9,9,0,9,9,0,0
2025-12-01,3,96,219,212,7,168,143,44,69
2025-12-01,3,97,6,6,0,6,6,0,0
2025-12-01,3,99,223,220,3,163,157,57,63
2025-12-01,3,105,51,51,0,37,35,14,16
2025-12-01,3,106,32,32,0,28,27,4,5
2025-12-01,3,107,246,243,3,192,176,51,67
2025-12-01,3,111,522,508,14,388,393,120,115
2025-12-01,3,112,47,47,0,41,37,6,10
2025-12-01,3,117,140,140,0,111,117,29,23
2025-12-01,3,118,39,39,0,28,29,11,10
2025-12-01,3,119,89,89,0,70,75,19,14
2025-12-01,3,121,706,689,17,533,498,156,191
2025-12-01,3,122,224,222,2,158,144,64,78
2025-12-01,3,124,31,31,0,21,22,10,9
2025-12-01,3,126,9,9,0,9,9,0,0
2025-12-01,4,1,31,31,0,27,28,4,3
2025-12-01,4,2,169,165,4,142,146,23,19
2025-12-01,4,4,93,92,1,72,75,20,17
2025-12-01,4,7,52,51,1,49,42,2,9
2025-12-01,4,9,96,93,3,74,75,19,18
2025-12-01,4,11,93,93,0,73,73,20,20
2025-12-01,4,12,31,31,0,26,26,5,5
2025-12-01,4,15,58,55,3,45,46,10,9
2025-12-01,4,16,169,167,2,125,122,42,45
2025-12-01,4,17,164,164,0,118,117,46,47
2025-12-01,4,18,148,146,2,106,109,40,37
2025-12-01,4,20,106,104,2,87,83,17,21
2025-12-01,4,21,118,109,9,86,87,23,22
2025-12-01,4,22,35,34,1,28,27,6,7
2025-12-01,4,23,32,32,0,24,15,8,17
2025-12-01,4,24,10,10,0,8,4,2,6
2025-12-01,4,25,173,170,3,135,134,35,36
2025-12-01,4,26,293,278,15,166,137,112,141
2025-12-01,4,27,26,26,0,20,21,6,5
2025-12-01,4,28,83,83,0,70,66,13,17
2025-12-01,4,31,151,149,2,111,115,38,34
2025-12-01,4,33,146,143,3,110,107,33,36
2025-12-01,4,34,77,74,3,62,62,12,12
2025-12-01,4,36,165,165,0,136,140,29,25
2025-12-01,4,40,93,93,0,81,82,12,11
2025-12-01,4,41,148,144,4,102,102,42,42
2025-12-01,4,43,204,189,15,120,122,69,67
2025-12-01,4,44,331,308,23,228,234,80,74
2025-12-01,4,45,114,104,10,76,79,28,25
2025-12-01,4,49,21,21,0,19,14,2,7
2025-12-01,4,51,102,99,3,65,64,34,35
2025-12-01,4,52,98,96,2,67,73,29,23
2025-12-01,4,53,106,102,4,90,90,12,12
2025-12-01,4,54,119,110,9,89,93,21,17
2025-12-01,4,59,35,34,1,24,25,10,9
2025-12-01,4,61,32,32,0,14,20,18,12
2025-12-01,4,62,105,102,3,81,81,21,21
2025-12-01,4,64,63,62,1,51,52,11,10
2025-12-01,4,65,151,150,1,120,117,30,33
2025-12-01,4,66,10,9,1,5,7,4,2
2025-12-01,4,67,120,111,9,69,68,42,43
2025-12-01,4,68,44,43,1,25,22,18,21
2025-12-01,4,69,178,176,2,156,154,20,22
2025-12-01,4,70,51,51,0,35,30,16,21
2025-12-01,4,72,294,280,14,172,171,108,109
2025-12-01,4,74,203,187,16,125,130,62,57
2025-12-01,4,76,102,100,2,51,57,49,43
2025-12-01,4,78,105,103,2,61,66,42,37
2025-12-01,4,79,120,112,8,63,60,49,52
2025-12-01,4,80,92,88,4,43,52,45,36
2025-12-01,4,81,50,50,0,37,40,13,10
2025-12-01,4,84,26,23,3,21,16,2,7
2025-12-01,4,85,93,87,6,65,66,22,21
2025-12-01,4,86,26,26,0,22,23,4,3
2025-12-01,4,87,83,83,0,71,74,12,9
2025-12-01,4,88,50,50,0,43,43,7,7
2025-12-01,4,89,113,111,2,97,93,14,18
2025-12-01,4,92,78,76,2,62,66,14,10
2025-12-01,4,93,21,21,0,21,20,0,1
2025-12-01,4,94,63,62,1,55,55,7,7
2025-12-01,4,95,153,152,1,133,134,19,18
2025-12-01,4,97,111,111,0,98,97,13,14
2025-12-01,4,98,137,135,2,119,114,16,21
2025-12-01,4,100,136,132,4,106,98,26,34
2025-12-01,4,101,96,93,3,79,78,14,15
2025-12-01,4,102,109,108,1,86,84,22,24
2025-12-01,4,104,151,146,5,110,115,36,31
2025-12-01,4,106,43,42,1,22,23,20,19
2025-12-01,4,108,92,92,0,67,70,25,22
2025-12-01,4,110,58,56,2,42,42,14,14
2025-12-01,4,113,333,313,20,249,242,64,71
2025-12-01,4,114,112,103,9,64,72,39,31
2025-12-01,4,116,98,96,2,66,68,30,28
2025-12-01,4,120,44,44,0,21,24,23,20
2025-12-01,4,121,26,23,3,9,9,14,14
2025-12-01,4,123,108,107,1,81,86,26,21
2025-12-01,4,124,44,43,1,20,17,23,26
2025-12-01,4,125,101,99,2,79,77,20,22
2025-12-01,4,126,146,143,3,120,115,23,28
2025-12-01,4,128,102,100,2,77,81,23,19
2025-12-01,5,9,146,140,6,107,102,33,38
2025-12-01,5,11,61,61,0,56,54,5,7
2025-12-01,5,45,78,78,0,60,55,18,23
2025-12-01,5,51,45,43,2,33,31,10,12
2025-12-01,5,52,89,81,8,58,54,23,27
2025-12-01,5,76,45,44,1,35,34,9,10
2025-12-01,5,80,92,90,2,65,59,25,31
2025-12-01,5,85,93,91,2,64,60,27,31
2025-12-01,5,101,147,140,7,107,104,33,36
2025-12-01,5,102,74,70,4,53,45,17,25
2025-12-01,5,108,61,61,0,42,47,19,14
2025-12-01,5,114,77,77,0,53,59,24,18
2025-12-01,5,116,88,80,8,52,54,28,26
2025-12-01,5,123,73,70,3,47,49,23,21
2025-12-01,5,125,64,63,1,37,37,26,26
2025-12-01,5,128,63,62,1,45,40,17,22
2025-12-01,6,1,14,14,0,5,8,9,6
2025-12-01,6,2,157,155,2,123,126,32,29
2025-12-01,6,4,15,15,0,10,10,5,5
2025-12-01,6,6,38,38,0,30,32,8,6
2025-12-01,6,7,283,280,3,180,190,100,90
2025-12-01,6,8,79,77,2,45,48,32,29
2025-12-01,6,10,183,182,1,139,143,43,39
2025-12-01,6,12,14,14,0,5,5,9,9
2025-12-01,6,14,13,13,0,9,10,4,3
2025-12-01,6,15,32,32,0,26,27,6,5
2025-12-01,6,16,156,155,1,123,121,32,34
2025-12-01,6,17,149,149,0,125,127,24,22
2025-12-01,6,18,99,99,0,74,72,25,27
2025-12-01,6,19,31,31,0,27,27,4,4
2025-12-01,6,20,27,27,0,21,23,6,4
2025-12-01,6,21,36,36,0,29,29,7,7
2025-12-01,6,22,43,43,0,35,38,8,5
2025-12-01,6,23,57,57,0,41,35,16,22
2025-12-01,6,24,25,25,0,19,17,6,8
2025-12-01,6,25,136,136,0,110,119,26,17
2025-12-01,6,26,458,455,3,339,285,116,170
2025-12-01,6,27,14,14,0,14,11,0,3
2025-12-01,6,28,70,70,0,52,52,18,18
2025-12-01,6,29,147,147,0,78,82,69,65
2025-12-01,6,30,41,41,0,37,34,4,7
2025-12-01,6,31,146,146,0,107,102,39,44
2025-12-01,6,32,458,450,8,336,321,114,129
2025-12-01,6,33,149,145,4,116,123,29,22
2025-12-01,6,34,38,37,1,25,31,12,6
2025-12-01,6,36,149,149,0,117,123,32,26
2025-12-01,6,37,72,71,1,49,48,22,23
2025-12-01,6,38,91,90,1,73,75,17,15
2025-12-01,6,40,15,15,0,10,10,5,5
2025-12-01,6,41,98,98,0,71,75,27,23
2025-12-01,6,42,31,31,0,26,27,5,4
2025-12-01,6,43,123,123,0,99,103,24,20
2025-12-01,6,44,258,254,4,215,218,39,36
2025-12-01,6,47,31,31,0,25,28,6,3
2025-12-01,6,48,23,23,0,12,17,11,6
2025-12-01,6,49,10,10,0,7,7,3,3
2025-12-01,6,53,27,27,0,25,24,2,3
2025-12-01,6,54,36,36,0,31,29,5,7
2025-12-01,6,55,38,38,0,27,31,11,7
2025-12-01,6,56,31,31,0,23,27,8,4
2025-12-01,6,57,321,319,2,217,231,102,88
2025-12-01,6,58,344,344,0,240,260,104,84
2025-12-01,6,59,43,43,0,34,36,9,7
2025-12-01,6,60,34,34,0,16,12,18,22
2025-12-01,6,61,58,57,1,35,36,22,21
2025-12-01,6,62,141,141,0,93,98,48,43
2025-12-01,6,63,87,86,1,67,72,19,14
2025-12-01,6,64,90,90,0,57,53,33,37
2025-12-01,6,65,64,64,0,55,51,9,13
2025-12-01,6,66,25,25,0,17,18,8,7
2025-12-01,6,67,93,93,0,67,70,26,23
2025-12-01,6,68,36,36,0,20,18,16,18
2025-12-01,6,69,136,136,0,113,116,23,20
2025-12-01,6,70,283,281,2,213,168,68,113
2025-12-01,6,71,13,13,0,9,10,4,3
2025-12-01,6,72,465,461,4,342,316,119,145
2025-12-01,6,73,72,71,1,50,54,21,17
2025-12-01,6,74,124,124,0,102,103,22,21
2025-12-01,6,75,23,23,0,17,20,6,3
2025-12-01,6,77,320,319,1,231,247,88,72
2025-12-01,6,78,141,141,0,89,101,52,40
2025-12-01,6,79,93,93,0,63,63,30,30
2025-12-01,6,81,37,37,0,28,29,9,8
2025-12-01,6,82,269,266,3,169,160,97,106
2025-12-01,6,83,100,100,0,81,88,19,12
2025-12-01,6,84,753,736,17,567,489,169,247
2025-12-01,6,86,14,14,0,8,9,6,5
2025-12-01,6,87,71,71,0,58,57,13,14
2025-12-01,6,88,37,37,0,24,26,13,11
2025-12-01,6,89,51,50,1,39,35,11,15
2025-12-01,6,90,79,78,1,59,49,19,29
2025-12-01,6,91,143,143,0,85,80,58,63
2025-12-01,6,92,38,37,1,28,29,9,8
2025-12-01,6,93,10,10,0,9,8,1,2
2025-12-01,6,94,90,90,0,69,65,21,25
2025-12-01,6,95,64,64,0,60,58,4,6
2025-12-01,6,96,280,277,3,201,193,76,84
2025-12-01,6,97,50,50,0,43,40,7,10
2025-12-01,6,98,56,56,0,46,46,10,10
2025-12-01,6,99,190,188,2,149,152,39,36
2025-12-01,6,100,56,56,0,37,36,19,20
2025-12-01,6,103,41,41,0,30,33,11,8
2025-12-01,6,104,146,146,0,107,106,39,40
2025-12-01,6,105,100,100,0,78,78,22,22
2025-12-01,6,106,72,71,1,50,45,21,26
2025-12-01,6,107,183,182,1,152,144,30,38
2025-12-01,6,110,32,32,0,28,26,4,6
2025-12-01,6,111,454,449,5,335,331,114,118
2025-12-01,6,112,91,90,1,77,76,13,14
2025-12-01,6,113,257,252,5,197,213,55,39
2025-12-01,6,117,344,344,0,268,262,76,82
2025-12-01,6,118,34,34,0,25,20,9,14
2025-12-01,6,119,86,86,0,70,69,16,17
2025-12-01,6,120,36,36,0,26,25,10,11
2025-12-01,6,121,746,725,21,549,536,176,189
2025-12-01,6,122,202,201,1,130,140,71,61
2025-12-01,6,124,72,71,1,56,56,15,15
2025-12-01,6,126,145,145,0,113,109,32,36
2025-12-01,7,8,2,2,0,0,0,2,2
2025-12-01,7,34,9,9,0,2,5,7,4
2025-12-01,7,49,12,12,0,9,7,3,5
2025-12-01,7,64,12,12,0,5,5,7,7
2025-12-01,7,65,10,10,0,5,7,5,3
2025-12-01,7,89,9,9,0,4,3,5,6
2025-12-01,7,90,2,2,0,0,0,2,2
2025-12-01,7,92,9,9,0,5,6,4,3
2025-12-01,7,93,12,12,0,8,8,4,4
2025-12-01,7,94,12,12,0,7,7,5,5
2025-12-01,7,95,10,10,0,6,6,4,4
2025-12-01,7,97,9,9,0,5,4,4,5
2025-12-01,7,98,6,6,0,3,3,3,3
2025-12-01,7,100,6,6,0,1,1,5,5
